id,toifa,nomi,ishonch,sinf,dvigatel,reaktivlar,sharoit,molekulyar tenglama,qisqartirilgan ionli tenglama,kuzatish,cho'kma,gaz,issiqlik,kinetika,reaksiya ketmaydi,tushuntirish,tekshiruvchi xulosasi (to'g'ri / xato / tuzatish),izoh
aldegid-0001,aldegid-ketonlar,"Formaldegidning ""kumush ko'zgu"" reaksiyasi",o'rta,10-sinf,record,HCHO(aq) 1.3M + Tollens(aq),"qizdirish; ≥50°C; Toza (ishqor bilan yog'sizlantirilgan) probirkada iliq suv hammomida qizdiriladi.",HCHO + 4[Ag(NH3)2]OH → (NH4)2CO3 + 4Ag + 6NH3 + 2H2O,HCHO + 4[Ag(NH3)2]⁺ + 4OH⁻ → CO3²⁻ + 2NH4⁺ + 4Ag + 6NH3 + 2H2O,"Probirka devorida yaltiroq kumush qatlami (""kumush ko'zgu"") hosil bo'ladi. Formaldegid boshqa aldegidlarga qaraganda ko'proq kumush qaytaradi.",,,sezilarsiz,tez,,"Aldegidlar oson oksidlanadi va kumush(I) ionlarini metall kumushgacha qaytaradi — bu aldegid guruhiga sifat reaksiyasi. Formaldegid molekulasida ikki C–H bog'i bo'lgani uchun u karbonatgacha oksidlanib, bir molekulasi to'rtta kumush atomini qaytaradi.",,
aldegid-0003,aldegid-ketonlar,"Benzaldegidning ""kumush ko'zgu"" reaksiyasi",o'rta,litsey,record,C6H5CHO(l) + Tollens(aq),"qizdirish; ≥60°C; Aralashma chayqatib aralashtirilib, iliq suv hammomida qizdiriladi.",C6H5CHO + 2[Ag(NH3)2]OH → C6H5COONH4 + 2Ag + 3NH3 + H2O,C6H5CHO + 2[Ag(NH3)2]⁺ + 2OH⁻ → C6H5COO⁻ + NH4⁺ + 2Ag + 3NH3 + H2O,"Probirka devorida kumush qatlami yoki kulrang-qora kumush cho'kmasi hosil bo'ladi; alifatik aldegidlarga qaraganda sekinroq.",,,sezilarsiz,sekin,,Aromatik aldegidlar ham aldegid guruhi hisobiga Tollens reaktivini qaytaradi. Biroq ular Feling suyuqligini (mis(II) ionlarini) amalda qaytarmaydi — bu alifatik va aromatik aldegidlarni farqlash usuli.,,
aldegid-0006,aldegid-ketonlar,Formaldegidning Feling suyuqligi bilan reaksiyasi,o'rta,litsey,record,HCHO(aq) 1.3M + Feling(aq),"qizdirish; ≥80°C; Feling suyuqligi (CuSO₄ + segnet tuzining ishqoriy eritmasi) formalin bilan qaynaguncha qizdiriladi.",HCHO + 4Cu(OH)2 + 2NaOH → Na2CO3 + 2Cu2O↓ + 6H2O,HCHO + 4Cu(OH)2 + 2OH⁻ → CO3²⁻ + 2Cu2O↓ + 6H2O,"To'q ko'k eritma qizdirilganda xiralashadi, avval sariq-yashil, keyin g'isht-qizil cho'kma tushadi va ko'k rang kuchsizlanadi.",Cu2O #b8321e kukunsimon,,sezilarsiz,tez,,"Feling suyuqligi aldegidlarni aniqlash uchun ishlatiladigan mis(II) ning ishqoriy kompleks eritmasi. Aldegidlar uni qizdirilganda g'isht-qizil Cu₂O gacha qaytaradi; formaldegid ortiqcha reaktivda formiat orqali karbonatgacha oksidlanadi, shuning uchun bir molekulasi to'rtta Cu²⁺ ni qaytaradi.",,
aldegid-0007,aldegid-ketonlar,Benzaldegidning Feling suyuqligi bilan reaksiyaga kirishmasligi,o'rta,universitet,record,C6H5CHO(l) + Feling(aq),Aralashma qaynaguncha qizdiriladi.,,,"Qizdirilganda ham qizil cho'kma hosil bo'lmaydi; eritma ko'k rangligicha qoladi.",,,sezilarsiz,bir-zumda,ha,"Aromatik aldegidlar Tollens reaktivini qaytaradi, ammo Feling suyuqligi bilan odatda manfiy natija beradi. Shu sababli bu ikki reaktiv birgalikda alifatik va aromatik aldegidlarni farqlashga yordam beradi.",,
aldegid-0011,aldegid-ketonlar,Formaldegidning kislotali muhitda permanganat bilan to'liq oksidlanishi,o'rta,universitet,record,KMnO4(aq) 0.05M + H2SO4(aq) 1M + HCHO(aq) 1.3M,"muhit: kislotali; Ortiqcha permanganat bilan biroz isitiladi.",5HCHO + 4KMnO4 + 6H2SO4 → 5CO2↑ + 4MnSO4 + 2K2SO4 + 11H2O,5HCHO + 4MnO4⁻ + 12H⁺ → 5CO2↑ + 4Mn²⁺ + 11H2O,Permanganat rangsizlanadi va mayda gaz pufakchalari (CO₂) ajraladi.,,CO2,ekzotermik,tez,,"Formaldegid boshqa aldegidlardan farqli ravishda oksidlanganda chumoli kislota orqali uglerod(IV) oksidgacha oksidlanadi, chunki chumoli kislota molekulasida ham aldegid guruhi saqlanadi. Shuning uchun formaldegid eng kuchli qaytaruvchi aldegid hisoblanadi.",,
aldegid-0014,aldegid-ketonlar,Atsetaldegidning yodoform reaksiyasi,o'rta,litsey,record,CH3CHO(aq) 1M + Lugol(aq) + NaOH(aq) 2M,Atsetaldegid eritmasiga yodning KI dagi eritmasi va NaOH eritmasi qo'shiladi.,CH3CHO + 3I2 + 4NaOH → CHI3↓ + HCOONa + 3NaI + 3H2O,CH3CHO + 3I2 + 4OH⁻ → CHI3↓ + HCOO⁻ + 3I⁻ + 3H2O,Yod rangi yo'qoladi va och sariq yodoform cho'kmasi tushadi.,CHI3 #f2d23a mayda-kristall,,sezilarsiz,tez,,"Aldegidlar ichida faqat atsetaldegid CH₃–CO– guruhiga ega, shuning uchun yodoform reaksiyasini beradi; formaldegid va propanal bermaydi. Reaksiyada metil guruh yodoformga, aldegid guruhi esa formiatga aylanadi.",,
aldegid-0015,aldegid-ketonlar,Atsetaldegidga natriy gidrosulfitning birikishi,o'rta,litsey,record,CH3CHO(aq) 1M + NaHSO3(aq) 3M,"Natriy gidrosulfitning to'yingan eritmasi ishlatiladi; aralashma sovuq suvda sovitiladi.",CH3CHO + NaHSO3 → CH3CH(OH)SO3Na↓,CH3CHO + Na⁺ + HSO3⁻ → CH3CH(OH)SO3Na↓,Aralashma isiydi va sovitilganda oq kristall cho'kma ajraladi.,CH3CH(OH)SO3Na #f6f6f2 mayda-kristall,,ekzotermik,o'rtacha,,Aldegidlar va metilketonlar karbonil guruhi bo'yicha nukleofillarni biriktiradi. Gidrosulfitli birikmalar kristall holda ajraladi va kislota yoki ishqor ta'sirida qayta aldegidga parchalanadi — bu karbonil birikmalarni aralashmalardan ajratib tozalashda ishlatiladi.,,
aldegid-0016,aldegid-ketonlar,Asetonga natriy gidrosulfitning birikishi,o'rta,litsey,record,CH3COCH3(l) + NaHSO3(aq) 3M,Natriy gidrosulfitning to'yingan eritmasiga aseton qo'shib chayqatiladi va sovitiladi.,CH3COCH3 + NaHSO3 → (CH3)2C(OH)SO3Na↓,CH3COCH3 + Na⁺ + HSO3⁻ → (CH3)2C(OH)SO3Na↓,"Chayqatilganda aralashma isiydi, sovitilganda oq kristall massa ajraladi.",(CH3)2C(OH)SO3Na #f6f6f2 mayda-kristall,,ekzotermik,o'rtacha,,"Metilketonlar ham, aldegidlar kabi, natriy gidrosulfit bilan kristall birikmalar hosil qiladi; hajmli guruhli ketonlar esa fazoviy to'siq tufayli bu reaksiyani bermaydi. Reaksiya karbonil guruhning nukleofil birikishga moyilligini ko'rsatadi.",,
aldegid-0017,aldegid-ketonlar,Formaldegid va ammiakdan urotropin olish,o'rta,litsey,record,HCHO(aq) 13.3M + NH3(aq) 13.3M ≥1M,"Formalinga konsentrlangan ammiakli suv qo'shiladi; eritma bug'latilsa urotropin kristallari olinadi.",6HCHO + 4NH3 → (CH2)6N4 + 6H2O,,"Aralashma isiydi, formaldegid hidi yo'qoladi; eritma bug'latilganda rangsiz kristallar (urotropin) qoladi.",,,ekzotermik,o'rtacha,,"Formaldegid ammiak bilan kondensatlanib geksametilentetramin — urotropinni hosil qiladi. Urotropin tibbiyotda antiseptik, quruq yoqilg'i va fenol-formaldegid smolalarini qotiruvchi sifatida ishlatiladi; kislotali muhitda u yana formaldegid ajratadi.",,
aldegid-0019,aldegid-ketonlar,Atsetaldegidning aldol kondensatlanishi,o'rta,universitet,record,CH3CHO(aq) 1M + NaOH(aq) 0.1M,"≤30°C; katalizator: NaOH; muhit: ishqoriy; Atsetaldegidga sovuqda suyultirilgan ishqor eritmasi qo'shiladi.",2CH3CHO → CH3CH(OH)CH2CHO,,"Tashqi o'zgarish kam; aralashma sekin sarg'ayadi va atsetaldegidning o'tkir hidi kuchsizlanadi.",,,ekzotermik,sekin,,"α-Vodorod atomi bor aldegid va ketonlar asos katalizatori ishtirokida bir-biri bilan birikib, β-gidroksikarbonil birikmalar — aldollar hosil qiladi. Bu reaksiya uglerod zanjirini uzaytirishning muhim usuli.",,
aldegid-0020,aldegid-ketonlar,Aldolning qizdirilganda degidratlanishi — kroton aldegid hosil bo'lishi,o'rta,universitet,record,CH3CH(OH)CH2CHO(l) + NaOH(aq) 1M,"qizdirish; ≥80°C; katalizator: NaOH; Aldol ishqor ishtirokida qizdiriladi.",CH3CH(OH)CH2CHO → CH3CH=CHCHO + H2O,,"Qizdirilganda aralashma sarg'ayadi va o'tkir, ko'zni achishtiruvchi hidli kroton aldegid ajraladi.",,,sezilarsiz,o'rtacha,,"Aldollar qizdirilganda oson suv ajratib, karbonil guruh bilan tutashgan qo'shbog'li α,β-to'yinmagan aldegidlarga aylanadi (kroton kondensatlanish). Tutashgan tizim hosil bo'lishi reaksiyaning harakatlantiruvchi kuchi.",,
aldegid-0021,aldegid-ketonlar,Atsetaldegidning nikel katalizatorida gidrogenlanishi,o'rta,10-sinf,record,CH3CHO(l) + H2(g),"qizdirish; ≥150°C; katalizator: Ni; Atsetaldegid bug'i va vodorod qizdirilgan nikel ustidan o'tkaziladi.",CH3CHO + H2 → C2H5OH↑,,"Tashqi o'zgarish kam; kondensatlangan mahsulot kumush ko'zgu reaksiyasini bermaydi, yodoform reaksiyasini beradi.",,,ekzotermik,o'rtacha,,"Aldegidlar katalitik gidrogenlanganda birlamchi spirtlarga, ketonlar esa ikkilamchi spirtlarga qaytariladi. Bu reaksiya spirtlarning aldegidlarga oksidlanishiga teskari jarayon.",,
aldegid-0022,aldegid-ketonlar,Asetonning nikel katalizatorida gidrogenlanishi — propanol-2,o'rta,litsey,record,CH3COCH3(l) + H2(g),"qizdirish; ≥150°C; katalizator: Ni; Aseton bug'i va vodorod qizdirilgan nikel ustidan o'tkaziladi.",CH3COCH3 + H2 → CH3CH(OH)CH3↑,,"Kondensatlangan mahsulot asetonga xos hidga ega emas, natriy bilan vodorod ajratadi.",,,ekzotermik,o'rtacha,,"Ketonlar qaytarilganda ikkilamchi spirtlar hosil bo'ladi. Aseton va propanol-2 o'zaro oksidlanish-qaytarilish orqali bog'langan: propanol-2 CuO bilan asetonga oksidlanadi, aseton esa vodorod bilan propanol-2 ga qaytariladi.",,
aldegid-0024,aldegid-ketonlar,Kalsiy atsetatning termik parchalanishi — aseton olish,o'rta,litsey,record,(CH3COO)2Ca(s),"qizdirish; ≥400°C; Suvsiz kalsiy atsetat quruq probirkada kuchli qizdiriladi; bug'lar sovutilgan qabul qiluvchiga haydaladi.",(CH3COO)2Ca → CH3COCH3↑ + CaCO3,,"Kuchli qizdirilganda probirkadan bug'lar ajraladi, sovutilgan qabul qiluvchida o'ziga xos hidli uchuvchan suyuqlik — aseton yig'iladi; probirkada oq CaCO₃ qoladi.",,,endotermik,o'rtacha,,"Karbon kislotalarning kalsiy yoki bariy tuzlari qizdirilganda ketonlar hosil bo'ladi; tarixan aseton shu usulda (yog'ochni quruq haydash mahsulotlaridan) olingan. Qoldiqdagi karbonat kislota bilan CO₂ ajratadi.",,
amfot-0027,amfoter-kompleks,Temir(III) gidroksidning suyultirilgan ishqorda erimasligi,o'rta,9-sinf,record,Fe(OH)3(s) kukun + NaOH(aq) 2M,,,,"Qizil-qo'ng'ir cho'kma suyultirilgan ishqorda erimaydi, o'zgarish kuzatilmaydi.",,,sezilarsiz,bir-zumda,ha,"Temir(III) gidroksid suyultirilgan ishqorlarda erimaydi; u faqat konsentrlangan ishqorlarda qizdirilganda yoki suyuqlantirilganda qisman reaksiyaga kirishadi. Shuning uchun Fe(OH)3 kuchsiz amfoter gidroksid hisoblanadi va Al³⁺ ni Fe³⁺ dan ortiqcha ishqor yordamida ajratish mumkin.",,
amfot-0029,amfoter-kompleks,Mis(II) gidroksidning konsentrlangan ishqorda erishi,o'rta,litsey,record,Cu(OH)2(s) kukun + NaOH(aq) 8M ≥6M,"qizdirish; Faqat konsentrlangan ishqor eritmasida (taxminan 6 M va undan yuqori) qizdirilganda kuzatiladi; suyultirilgan ishqorda Cu(OH)2 erimaydi.",Cu(OH)2 + 2NaOH = Na2[Cu(OH)4],Cu(OH)2 + 2OH⁻ = [Cu(OH)4]²⁻,"Ko'k cho'kma konsentrlangan ishqorda qizdirilganda qisman eriydi, eritma ko'k-binafsha tusga kiradi.",,,sezilarsiz,o'rtacha,,"Mis(II) gidroksid asosan asos xossasiga ega, lekin juda konsentrlangan ishqorda kuchsiz amfoterlikni namoyon qilib tetragidroksokuprat(II) hosil qiladi. Suyultirilgan ishqorlarda bu reaksiya bormaydi.",,
amfot-0030,amfoter-kompleks,Mis(II) sulfat eritmasiga oz miqdorda ammiak eritmasi qo'shish,o'rta,umumiy,rules,CuSO4(aq) 0.5M + NH3·H2O(aq) 1M,Ammiak eritmasi tomchilab qo'shiladi.,CuSO4 + 2NH3·H2O = Cu(OH)2↓ + (NH4)2SO4,Cu²⁺ + 2NH3·H2O = Cu(OH)2↓ + 2NH4⁺,Havorang eritmada ko'k (yashil-ko'k) iviqsimon cho'kma hosil bo'ladi.,Cu(OH)2 #4a9be0 iviqsimon,,sezilarsiz,bir-zumda,,"Ammiak eritmasi oz miqdorda qo'shilganda u oddiy kuchsiz asos sifatida ta'sir qiladi va mis(II) gidroksid (aniqrog'i, asosli tuz) cho'kadi. Ammiak ortiqcha bo'lsa, cho'kma kompleks hosil qilib eriydi.",,
amfot-0035,amfoter-kompleks,Nikel(II) sulfat eritmasiga oz miqdorda ammiak eritmasi qo'shish,o'rta,umumiy,rules,NiSO4(aq) 0.5M + NH3·H2O(aq) 1M,Ammiak eritmasi tomchilab qo'shiladi.,NiSO4 + 2NH3·H2O = Ni(OH)2↓ + (NH4)2SO4,Ni²⁺ + 2NH3·H2O = Ni(OH)2↓ + 2NH4⁺,Yashil eritmada och yashil iviqsimon cho'kma hosil bo'ladi.,Ni(OH)2 #7ec27a iviqsimon,,sezilarsiz,bir-zumda,,"Oz miqdordagi ammiak eritmasi kuchsiz asos sifatida nikel(II) gidroksidni cho'ktiradi. Ammiak ortiqcha bo'lsa, cho'kma geksaamminnikel(II) kompleksini hosil qilib eriydi.",,
amin-0006,aminlar-oqsillar,Metilaminning yonishi,o'rta,11-sinf,record,CH3NH2(g) + O2(g),"yondirish; Metilamin gazi naycha uchida yondiriladi (havodagi kislorod hisobiga).",4CH3NH2 + 9O2 → 4CO2 + 10H2O + 2N2,,"Metilamin och sarg'ish alanga bilan yonadi; alanga ustida tutilgan sovuq shisha xiralashadi (suv bug'i).",,N2,kuchli-ekzotermik,bir-zumda,,"Aminlar yonganda uglevodorodlardan farqli ravishda CO₂ va H₂O dan tashqari erkin azot ham hosil bo'ladi. Bu reaksiya aminlarning tarkibida azot borligini ko'rsatadi; ammiak ham kislorodda yonganda azot hosil qiladi.",,
amin-0017,aminlar-oqsillar,Oqsil tarkibida oltingugurtni aniqlash,o'rta,11-sinf,rules,oqsil(aq) + NaOH(aq) 6M + (CH3COO)2Pb(aq) 0.1M,"qizdirish; ≥90°C; Oqsil eritmasi konsentrlangan ishqor bilan 2–3 daqiqa qaynatiladi, so'ng qo'rg'oshin(II) atsetat qo'shiladi.",,,Qaynatilgan ishqoriy oqsil eritmasiga qo'rg'oshin(II) atsetat qo'shilganda eritma qo'ng'ir-qora rangga kiradi yoki qora cho'kma tushadi.,,,sezilarsiz,o'rtacha,,Ko'pchilik oqsillar tarkibida oltingugurt tutuvchi aminokislotalar bor. Ishqor bilan parchalanganda ajralgan sulfid ionlari qo'rg'oshin tuzlari bilan qora PbS hosil qiladi. Bu reaksiya oqsil tarkibida oltingugurt borligini ko'rsatadi.,,
amin-0018,aminlar-oqsillar,Anilinning sulfat kislota bilan tuz hosil qilishi,o'rta,11-sinf,record,C6H5NH2(l) + H2SO4(aq) 5M,"Anilinli suvga sulfat kislota tomchilab qo'shiladi; probirka sovuq suvda sovutiladi.",2C6H5NH2 + H2SO4 → (C6H5NH3)2SO4↓,2C6H5NH2 + 2H⁺ + SO4²⁻ → (C6H5NH3)2SO4↓,"Moysimon anilin tomchilari yo'qolib, oq kristall cho'kma hosil bo'ladi.",(C6H5NH3)2SO4 #f6f6f2 mayda-kristall,,ekzotermik,tez,,"Anilin asos sifatida sulfat kislota bilan tuz — fenilammoniy sulfat hosil qiladi. Bu tuz sovuq suvda kam eriydi va kristall holida ajraladi. Ishqor qo'shilsa, tuzdan yana anilin ajraladi.",,
amin-0019,aminlar-oqsillar,Anilinning gipoxlorit bilan sifat reaksiyasi,o'rta,11-sinf,rules,C6H5NH2(l) + NaClO(aq) 0.7M,"1 tomchi anilin 3–4 ml suvda chayqatiladi, so'ng bir necha tomchi natriy gipoxlorit (yoki xlorli ohak) eritmasi qo'shiladi.",,,Eritma asta-sekin binafsha (ko'k-binafsha) rangga bo'yaladi.,,,sezilarsiz,o'rtacha,,Anilin oson oksidlanadi. Xlorli ohak yoki natriy gipoxlorit ta'sirida u binafsha rangli mahsulotlar hosil qiladi — bu reaksiya anilinni aniqlashda qo'llaniladi. Havoda saqlangan anilinning qo'ng'irlashishi ham oksidlanish bilan bog'liq.,,
chokma-0068,ion-almashinish-chokma,Marganes(II) sulfat va natriy fosfat eritmalarining o'zaro ta'siri (marganes(II) fosfat cho'kmasi),o'rta,9-sinf,rules,MnSO4(aq) 0.1M + Na3PO4(aq) 0.1M,,3MnSO4 + 2Na3PO4 = Mn3(PO4)2↓ + 3Na2SO4,3Mn²⁺ + 2PO4³⁻ = Mn3(PO4)2↓,Och pushti mayda kristall cho'kma tushadi.,Mn3(PO4)2 #f2e0e0 mayda-kristall,,sezilarsiz,bir-zumda,,"Eritmalar aralashtirilganda Mn²⁺ va PO₄³⁻ ionlari uchrashib, suvda erimaydigan marganes(II) fosfat hosil qiladi; qolgan ionlar eritmada qoladi. Ion almashinish reaksiyasi cho'kma hosil bo'lgani uchun oxirigacha boradi.",,
chokma-0069,ion-almashinish-chokma,Nikel(II) sulfat va natriy fosfat eritmalarining o'zaro ta'siri (nikel(II) fosfat cho'kmasi),o'rta,9-sinf,rules,NiSO4(aq) 0.1M + Na3PO4(aq) 0.1M,,3NiSO4 + 2Na3PO4 = Ni3(PO4)2↓ + 3Na2SO4,3Ni²⁺ + 2PO4³⁻ = Ni3(PO4)2↓,Och yashil mayda kristall cho'kma tushadi.,Ni3(PO4)2 #9ad09a mayda-kristall,,sezilarsiz,bir-zumda,,"Eritmalar aralashtirilganda Ni²⁺ va PO₄³⁻ ionlari uchrashib, suvda erimaydigan nikel(II) fosfat hosil qiladi; qolgan ionlar eritmada qoladi. Ion almashinish reaksiyasi cho'kma hosil bo'lgani uchun oxirigacha boradi.",,
chokma-0070,ion-almashinish-chokma,Kobalt(II) xlorid va natriy fosfat eritmalarining o'zaro ta'siri (kobalt(II) fosfat cho'kmasi),o'rta,9-sinf,rules,CoCl2(aq) 0.1M + Na3PO4(aq) 0.1M,,3CoCl2 + 2Na3PO4 = Co3(PO4)2↓ + 6NaCl,3Co²⁺ + 2PO4³⁻ = Co3(PO4)2↓,Binafsha-pushti mayda kristall cho'kma tushadi.,Co3(PO4)2 #c87ab8 mayda-kristall,,sezilarsiz,bir-zumda,,"Eritmalar aralashtirilganda Co²⁺ va PO₄³⁻ ionlari uchrashib, suvda erimaydigan kobalt(II) fosfat hosil qiladi; qolgan ionlar eritmada qoladi. Ion almashinish reaksiyasi cho'kma hosil bo'lgani uchun oxirigacha boradi.",,
chokma-0071,ion-almashinish-chokma,Stronsiy nitrat va natriy fosfat eritmalarining o'zaro ta'siri (stronsiy fosfat cho'kmasi),o'rta,9-sinf,rules,Sr(NO3)2(aq) 0.1M + Na3PO4(aq) 0.1M,,3Sr(NO3)2 + 2Na3PO4 = Sr3(PO4)2↓ + 6NaNO3,3Sr²⁺ + 2PO4³⁻ = Sr3(PO4)2↓,Oq mayda kristall cho'kma tushadi.,Sr3(PO4)2 #f6f6f2 mayda-kristall,,sezilarsiz,bir-zumda,,"Eritmalar aralashtirilganda Sr²⁺ va PO₄³⁻ ionlari uchrashib, suvda erimaydigan stronsiy fosfat hosil qiladi; qolgan ionlar eritmada qoladi. Ion almashinish reaksiyasi cho'kma hosil bo'lgani uchun oxirigacha boradi.",,
chokma-0073,ion-almashinish-chokma,Xrom(III) xlorid va natriy fosfat eritmalarining o'zaro ta'siri (xrom(III) fosfat cho'kmasi),o'rta,9-sinf,rules,CrCl3(aq) 0.1M + Na3PO4(aq) 0.1M,,CrCl3 + Na3PO4 = CrPO4↓ + 3NaCl,Cr³⁺ + PO4³⁻ = CrPO4↓,Kulrang-yashil iviqsimon (dirildoq) cho'kma tushadi.,CrPO4 #7a8f9a iviqsimon,,sezilarsiz,bir-zumda,,"Eritmalar aralashtirilganda Cr³⁺ va PO₄³⁻ ionlari uchrashib, suvda erimaydigan xrom(III) fosfat hosil qiladi; qolgan ionlar eritmada qoladi. Ion almashinish reaksiyasi cho'kma hosil bo'lgani uchun oxirigacha boradi.",,
chokma-0074,ion-almashinish-chokma,Temir(II) sulfat va natriy fosfat eritmalarining o'zaro ta'siri (temir(II) fosfat cho'kmasi),o'rta,9-sinf,rules,FeSO4(aq) 0.1M + Na3PO4(aq) 0.1M,,3FeSO4 + 2Na3PO4 = Fe3(PO4)2↓ + 3Na2SO4,3Fe²⁺ + 2PO4³⁻ = Fe3(PO4)2↓,Oq-yashilsimon iviqsimon (dirildoq) cho'kma tushadi.,Fe3(PO4)2 #d8e0d0 iviqsimon,,sezilarsiz,bir-zumda,,"Eritmalar aralashtirilganda Fe²⁺ va PO₄³⁻ ionlari uchrashib, suvda erimaydigan temir(II) fosfat hosil qiladi; qolgan ionlar eritmada qoladi. Ion almashinish reaksiyasi cho'kma hosil bo'lgani uchun oxirigacha boradi.",,
chokma-0090,ion-almashinish-chokma,Magniy xlorid va natriy silikat eritmalarining o'zaro ta'siri (magniy silikat cho'kmasi),o'rta,9-sinf,rules,MgCl2(aq) 0.1M + Na2SiO3(aq) 0.1M,,MgCl2 + Na2SiO3 = MgSiO3↓ + 2NaCl,Mg²⁺ + SiO3²⁻ = MgSiO3↓,Oq iviqsimon (dirildoq) cho'kma tushadi.,MgSiO3 #f6f6f2 iviqsimon,,sezilarsiz,bir-zumda,,"Eritmalar aralashtirilganda Mg²⁺ va SiO₃²⁻ ionlari uchrashib, suvda erimaydigan magniy silikat hosil qiladi; qolgan ionlar eritmada qoladi. Ion almashinish reaksiyasi cho'kma hosil bo'lgani uchun oxirigacha boradi.",,
chokma-0091,ion-almashinish-chokma,Mis(II) sulfat va natriy silikat eritmalarining o'zaro ta'siri (mis(II) silikat cho'kmasi),o'rta,9-sinf,rules,CuSO4(aq) 0.1M + Na2SiO3(aq) 0.1M,,CuSO4 + Na2SiO3 = CuSiO3↓ + Na2SO4,Cu²⁺ + SiO3²⁻ = CuSiO3↓,Havorang iviqsimon (dirildoq) cho'kma tushadi.,CuSiO3 #5aaad8 iviqsimon,,sezilarsiz,bir-zumda,,"Eritmalar aralashtirilganda Cu²⁺ va SiO₃²⁻ ionlari uchrashib, suvda erimaydigan mis(II) silikat hosil qiladi; qolgan ionlar eritmada qoladi. Ion almashinish reaksiyasi cho'kma hosil bo'lgani uchun oxirigacha boradi.",,
chokma-0092,ion-almashinish-chokma,Kobalt(II) xlorid va natriy silikat eritmalarining o'zaro ta'siri (kobalt(II) silikat cho'kmasi),o'rta,9-sinf,rules,CoCl2(aq) 0.1M + Na2SiO3(aq) 0.1M,,CoCl2 + Na2SiO3 = CoSiO3↓ + 2NaCl,Co²⁺ + SiO3²⁻ = CoSiO3↓,Ko'k-binafsha iviqsimon (dirildoq) cho'kma tushadi.,CoSiO3 #5a6ad0 iviqsimon,,sezilarsiz,bir-zumda,,"Eritmalar aralashtirilganda Co²⁺ va SiO₃²⁻ ionlari uchrashib, suvda erimaydigan kobalt(II) silikat hosil qiladi; qolgan ionlar eritmada qoladi. Ion almashinish reaksiyasi cho'kma hosil bo'lgani uchun oxirigacha boradi.",,
chokma-0093,ion-almashinish-chokma,Temir(II) sulfat va natriy silikat eritmalarining o'zaro ta'siri (temir(II) silikat cho'kmasi),o'rta,9-sinf,rules,FeSO4(aq) 0.1M + Na2SiO3(aq) 0.1M,,FeSO4 + Na2SiO3 = FeSiO3↓ + Na2SO4,Fe²⁺ + SiO3²⁻ = FeSiO3↓,Kulrang-yashil iviqsimon (dirildoq) cho'kma tushadi.,FeSiO3 #c8d0b8 iviqsimon,,sezilarsiz,bir-zumda,,"Eritmalar aralashtirilganda Fe²⁺ va SiO₃²⁻ ionlari uchrashib, suvda erimaydigan temir(II) silikat hosil qiladi; qolgan ionlar eritmada qoladi. Ion almashinish reaksiyasi cho'kma hosil bo'lgani uchun oxirigacha boradi.",,
chokma-0094,ion-almashinish-chokma,Rux sulfat va natriy silikat eritmalarining o'zaro ta'siri (rux silikat cho'kmasi),o'rta,9-sinf,rules,ZnSO4(aq) 0.1M + Na2SiO3(aq) 0.1M,,ZnSO4 + Na2SiO3 = ZnSiO3↓ + Na2SO4,Zn²⁺ + SiO3²⁻ = ZnSiO3↓,Oq iviqsimon (dirildoq) cho'kma tushadi.,ZnSiO3 #f6f6f2 iviqsimon,,sezilarsiz,bir-zumda,,"Eritmalar aralashtirilganda Zn²⁺ va SiO₃²⁻ ionlari uchrashib, suvda erimaydigan rux silikat hosil qiladi; qolgan ionlar eritmada qoladi. Ion almashinish reaksiyasi cho'kma hosil bo'lgani uchun oxirigacha boradi.",,
chokma-0095,ion-almashinish-chokma,Nikel(II) sulfat va natriy silikat eritmalarining o'zaro ta'siri (nikel(II) silikat cho'kmasi),o'rta,9-sinf,rules,NiSO4(aq) 0.1M + Na2SiO3(aq) 0.1M,,NiSO4 + Na2SiO3 = NiSiO3↓ + Na2SO4,Ni²⁺ + SiO3²⁻ = NiSiO3↓,Och yashil iviqsimon (dirildoq) cho'kma tushadi.,NiSiO3 #8cc88c iviqsimon,,sezilarsiz,bir-zumda,,"Eritmalar aralashtirilganda Ni²⁺ va SiO₃²⁻ ionlari uchrashib, suvda erimaydigan nikel(II) silikat hosil qiladi; qolgan ionlar eritmada qoladi. Ion almashinish reaksiyasi cho'kma hosil bo'lgani uchun oxirigacha boradi.",,
chokma-0096,ion-almashinish-chokma,Marganes(II) sulfat va natriy silikat eritmalarining o'zaro ta'siri (marganes(II) silikat cho'kmasi),o'rta,9-sinf,rules,MnSO4(aq) 0.1M + Na2SiO3(aq) 0.1M,,MnSO4 + Na2SiO3 = MnSiO3↓ + Na2SO4,Mn²⁺ + SiO3²⁻ = MnSiO3↓,Och pushti iviqsimon (dirildoq) cho'kma tushadi.,MnSiO3 #f0dcd8 iviqsimon,,sezilarsiz,bir-zumda,,"Eritmalar aralashtirilganda Mn²⁺ va SiO₃²⁻ ionlari uchrashib, suvda erimaydigan marganes(II) silikat hosil qiladi; qolgan ionlar eritmada qoladi. Ion almashinish reaksiyasi cho'kma hosil bo'lgani uchun oxirigacha boradi.",,
chokma-0097,ion-almashinish-chokma,Qo'rg'oshin(II) nitrat va natriy silikat eritmalarining o'zaro ta'siri (qo'rg'oshin(II) silikat cho'kmasi),o'rta,9-sinf,rules,Pb(NO3)2(aq) 0.1M + Na2SiO3(aq) 0.1M,,Pb(NO3)2 + Na2SiO3 = PbSiO3↓ + 2NaNO3,Pb²⁺ + SiO3²⁻ = PbSiO3↓,Oq iviqsimon (dirildoq) cho'kma tushadi.,PbSiO3 #f6f6f2 iviqsimon,,sezilarsiz,bir-zumda,,"Eritmalar aralashtirilganda Pb²⁺ va SiO₃²⁻ ionlari uchrashib, suvda erimaydigan qo'rg'oshin(II) silikat hosil qiladi; qolgan ionlar eritmada qoladi. Ion almashinish reaksiyasi cho'kma hosil bo'lgani uchun oxirigacha boradi.",,
chokma-0098,ion-almashinish-chokma,Stronsiy nitrat va natriy silikat eritmalarining o'zaro ta'siri (stronsiy silikat cho'kmasi),o'rta,9-sinf,rules,Sr(NO3)2(aq) 0.1M + Na2SiO3(aq) 0.1M,,Sr(NO3)2 + Na2SiO3 = SrSiO3↓ + 2NaNO3,Sr²⁺ + SiO3²⁻ = SrSiO3↓,Oq iviqsimon (dirildoq) cho'kma tushadi.,SrSiO3 #f6f6f2 iviqsimon,,sezilarsiz,bir-zumda,,"Eritmalar aralashtirilganda Sr²⁺ va SiO₃²⁻ ionlari uchrashib, suvda erimaydigan stronsiy silikat hosil qiladi; qolgan ionlar eritmada qoladi. Ion almashinish reaksiyasi cho'kma hosil bo'lgani uchun oxirigacha boradi.",,
chokma-0105,ion-almashinish-chokma,Marganes(II) sulfat va natriy sulfit eritmalarining o'zaro ta'siri (marganes(II) sulfit cho'kmasi),o'rta,9-sinf,rules,MnSO4(aq) 0.1M + Na2SO3(aq) 0.1M,,MnSO4 + Na2SO3 = MnSO3↓ + Na2SO4,Mn²⁺ + SO3²⁻ = MnSO3↓,Oq mayda kristall cho'kma tushadi.,MnSO3 #f2e6e2 mayda-kristall,,sezilarsiz,bir-zumda,,"Eritmalar aralashtirilganda Mn²⁺ va SO₃²⁻ ionlari uchrashib, suvda erimaydigan marganes(II) sulfit hosil qiladi; qolgan ionlar eritmada qoladi. Ion almashinish reaksiyasi cho'kma hosil bo'lgani uchun oxirigacha boradi.",,
chokma-0113,ion-almashinish-chokma,Kumush nitrat va natriy atsetat eritmalarining o'zaro ta'siri (kumush atsetat cho'kmasi),o'rta,9-sinf,rules,AgNO3(aq) 1M + CH3COONa(aq) 1M,,AgNO3 + CH3COONa = CH3COOAg↓ + NaNO3,Ag⁺ + CH3COO⁻ = CH3COOAg↓,Oq kristall cho'kma tushadi.,CH3COOAg #f6f6f2 kristall,,sezilarsiz,bir-zumda,,"Eritmalar aralashtirilganda Ag⁺ va CH₃COO⁻ ionlari uchrashib, suvda kam eriydigan kumush atsetat hosil qiladi; qolgan ionlar eritmada qoladi. Ion almashinish reaksiyasi cho'kma hosil bo'lgani uchun oxirigacha boradi.",,
chokma-0114,ion-almashinish-chokma,Kumush nitrat va natriy nitrit eritmalarining o'zaro ta'siri (kumush nitrit cho'kmasi),o'rta,9-sinf,rules,AgNO3(aq) 1M + NaNO2(aq) 1M,,AgNO3 + NaNO2 = AgNO2↓ + NaNO3,Ag⁺ + NO2⁻ = AgNO2↓,Och sariq kristall cho'kma tushadi.,AgNO2 #f2eac0 kristall,,sezilarsiz,bir-zumda,,"Eritmalar aralashtirilganda Ag⁺ va NO₂⁻ ionlari uchrashib, suvda kam eriydigan kumush nitrit hosil qiladi; qolgan ionlar eritmada qoladi. Ion almashinish reaksiyasi cho'kma hosil bo'lgani uchun oxirigacha boradi.",,
chokma-0115,ion-almashinish-chokma,Magniy xlorid va ammoniy oksalat eritmalarining o'zaro ta'siri (magniy oksalat cho'kmasi),o'rta,9-sinf,rules,MgCl2(aq) 1M + (NH4)2C2O4(aq) 1M,,MgCl2 + (NH4)2C2O4 = MgC2O4↓ + 2NH4Cl,Mg²⁺ + C2O4²⁻ = MgC2O4↓,Oq mayda kristall cho'kma tushadi.,MgC2O4 #f6f6f2 mayda-kristall,,sezilarsiz,bir-zumda,,"Eritmalar aralashtirilganda Mg²⁺ va C₂O₄²⁻ ionlari uchrashib, suvda kam eriydigan magniy oksalat hosil qiladi; qolgan ionlar eritmada qoladi. Ion almashinish reaksiyasi cho'kma hosil bo'lgani uchun oxirigacha boradi.",,
elektro-0011,elektrokimyo,Rux sulfat eritmasining elektrolizi (inert elektrodlar),o'rta,9-sinf,rules,ZnSO4(aq) 1M,"elektr toki; O'zgarmas tok, grafit (yoki platina) elektrodlar.",2ZnSO4 + 2H2O = 2Zn + O2↑ + 2H2SO4,,"Katodda kulrang rux qatlami hosil bo'ladi, anodda kislorod ajraladi.",,O2,sezilarsiz,o'rtacha,,"Elektrolizda katodda qaytarilish, anodda oksidlanish boradi. Rux vodoroddan oldin tursa ham, konsentrlangan eritmada katodda asosan rux ajraladi (vodorod ham qisman ajraladi). Katodda: Zn²⁺ + 2e⁻ = Zn; anodda: 2H2O − 4e⁻ = O2 + 4H⁺.",,
elektro-0012,elektrokimyo,Rux xlorid eritmasining elektrolizi (inert elektrodlar),o'rta,9-sinf,rules,ZnCl2(aq) 1M,"elektr toki; O'zgarmas tok, grafit (yoki platina) elektrodlar.",ZnCl2 = Zn + Cl2↑,,"Katodda rux o'tiradi, anodda xlor ajraladi.",,Cl2,sezilarsiz,o'rtacha,,"Elektrolizda katodda qaytarilish, anodda oksidlanish boradi. Katodda: Zn²⁺ + 2e⁻ = Zn; anodda: 2Cl⁻ − 2e⁻ = Cl2.",,
elektro-0013,elektrokimyo,Nikel(II) sulfat eritmasining elektrolizi (inert elektrodlar),o'rta,9-sinf,rules,NiSO4(aq) 1M,"elektr toki; O'zgarmas tok, grafit (yoki platina) elektrodlar.",2NiSO4 + 2H2O = 2Ni + O2↑ + 2H2SO4,,"Katodda kulrang nikel qatlami hosil bo'ladi (nikellash), anodda kislorod ajraladi.",,O2,sezilarsiz,o'rtacha,,"Elektrolizda katodda qaytarilish, anodda oksidlanish boradi. Katodda: Ni²⁺ + 2e⁻ = Ni; anodda: 2H2O − 4e⁻ = O2 + 4H⁺.",,
elektro-0014,elektrokimyo,Qo'rg'oshin(II) nitrat eritmasining elektrolizi (inert elektrodlar),o'rta,9-sinf,rules,Pb(NO3)2(aq) 0.5M,"elektr toki; O'zgarmas tok, grafit (yoki platina) elektrodlar.",2Pb(NO3)2 + 2H2O = 2Pb + O2↑ + 4HNO3,,"Katodda kulrang qo'rg'oshin kristallari ""daraxt"" ko'rinishida o'sadi.",,O2,sezilarsiz,o'rtacha,,"Elektrolizda katodda qaytarilish, anodda oksidlanish boradi. Katodda: Pb²⁺ + 2e⁻ = Pb; anodda: 2H2O − 4e⁻ = O2 + 4H⁺.",,
elektro-0018,elektrokimyo,Kalsiy xlorid eritmasining elektrolizi (inert elektrodlar),o'rta,9-sinf,rules,CaCl2(aq) 1M,"elektr toki; O'zgarmas tok, grafit (yoki platina) elektrodlar.",CaCl2 + 2H2O = Ca(OH)2 + H2↑ + Cl2↑,,"Katod atrofida eritma loyqalanadi (kam eriydigan Ca(OH)₂), gazlar ajraladi.",,Cl2,sezilarsiz,o'rtacha,,"Elektrolizda katodda qaytarilish, anodda oksidlanish boradi. Katodda: 2H2O + 2e⁻ = H2 + 2OH⁻; anodda: 2Cl⁻ − 2e⁻ = Cl2.",,
elektro-0019,elektrokimyo,Natriy sulfid eritmasining elektrolizi (inert elektrodlar),o'rta,9-sinf,rules,Na2S(aq) 0.5M,"elektr toki; O'zgarmas tok, grafit (yoki platina) elektrodlar.",Na2S + 2H2O = S↓ + H2↑ + 2NaOH,,"Anod atrofida sariq loyqa (oltingugurt) hosil bo'ladi, katodda vodorod ajraladi.",S #f2dc3a kolloid,H2,sezilarsiz,o'rtacha,,"Elektrolizda katodda qaytarilish, anodda oksidlanish boradi. Sulfid ioni xlorid ionidan ham oson oksidlanadi. Katodda: 2H2O + 2e⁻ = H2 + 2OH⁻; anodda: S²⁻ − 2e⁻ = S.",,
elektro-0020,elektrokimyo,Qalay(II) xlorid eritmasining elektrolizi (inert elektrodlar),o'rta,9-sinf,rules,SnCl2(aq) 0.5M,"elektr toki; O'zgarmas tok, grafit (yoki platina) elektrodlar.",SnCl2 = Sn + Cl2↑,,"Katodda kulrang ignasimon qalay kristallari o'sadi, anodda xlor ajraladi.",,Cl2,sezilarsiz,o'rtacha,,"Elektrolizda katodda qaytarilish, anodda oksidlanish boradi. Katodda: Sn²⁺ + 2e⁻ = Sn; anodda: 2Cl⁻ − 2e⁻ = Cl2.",,
elektro-0026,elektrokimyo,Daniel–Yakobi elementi EYuK ning konsentratsiyaga bog'liqligi,o'rta,litsey,rules,Zn(s) plastinka + ZnSO4(aq) 0.01M + CuSO4(aq) 1M,"Ikki yarim element tuz ko'prigi bilan tutashtiriladi, elektrodlar voltmetrga ulanadi.",Zn + CuSO4 = ZnSO4 + Cu,Zn + Cu²⁺ = Zn²⁺ + Cu,"Voltmetr taxminan 1,16 V ko'rsatadi; vaqt o'tishi bilan mis elektrod sirtida metall o'tiradi.",,,sezilarsiz,sekin,,"Faolroq metall (rux) anod bo'lib oksidlanadi, kam faol metall ionlari katodda qaytariladi. Standart sharoitda EYuK standart elektrod potensiallari farqiga teng; konsentratsiya o'zgarsa, Nernst tenglamasiga ko'ra EYuK ham o'zgaradi. Bu holda hisoblangan EYuK ≈ 1,16 V.",,
gaz-0005,ion-almashinish-gaz,Natriy karbonatning fosfat (ortofosfat) kislota bilan reaksiyasi (CO₂ ajralishi),o'rta,9-sinf,rules,Na2CO3(aq) 1M + H3PO4(aq) 2M,,Na2CO3 + 2H3PO4 = 2NaH2PO4 + CO2↑ + H2O,CO3²⁻ + 2H3PO4 = 2H2PO4⁻ + CO2↑ + H2O,"Rangsiz, hidsiz gaz pufakchalari jadal ajraladi (eritma ""qaynayotgandek"" ko'piradi).",,CO2,sezilarsiz,tez,,"Fosfat (ortofosfat) kislota kuchsiz bo'lsa-da, karbonat kislotadan kuchliroq, shuning uchun uni tuzidan siqib chiqaradi. H₂CO₃ beqaror bo'lib, darhol CO₂ va H₂O ga parchalanadi, shuning uchun gaz ajralib chiqadi va reaksiya oxirigacha boradi.",,
gaz-0013,ion-almashinish-gaz,Natriy gidrokarbonatning fosfat (ortofosfat) kislota bilan reaksiyasi (CO₂ ajralishi),o'rta,9-sinf,rules,NaHCO3(aq) 1M + H3PO4(aq) 2M,,NaHCO3 + H3PO4 = NaH2PO4 + CO2↑ + H2O,HCO3⁻ + H3PO4 = H2PO4⁻ + CO2↑ + H2O,"Rangsiz, hidsiz gaz pufakchalari jadal ajraladi (eritma ""qaynayotgandek"" ko'piradi).",,CO2,sezilarsiz,tez,,"Fosfat (ortofosfat) kislota kuchsiz bo'lsa-da, karbonat kislotadan kuchliroq, shuning uchun uni tuzidan siqib chiqaradi. H₂CO₃ beqaror bo'lib, darhol CO₂ va H₂O ga parchalanadi, shuning uchun gaz ajralib chiqadi va reaksiya oxirigacha boradi.",,
gaz-0026,ion-almashinish-gaz,Qo'rg'oshin(II) karbonatning nitrat kislota bilan reaksiyasi (CO₂ ajralishi),o'rta,9-sinf,rules,PbCO3(s) kukun + HNO3(aq) 2M,,PbCO3 + 2HNO3 = Pb(NO3)2 + CO2↑ + H2O,PbCO3 + 2H⁺ = Pb²⁺ + CO2↑ + H2O,"Rangsiz, hidsiz gaz pufakchalari jadal ajraladi (eritma ""qaynayotgandek"" ko'piradi).",,CO2,sezilarsiz,tez,,"Kuchli kislota kuchsiz karbonat kislotani uning tuzidan siqib chiqaradi. H₂CO₃ beqaror bo'lib, darhol CO₂ va H₂O ga parchalanadi, shuning uchun gaz ajralib chiqadi va reaksiya oxirigacha boradi. Erimaydigan qo'rg'oshin(II) karbonat ham kislotada eriydi.",,
gaz-0027,ion-almashinish-gaz,Misning xlorid kislota bilan reaksiyasi (CO₂ ajralishi),o'rta,9-sinf,rules,(CuOH)2CO3(s) kukun + HCl(aq) 2M,,(CuOH)2CO3 + 4HCl = 2CuCl2 + CO2↑ + 3H2O,(CuOH)2CO3 + 4H⁺ = 2Cu²⁺ + CO2↑ + 3H2O,"Rangsiz, hidsiz gaz pufakchalari jadal ajraladi (eritma ""qaynayotgandek"" ko'piradi).",,CO2,sezilarsiz,tez,,"Kuchli kislota kuchsiz karbonat kislotani uning tuzidan siqib chiqaradi. H₂CO₃ beqaror bo'lib, darhol CO₂ va H₂O ga parchalanadi, shuning uchun gaz ajralib chiqadi va reaksiya oxirigacha boradi. Erimaydigan mis ham kislotada eriydi.",,
gaz-0034,ion-almashinish-gaz,Bariy sulfitning xlorid kislota bilan reaksiyasi (SO₂ ajralishi),o'rta,9-sinf,rules,BaSO3(s) kukun + HCl(aq) 2M,,BaSO3 + 2HCl = BaCl2 + SO2↑ + H2O,BaSO3 + 2H⁺ = Ba²⁺ + SO2↑ + H2O,Yongan oltingugurtning o'tkir hidli rangsiz gazi ajraladi.,,SO2,sezilarsiz,tez,,"Kuchli kislota kuchsiz sulfit kislotani uning tuzidan siqib chiqaradi. H₂SO₃ beqaror bo'lib, SO₂ va H₂O ga parchalanadi, shuning uchun gaz ajralib chiqadi va reaksiya oxirigacha boradi. Erimaydigan bariy sulfit ham kislotada eriydi.",,
gaz-0035,ion-almashinish-gaz,Kalsiy sulfitning xlorid kislota bilan reaksiyasi (SO₂ ajralishi),o'rta,9-sinf,rules,CaSO3(s) kukun + HCl(aq) 2M,,CaSO3 + 2HCl = CaCl2 + SO2↑ + H2O,CaSO3 + 2H⁺ = Ca²⁺ + SO2↑ + H2O,Yongan oltingugurtning o'tkir hidli rangsiz gazi ajraladi.,,SO2,sezilarsiz,tez,,"Kuchli kislota kuchsiz sulfit kislotani uning tuzidan siqib chiqaradi. H₂SO₃ beqaror bo'lib, SO₂ va H₂O ga parchalanadi, shuning uchun gaz ajralib chiqadi va reaksiya oxirigacha boradi. Erimaydigan kalsiy sulfit ham kislotada eriydi.",,
gaz-0043,ion-almashinish-gaz,Marganes(II) sulfidning xlorid kislota bilan reaksiyasi (H₂S ajralishi),o'rta,9-sinf,rules,MnS(s) kukun + HCl(aq) 2M,,MnS + 2HCl = MnCl2 + H2S↑,MnS + 2H⁺ = Mn²⁺ + H2S↑,Palag'da tuxum hidli rangsiz gaz ajraladi.,,H2S,sezilarsiz,tez,,"Kuchli kislota kuchsiz vodorod sulfid kislotani uning tuzidan siqib chiqaradi. H₂S kuchsiz kislota bo'lib, eritmadan gaz holida chiqadi, shuning uchun gaz ajralib chiqadi va reaksiya oxirigacha boradi. Erimaydigan marganes(II) sulfid ham kislotada eriydi.",,
gazolish-0018,gazlar,Ammiakning kislorodda yonishi,o'rta,9-sinf,record,NH3(g) + O2(g),"yondirish; Ammiak oqimi kislorod bilan to'ldirilgan idishda yondiriladi; havoda ammiak yonmaydi.",4NH3 + 3O2 = 2N2 + 6H2O,,"Kislorod muhitida ammiak sarg'ish alanga bilan yonadi; havoda alanga o'chadi.",,N2,kuchli-ekzotermik,tez,,"Ammiak havoda yonmaydi, ammo toza kislorodda yonib azot va suv hosil qiladi. Katalizator (platina) ishtirokida esa ammiak azot(II) oksidgacha oksidlanadi — bu nitrat kislota ishlab chiqarish asosidir.",,
gidroliz-0009,gidroliz-indikatorlar,Natriy silikat eritmasining gidrolizi (muhitni indikator bilan aniqlash),o'rta,9-sinf,rules,Na2SiO3(aq) 0.1M + universal-indikator(aq),,Na2SiO3 + 2H2O ⇄ H2SiO3 + 2NaOH,SiO3²⁻ + H2O ⇄ HSiO3⁻ + OH⁻,Universal indikator binafsha rangga kiradi — muhit ishqoriy.,,,sezilarsiz,bir-zumda,,"Natriy silikat kuchli asos va kuchsiz kislotadan hosil bo'lgan tuz. Kuchsiz kislota qoldig'i — SiO₃²⁻ ioni suv molekulasidan proton tortib oladi, eritmada OH⁻ ionlari ortiqcha bo'lib qoladi — muhit ishqoriy. Gidroliz qaytar va asosan birinchi bosqichda boradi.",,
gidroliz-0011,gidroliz-indikatorlar,Natriy ftorid eritmasining gidrolizi (muhitni indikator bilan aniqlash),o'rta,9-sinf,rules,NaF(aq) 0.1M + universal-indikator(aq),,NaF + H2O ⇄ HF + NaOH,F⁻ + H2O ⇄ HF + OH⁻,Universal indikator ko'k-yashil rangga kiradi — muhit ishqoriy.,,,sezilarsiz,bir-zumda,,"Natriy ftorid kuchli asos va kuchsiz kislotadan hosil bo'lgan tuz. Kuchsiz kislota qoldig'i — F⁻ ioni suv molekulasidan proton tortib oladi, eritmada OH⁻ ionlari ortiqcha bo'lib qoladi — muhit ishqoriy. Gidroliz qaytar va asosan birinchi bosqichda boradi.",,
gidroliz-0016,gidroliz-indikatorlar,Alyuminiy sulfat eritmasining gidrolizi (muhitni indikator bilan aniqlash),o'rta,9-sinf,rules,Al2(SO4)3(aq) 0.1M + universal-indikator(aq),,Al2(SO4)3 + 2H2O ⇄ 2AlOHSO4 + H2SO4,Al³⁺ + H2O ⇄ AlOH²⁺ + H⁺,Universal indikator to'q sariq rangga kiradi — muhit kislotali.,,,sezilarsiz,bir-zumda,,"Alyuminiy sulfat kuchsiz asos va kuchli kislotadan hosil bo'lgan tuz. Al³⁺ kationi suv molekulalarini qutblab, ulardan OH⁻ guruhini biriktiradi, eritmada H⁺ ionlari ortiqcha qoladi — muhit kislotali. Gidroliz qaytar va asosan birinchi bosqichda boradi.",,
gidroliz-0017,gidroliz-indikatorlar,Rux sulfat eritmasining gidrolizi (muhitni indikator bilan aniqlash),o'rta,9-sinf,rules,ZnSO4(aq) 0.1M + universal-indikator(aq),,2ZnSO4 + 2H2O ⇄ (ZnOH)2SO4 + H2SO4,Zn²⁺ + H2O ⇄ ZnOH⁺ + H⁺,Universal indikator to'q sariq rangga kiradi — muhit kislotali.,,,sezilarsiz,bir-zumda,,"Rux sulfat kuchsiz asos va kuchli kislotadan hosil bo'lgan tuz. Zn²⁺ kationi suv molekulalarini qutblab, ulardan OH⁻ guruhini biriktiradi, eritmada H⁺ ionlari ortiqcha qoladi — muhit kislotali. Gidroliz qaytar va asosan birinchi bosqichda boradi.",,
karbon-0034,karbon-kislotalar,Salitsil kislotaning temir(III) xlorid bilan rangli reaksiyasi,o'rta,11-sinf,rules,C6H4(OH)COOH(s) + FeCl3(aq) 0.1M,,,,Eritma darhol to'q binafsha rangga bo'yaladi.,,,sezilarsiz,bir-zumda,,Fenol gidroksili tutgan birikmalar temir(III) xlorid bilan rangli komplekslar hosil qiladi. Salitsil kislota binafsha rang beradi. Bu reaksiya aspirin namunasida gidrolizlangan (buzilgan) salitsil kislotani aniqlashda ham qo'llaniladi.,,
karbon-0035,karbon-kislotalar,Aspirinning (atsetilsalitsil kislotaning) gidrolizi,o'rta,11-sinf,record,C6H4(OCOCH3)COOH(s) + H2O(l),"qizdirish; ≥90°C; Aspirin tabletkasi suvda 3–5 daqiqa qaynatiladi; keyin FeCl₃ bilan salitsil kislota aniqlanadi.",C6H4(OCOCH3)COOH + H2O → C6H4(OH)COOH + CH3COOH,,"Tashqi o'zgarish deyarli ko'rinmaydi; qaynatilgan eritmaga FeCl₃ qo'shilganda binafsha rang paydo bo'ladi, qaynatilmagan yangi aspirin eritmasida esa rang deyarli o'zgarmaydi.",,,sezilarsiz,sekin,,Aspirin murakkab efir bo'lgani uchun suv bilan qizdirilganda gidrolizlanadi. Hosil bo'lgan salitsil kislota erkin fenol gidroksili tutadi va FeCl₃ bilan binafsha rang beradi. Aspirinni nam joyda saqlash uning asta-sekin buzilishiga olib keladi.,,
kinetik-0004,kinetika-muvozanat,"Vodorod peroksidning kaliy yodid katalizatorligida parchalanishi (""fil tish pastasi"")",o'rta,9-sinf,record,H2O2(aq) 9.8M + KI(aq) 1M,"katalizator: KI; Silindrdagi vodorod peroksidga ozroq suyuq sovun qo'shiladi, so'ng kaliy yodid eritmasi tez quyiladi.",2H2O2 = 2H2O + O2↑,2H2O2 = 2H2O + O2↑,"Kaliy yodid qo'shilishi bilan silindrdan issiq, bug'lanib turgan sarg'ish ko'pik ustuni otilib chiqadi; ko'pikka cho'g'langan cho'p tekkizilsa alangalanadi.",,O2,ekzotermik,tez,,"Katalizator reaksiyaning boshqa, faollanish energiyasi kichikroq yo'lini ochib beradi: yodid ioni oraliq bosqichda IO⁻ ga aylanadi, so'ng qayta tiklanadi. Shu sababli oz miqdordagi KI ko'p H₂O₂ ning tez parchalanishini ta'minlaydi; reaksiya ekzotermik bo'lgani uchun ko'pik qiziydi.",,
kinetik-0005,kinetika-muvozanat,Temir(III) xlorid va kaliy rodanid orasidagi muvozanatning siljishi,o'rta,9-sinf,record,FeCl3(aq) 0.01M + KSCN(aq) 0.03M,"Suyultirilgan eritmalar aralashtirilib, to'rt probirkaga bo'linadi: biriga FeCl₃, ikkinchisiga KSCN eritmasi, uchinchisiga qattiq KCl qo'shiladi, to'rtinchisi taqqoslash uchun qoldiriladi.",FeCl3 + 3KSCN ⇄ Fe(SCN)3 + 3KCl,Fe³⁺ + 3SCN⁻ ⇄ Fe(SCN)3,"Och sariq eritmalar aralashtirilganda qon-qizil rang paydo bo'ladi; FeCl₃ yoki KSCN qo'shilgan probirkalarda rang quyuqlashadi, KCl qo'shilganida biroz ochiladi.",,,sezilarsiz,bir-zumda,,"Le Shatelye prinsipiga ko'ra muvozanatdagi sistemaga tashqi ta'sir ko'rsatilsa, muvozanat shu ta'sirni kamaytiruvchi tomonga siljiydi. Boshlang'ich moddalardan biri qo'shilganda mahsulot ko'proq hosil bo'ladi va rang quyuqlashadi. (Virtual laboratoriyada reaksiya oxirigacha boradigan model sifatida hisoblanadi; KCl ta'siri faqat matnda tushuntiriladi.)",,
metkis-0015,metall-kislota,Marganesning xlorid kislota bilan reaksiyasi,o'rta,8-sinf,rules,Mn(s) kukun + HCl(aq) 2M,,Mn + 2HCl = MnCl2 + H2↑,Mn + 2H⁺ = Mn²⁺ + H2↑,"Metall sirtida rangsiz gaz (vodorod) pufakchalari ajraladi, metall asta eriydi, eritma deyarli rangsiz tusga kiradi.",,H2,sezilarsiz,o'rtacha,,Marganes faollik qatorida vodoroddan oldin turgani uchun suyultirilgan kislotadan vodorodni siqib chiqaradi va marganes(II) xlorid hosil bo'ladi.,,
metkis-0017,metall-kislota,Qalayning xlorid kislota bilan reaksiyasi,o'rta,8-sinf,rules,Sn(s) granula + HCl(aq) 2M,"Reaksiya sekin boradi; ozgina qizdirilganda tezlashadi.",Sn + 2HCl = SnCl2 + H2↑,Sn + 2H⁺ = Sn²⁺ + H2↑,"Metall sirtida rangsiz gaz (vodorod) pufakchalari ajraladi, metall asta eriydi.",,H2,sezilarsiz,sekin,,Qalay faollik qatorida vodoroddan oldin turgani uchun suyultirilgan kislotadan vodorodni siqib chiqaradi va qalay(II) xlorid hosil bo'ladi.,,
metkis-0027,metall-kislota,Ruxning konsentrlangan nitrat kislota bilan reaksiyasi,o'rta,litsey,record,Zn(s) granula + HNO3(aq) 14.4M ≥10M,,Zn + 4HNO3 = Zn(NO3)2 + 2NO2↑ + 2H2O,Zn + 4H⁺ + 2NO3⁻ = Zn²⁺ + 2NO2↑ + 2H2O,"Rux jadal eriydi, qo'ng'ir gaz ajraladi.",,NO2 #a8461c,ekzotermik,tez,,"Konsentrlangan nitrat kislota faol metallar bilan ham asosan NO₂ beradi; vodorod ajralmaydi.",,
metkis-0028,metall-kislota,Ruxning konsentrlangan nitrat kislota bilan reaksiyasi,o'rta,litsey,record,Zn(s) granula + HNO3(aq) 4M ≥2.5M,,3Zn + 8HNO3 = 3Zn(NO3)2 + 2NO↑ + 4H2O,3Zn + 8H⁺ + 2NO3⁻ = 3Zn²⁺ + 2NO↑ + 4H2O,"Rangsiz gaz ajraladi, probirka og'zida qo'ng'irlashadi.",,NO,ekzotermik,o'rtacha,,"Nitrat kislotaning qaytarilish mahsuloti konsentratsiyaga va metall faolligiga bog'liq; o'rtacha suyultirilgan kislota bilan rux asosan NO beradi (amalda N₂O va N₂ aralashmasi ham hosil bo'ladi).",,
metkis-0029,metall-kislota,Ruxning juda suyultirilgan nitrat kislota bilan reaksiyasi,o'rta,litsey,record,Zn(s) granula + HNO3(aq) 0.5M,,4Zn + 10HNO3 = 4Zn(NO3)2 + NH4NO3 + 3H2O,4Zn + 10H⁺ + NO3⁻ = 4Zn²⁺ + NH4⁺ + 3H2O,"Rux gaz ajratmasdan asta eriydi; eritmaga ishqor qo'shib qizdirilsa, ammiak hidi seziladi.",,,sezilarsiz,sekin,,"Juda suyultirilgan nitrat kislota faol metallar bilan eng chuqur qaytarilib, ammoniy ionini (N⁻³) hosil qiladi — shuning uchun gaz ajralmaydi.",,
metkis-0030,metall-kislota,Magniyning juda suyultirilgan nitrat kislota bilan reaksiyasi,o'rta,litsey,record,Mg(s) lenta + HNO3(aq) 0.5M,,4Mg + 10HNO3 = 4Mg(NO3)2 + NH4NO3 + 3H2O,4Mg + 10H⁺ + NO3⁻ = 4Mg²⁺ + NH4⁺ + 3H2O,"Magniy eriydi, gaz deyarli ajralmaydi.",,,ekzotermik,o'rtacha,,Juda suyultirilgan nitrat kislota magniy kabi faol metallar bilan ammoniy nitratgacha qaytariladi.,,
metkis-0034,metall-kislota,Alyuminiyning suyultirilgan nitrat kislota bilan reaksiyasi,o'rta,litsey,record,Al(s) qirindi + HNO3(aq) 4M,"qizdirish; ≥50°C; Reaksiya qizdirilganda boradi.",Al + 4HNO3 = Al(NO3)3 + NO↑ + 2H2O,Al + 4H⁺ + NO3⁻ = Al³⁺ + NO↑ + 2H2O,"Qizdirilganda alyuminiy asta eriydi, gaz ajralib havoda qo'ng'irlashadi.",,NO,sezilarsiz,sekin,,"Alyuminiy suyultirilgan nitrat kislotada oksid parda tufayli sekin, qizdirilganda tezroq eriydi; mahsulot tarkibi sharoitga bog'liq.",,
metkis-0036,metall-kislota,Ruxning konsentrlangan sulfat kislota bilan reaksiyasi,o'rta,litsey,record,Zn(s) granula + H2SO4(aq) 18M ≥12M,"qizdirish; ≥60°C; Reaksiya qizdirilganda boradi.",Zn + 2H2SO4(kons.) = ZnSO4 + SO2↑ + 2H2O,,O'tkir hidli gaz ajraladi.,,SO2,ekzotermik,o'rtacha,,"Konsentrlangan sulfat kislota rux bilan vodorod emas, oltingugurtning qaytarilish mahsulotlarini beradi; sharoitga qarab SO₂, S yoki H₂S hosil bo'lishi mumkin (bu yerda soddalashtirilgan holda SO₂).",,
metkis-0038,metall-kislota,Kumushning konsentrlangan sulfat kislota bilan reaksiyasi,o'rta,litsey,record,Ag(s) sim + H2SO4(aq) 18M ≥12M,"qizdirish; ≥150°C; Reaksiya qizdirilganda boradi.",2Ag + 2H2SO4(kons.) = Ag2SO4 + SO2↑ + 2H2O,,"Kuchli qizdirilganda kumush asta eriydi, SO₂ hidi seziladi.",,SO2,sezilarsiz,sekin,,Kumush konsentrlangan sulfat kislotada faqat kuchli qizdirilganda eriydi.,,
metkis-0039,metall-kislota,Magniyning konsentrlangan sulfat kislota bilan reaksiyasi,o'rta,litsey,record,Mg(s) lenta + H2SO4(aq) 18M ≥12M,"qizdirish; ≥40°C; Reaksiya qizdirilganda boradi.",4Mg + 5H2SO4(kons.) = 4MgSO4 + H2S↑ + 4H2O,,"Jadal reaksiya, palag'da tuxum hidi seziladi.",,H2S,ekzotermik,tez,,Faol metallar konsentrlangan sulfat kislotani chuqurroq — H₂S (yoki S) gacha qaytaradi.,,
metkis-0043,metall-kislota,Xromning sovuq konsentrlangan nitrat kislotada passivlanishi,o'rta,9-sinf,record,Cr(s) kukun + HNO3(aq) 14.4M ≥10M,"≤40°C; Sovuqda (xona haroratida).",,,Hech qanday o'zgarish kuzatilmaydi.,,,sezilarsiz,bir-zumda,ha,"Sovuq konsentrlangan nitrat kislota xromni passivlaydi: sirtda hosil bo'lgan zich oksid parda metallni himoya qiladi, shuning uchun reaksiya bormaydi. Shu sababli konsentrlangan nitrat kislota temir (po'lat) idishlarda tashiladi. Qizdirilganda parda buziladi va reaksiya boshlanadi.",,
metsuv-0014,metall-suv-ishqor,Qalayning natriy gidroksid eritmasi bilan reaksiyasi,o'rta,9-sinf,rules,Sn(s) granula + NaOH(aq) 2M,"qizdirish; ≥60°C; Qalay ishqor bilan qizdirilganda reaksiyaga kirishadi.",Sn + 2NaOH + 2H2O = Na2[Sn(OH)4] + H2↑,Sn + 2OH⁻ + 2H2O = [Sn(OH)4]²⁻ + H2↑,Qalay qizdirilganda ishqor eritmasida gaz (vodorod) ajratib eriydi.,,H2,sezilarsiz,sekin,,"Qalay amfoter metall: u nafaqat kislotalar, balki ishqorlar bilan ham reaksiyaga kirishib vodorod ajratadi. Bunda kompleks tuz — natriy tetragidroksostannat hosil bo'ladi. Shu sababli alyuminiy va rux idishlarda ishqoriy eritmalarni saqlab bo'lmaydi.",,
metsuv-0020,metall-suv-ishqor,Litiyning nikel(II) sulfat eritmasi bilan reaksiyasi,o'rta,9-sinf,rules,Li(s) bo'lak + NiSO4(aq) 0.5M,,2Li + NiSO4 + 2H2O = Ni(OH)2↓ + Li2SO4 + H2↑,2Li + Ni²⁺ + 2H2O = Ni(OH)2↓ + 2Li⁺ + H2↑,"Gaz ajraladi va och yashil nikel(II) gidroksid cho'kmasi tushadi; metall ajralmaydi.",Ni(OH)2 #7ec27a iviqsimon,H2,ekzotermik,tez,,"Litiy faollik qatorida nikeldan oldin tursa ham, uni tuz eritmasidan siqib chiqarmaydi: u birinchi navbatda suv bilan reaksiyaga kirishadi. Hosil bo'lgan ishqor esa tuz bilan almashinib, nikel(II) gidroksid cho'kmasini beradi.",,
metsuv-0021,metall-suv-ishqor,Kalsiyning mis(II) xlorid eritmasi bilan reaksiyasi,o'rta,9-sinf,rules,Ca(s) bo'lak + CuCl2(aq) 0.5M,,Ca + CuCl2 + 2H2O = Cu(OH)2↓ + CaCl2 + H2↑,Ca + Cu²⁺ + 2H2O = Cu(OH)2↓ + Ca²⁺ + H2↑,"Gaz ajraladi va ko'k mis(II) gidroksid cho'kmasi tushadi; metall ajralmaydi.",Cu(OH)2 #4a9be0 iviqsimon,H2,ekzotermik,tez,,"Kalsiy faollik qatorida misdan oldin tursa ham, uni tuz eritmasidan siqib chiqarmaydi: u birinchi navbatda suv bilan reaksiyaga kirishadi. Hosil bo'lgan ishqor esa tuz bilan almashinib, mis(II) gidroksid cho'kmasini beradi.",,
metsuv-0022,metall-suv-ishqor,Natriyning rux sulfat eritmasi bilan reaksiyasi,o'rta,9-sinf,rules,Na(s) bo'lak + ZnSO4(aq) 0.5M,,2Na + ZnSO4 + 2H2O = Zn(OH)2↓ + Na2SO4 + H2↑,2Na + Zn²⁺ + 2H2O = Zn(OH)2↓ + 2Na⁺ + H2↑,"Gaz ajraladi va oq rux gidroksid cho'kmasi tushadi; metall ajralmaydi.",Zn(OH)2 #f4f6f6 iviqsimon,H2,ekzotermik,tez,,"Natriy faollik qatorida ruxdan oldin tursa ham, uni tuz eritmasidan siqib chiqarmaydi: u birinchi navbatda suv bilan reaksiyaga kirishadi. Hosil bo'lgan ishqor esa tuz bilan almashinib, rux gidroksid cho'kmasini beradi.",,
metsuv-0025,metall-suv-ishqor,Qizdirilgan ruxning suv bug'i bilan reaksiyasi,o'rta,litsey,record,Zn(s) kukun + H2O(g),"qizdirish; ≥500°C; Metall qizdirilgan naycha ichida bo'ladi, ustidan suv bug'i o'tkaziladi (harorat chegarasi taxminiy).",Zn + H2O = ZnO + H2↑,,Qizdirilgan rux suv bug'i bilan oksidga aylanadi va vodorod ajraladi.,,H2,ekzotermik,o'rtacha,,"Rux oddiy sharoitda suv bilan deyarli reaksiyaga kirishmaydi, lekin yuqori haroratda suv bug'ini qaytarib, vodorod ajratadi.",,
mettuz-0020,metall-tuz,Ruxning temir(III) xlorid eritmasi bilan reaksiyasi,o'rta,8-sinf,rules,Zn(s) plastinka + FeCl3(aq) 0.5M,,Zn + 2FeCl3 = ZnCl2 + 2FeCl2,Zn + 2Fe³⁺ = Zn²⁺ + 2Fe²⁺,"Rux eriydi, eritma rangi o'zgaradi.",,,sezilarsiz,o'rtacha,,"Rux Fe³⁺ ionlarini avval Fe²⁺ gacha qaytaradi; rux ortiqcha bo'lsa, keyinchalik metall temir ham ajralishi mumkin. Bu yerda birinchi bosqich ko'rsatilgan.",,
mettuz-0033,metall-tuz,Alyuminiyning temir(II) xlorid eritmasi bilan reaksiyasi,o'rta,8-sinf,rules,Al(s) plastinka + FeCl2(aq) 0.5M,,2Al + 3FeCl2 = 2AlCl3 + 3Fe,2Al + 3Fe²⁺ = 2Al³⁺ + 3Fe,"Alyuminiy sirtida temir qatlami (qoramtir-kulrang) hosil bo'ladi, eritma rangi o'zgaradi.",,,sezilarsiz,o'rtacha,,"Alyuminiy faollik qatorida temir dan oldin turadi: alyuminiy atomlari elektron berib Al³⁺ ionlariga aylanadi, Fe²⁺ ionlari esa elektron qabul qilib metall temirga qaytariladi.",,
mettuz-0037,metall-tuz,Misning simob(II) nitrat eritmasi bilan reaksiyasi,o'rta,8-sinf,rules,Cu(s) sim + Hg(NO3)2(aq) 0.5M,,Cu + Hg(NO3)2 = Cu(NO3)2 + Hg,Cu + Hg²⁺ = Cu²⁺ + Hg,"Mis sirtida simob qatlami (kumushrang) hosil bo'ladi, eritma rangi o'zgaradi.",,,sezilarsiz,o'rtacha,,"Mis faollik qatorida simob dan oldin turadi: mis atomlari elektron berib Cu²⁺ ionlariga aylanadi, Hg²⁺ ionlari esa elektron qabul qilib metall simobga qaytariladi.",,
mettuz-0040,metall-tuz,Qalayning mis(II) sulfat eritmasi bilan reaksiyasi,o'rta,8-sinf,rules,Sn(s) granula + CuSO4(aq) 0.5M,,Sn + CuSO4 = SnSO4 + Cu,Sn + Cu²⁺ = Sn²⁺ + Cu,"Qalay sirtida mis qatlami (qizg'ish) hosil bo'ladi, eritma rangi o'zgaradi.",,,sezilarsiz,sekin,,"Qalay faollik qatorida mis dan oldin turadi: qalay atomlari elektron berib Sn²⁺ ionlariga aylanadi, Cu²⁺ ionlari esa elektron qabul qilib metall misga qaytariladi.",,
mettuz-0043,metall-tuz,Marganesning mis(II) sulfat eritmasi bilan reaksiyasi,o'rta,8-sinf,rules,Mn(s) kukun + CuSO4(aq) 0.5M,,Mn + CuSO4 = MnSO4 + Cu,Mn + Cu²⁺ = Mn²⁺ + Cu,"Marganes sirtida mis qatlami (qizg'ish) hosil bo'ladi, eritma rangi o'zgaradi.",,,sezilarsiz,o'rtacha,,"Marganes faollik qatorida mis dan oldin turadi: marganes atomlari elektron berib Mn²⁺ ionlariga aylanadi, Cu²⁺ ionlari esa elektron qabul qilib metall misga qaytariladi.",,
neytr-0027,neytrallanish,Oksalat kislota va natriy gidroksidning 1:2 mol nisbatdagi reaksiyasi (natriy oksalat hosil bo'lishi),o'rta,9-sinf,rules,H2C2O4(aq) 1M + NaOH(aq) 0.5M + C20H14O4(aq) 0.003M,,H2C2O4 + 2NaOH = Na2C2O4 + 2H2O,H2C2O4 + 2OH⁻ = C2O4²⁻ + 2H2O,"Ko'zga ko'rinadigan o'zgarish kam: eritma rangsiz qoladi, muhitni indikator bilan aniqlash mumkin.",,,ekzotermik,bir-zumda,,Ko'p negizli kislotalar asos bilan bosqichma-bosqich reaksiyaga kirishadi. Kislota va asosning mol nisbati 1:2 bo'lganda natriy oksalat hosil bo'ladi. Natriy oksalat kuchsiz kislota qoldig'i (C₂O₄²⁻) gidrolizlanib OH⁻ ionlarini hosil qiladi — eritma muhiti ishqoriy.,,
neytr-0028,neytrallanish,Oksalat kislota va kaliy gidroksidning 1:2 mol nisbatdagi reaksiyasi (kaliy oksalat hosil bo'lishi),o'rta,9-sinf,rules,H2C2O4(aq) 1M + KOH(aq) 0.5M + C20H14O4(aq) 0.003M,,H2C2O4 + 2KOH = K2C2O4 + 2H2O,H2C2O4 + 2OH⁻ = C2O4²⁻ + 2H2O,"Ko'zga ko'rinadigan o'zgarish kam: eritma rangsiz qoladi, muhitni indikator bilan aniqlash mumkin.",,,ekzotermik,bir-zumda,,Ko'p negizli kislotalar asos bilan bosqichma-bosqich reaksiyaga kirishadi. Kislota va asosning mol nisbati 1:2 bo'lganda kaliy oksalat hosil bo'ladi. Kaliy oksalat kuchsiz kislota qoldig'i (C₂O₄²⁻) gidrolizlanib OH⁻ ionlarini hosil qiladi — eritma muhiti ishqoriy.,,
oksid-0029,oksidlar,Rux oksidning natriy gidroksid bilan suyuqlantirilishi,o'rta,8-sinf,record,ZnO(s) kukun + NaOH(s) granula,"qizdirish; ≥350°C; Aralashma tigelda kuchli qizdirib suyuqlantiriladi (NaOH 318 °C da suyuqlanadi); harorat chegarasi taxminiy.",ZnO + 2NaOH = Na2ZnO2 + H2O↑,,"Aralashma suyuqlanadi, suv bug'i ajraladi; sovigach oq qotishma qoladi.",,,sezilarsiz,tez,,Suyuqlantirishda ZnO ishqor bilan suvsiz tuz — natriy sinkat Na2ZnO2 hosil qiladi. Suvli eritmada esa xuddi shu jarayon gidroksokompleks [Zn(OH)4]²⁻ hosil bo'lishi bilan boradi. Ikkala holat ham ZnO ning kislotali xossasini ko'rsatadi.,,
oksid-0030,oksidlar,Alyuminiy oksidning sulfat kislotada erishi,o'rta,9-sinf,rules,Al2O3(s) kukun + H2SO4(aq) 1M,"qizdirish; Kuchli kuydirilgan alyuminiy oksid (korund) kislotalarda deyarli erimaydi; tajriba uchun yangi olingan (kuydirilmagan) Al2O3 olinadi va isitiladi.",Al2O3 + 3H2SO4 = Al2(SO4)3 + 3H2O,Al2O3 + 6H⁺ = 2Al³⁺ + 3H2O,"Oq kukun isitilganda asta-sekin eriydi, rangsiz eritma hosil bo'ladi.",,,ekzotermik,sekin,,"Alyuminiy oksid amfoter oksid: kislotalar bilan tuz va suv hosil qiladi. Uning kristall panjarasi juda mustahkam bo'lgani uchun reaksiya sekin, faqat isitilganda boradi.",,
oksid-0031,oksidlar,Alyuminiy oksidning natriy gidroksid eritmasida erishi,o'rta,9-sinf,record,Al2O3(s) kukun + NaOH(aq) 4M,"qizdirish; ≥80°C; Konsentrlangan ishqor eritmasi bilan uzoq qizdiriladi; kuydirilgan Al2O3 deyarli erimaydi.",Al2O3 + 2NaOH + 3H2O = 2Na[Al(OH)4],Al2O3 + 2OH⁻ + 3H2O = 2[Al(OH)4]⁻,Oq kukun konsentrlangan ishqorda uzoq qizdirilganda asta-sekin eriydi.,,,sezilarsiz,sekin,,Alyuminiy oksid ishqor eritmalarida erib tetragidroksoalyuminat hosil qiladi — bu uning kislotali xossasini ko'rsatadi. Sanoatda boksitdan toza alyuminiy oksid olish (Bayer usuli) shu reaksiyaga asoslangan.,,
oksid-0032,oksidlar,Alyuminiy oksidning natriy gidroksid bilan suyuqlantirilishi,o'rta,9-sinf,record,Al2O3(s) kukun + NaOH(s) granula,"qizdirish; ≥350°C; Aralashma tigelda kuchli qizdirib suyuqlantiriladi (NaOH 318 °C da suyuqlanadi); harorat chegarasi taxminiy.",Al2O3 + 2NaOH = 2NaAlO2 + H2O↑,,"Aralashma suyuqlanadi, suv bug'i ajraladi; sovigach oq qotishma qoladi.",,,sezilarsiz,tez,,"Suyuqlantirishda alyuminiy oksid ishqor bilan suvsiz tuz — natriy metaalyuminat NaAlO2 hosil qiladi. Bu Al2O3 ning kislotali xossasini ko'rsatadi; suvli eritmada esa xuddi shu jarayon [Al(OH)4]⁻ kompleksining hosil bo'lishi bilan boradi.",,
oksid-0033,oksidlar,Alyuminiy oksidning soda bilan suyuqlantirilishi,o'rta,10-sinf,record,Al2O3(s) kukun + Na2CO3(s) kukun,"qizdirish; ≥900°C; Aralashma mufel pechida yuqori haroratda suyuqlantiriladi (Na2CO3 851 °C da suyuqlanadi); harorat chegarasi taxminiy.",Al2O3 + Na2CO3 = 2NaAlO2 + CO2↑,,"Suyuqlanmada gaz pufakchalari ajraladi; sovigach oq qotishma qoladi.",,CO2,endotermik,tez,,Suyuqlanmada amfoter Al2O3 kislotali oksid sifatida karbonatdan uchuvchan CO2 ni siqib chiqaradi. Bu reaksiya alyuminiy birikmalari ishlab chiqarishda boksitni qayta ishlash usullaridan biri hisoblanadi.,,
oksid-0035,oksidlar,Qo'rg'oshin(II) oksidning konsentrlangan ishqor eritmasida erishi,o'rta,10-sinf,record,PbO(s) kukun + NaOH(aq) 4M,"qizdirish; Konsentrlangan ishqor eritmasi bilan isitiladi.",PbO + 2NaOH + H2O = Na2[Pb(OH)4],PbO + 2OH⁻ + H2O = [Pb(OH)4]²⁻,"Sariq kukun isitilgan konsentrlangan ishqorda asta-sekin eriydi, rangsiz eritma hosil bo'ladi.",,,sezilarsiz,o'rtacha,,Qo'rg'oshin(II) oksid ishqor eritmasida erib tetragidroksoplyumbat(II) hosil qiladi. Bu PbO ning amfoter oksid ekanligini tasdiqlaydi.,,
oksid-0036,oksidlar,Xrom(III) oksidning natriy gidroksid bilan suyuqlantirilishi,o'rta,litsey,record,Cr2O3(s) kukun + NaOH(s) granula,"qizdirish; ≥350°C; Aralashma tigelda kuchli qizdirib suyuqlantiriladi (NaOH 318 °C da suyuqlanadi); harorat chegarasi taxminiy.",Cr2O3 + 2NaOH = 2NaCrO2 + H2O↑,,"Yashil kukun ishqor bilan suyuqlantirilganda suv bug'i ajraladi, yashil qotishma hosil bo'ladi.",,,sezilarsiz,o'rtacha,,"Xrom(III) oksid kislotalarda ham, ishqor eritmalarida ham juda qiyin eriydi, lekin suyuqlantirishda ishqor bilan xromit hosil qiladi — bu uning kislotali xossasini ko'rsatadi. Havo kislorodi yoki oksidlovchi ishtirokida suyuqlanmada sariq xromat ham hosil bo'lishi mumkin.",,
oksid-0037,oksidlar,Temir(III) oksidning natriy gidroksid bilan suyuqlantirilishi,o'rta,litsey,record,Fe2O3(s) kukun + NaOH(s) granula,"qizdirish; ≥350°C; Aralashma tigelda kuchli qizdirib suyuqlantiriladi (NaOH 318 °C da suyuqlanadi); harorat chegarasi taxminiy.",Fe2O3 + 2NaOH = 2NaFeO2 + H2O↑,,"Qizil-qo'ng'ir kukun ishqor bilan suyuqlantirilganda suv bug'i ajraladi, qo'ng'ir qotishma hosil bo'ladi.",,,sezilarsiz,o'rtacha,,"Temir(III) oksidning kislotali xossasi juda kuchsiz: u ishqor eritmalarida amalda erimaydi, ammo ishqor bilan suyuqlantirilganda ferrit hosil qiladi. Shu sababli Fe2O3 kuchsiz amfoter oksid hisoblanadi.",,
oksid-0048,oksidlar,Kremniy(IV) oksidning natriy gidroksid bilan suyuqlantirilishi,o'rta,9-sinf,record,SiO2(s) kukun + NaOH(s) granula,"qizdirish; ≥350°C; Aralashma tigelda kuchli qizdirib suyuqlantiriladi (NaOH 318 °C da suyuqlanadi); harorat chegarasi taxminiy.",SiO2 + 2NaOH = Na2SiO3 + H2O↑,,"Aralashma suyuqlanadi, suv bug'i ajraladi; sovigach shishasimon massa — natriy silikat qoladi, u suvda eriydi.",,,sezilarsiz,o'rtacha,,"Kremniy(IV) oksid suv va kislotalar bilan reaksiyaga kirishmaydi, lekin kislotali oksid sifatida ishqorlar bilan suyuqlantirilganda silikat hosil qiladi. Natriy silikatning konsentrlangan eritmasi 'suyuq shisha' deb ataladi.",,
oksid-0049,oksidlar,Kremniy(IV) oksidning soda bilan suyuqlantirilishi (shisha olish asosi),o'rta,9-sinf,record,SiO2(s) kukun + Na2CO3(s) kukun,"qizdirish; ≥900°C; Aralashma mufel pechida yuqori haroratda suyuqlantiriladi (Na2CO3 851 °C da suyuqlanadi); harorat chegarasi taxminiy.",SiO2 + Na2CO3 = Na2SiO3 + CO2↑,,"Suyuqlanmadan gaz pufakchalari ajraladi; sovigach shishasimon massa qoladi.",,CO2,endotermik,o'rtacha,,"Suvli eritmada karbonat kislota silikat kislotadan kuchli, ammo suyuqlanmada uchuvchan bo'lmagan SiO2 uchuvchan CO2 ni siqib chiqaradi. Oddiy deraza shishasi qum, soda va ohaktosh aralashmasini suyuqlantirib olinadi.",,
oksid-0052,oksidlar,Kalsiy oksidning karbonat angidrid bilan birikishi,o'rta,8-sinf,record,CaO(s) kukun + CO2(g),"qizdirish; ≥400°C; ≤800°C; Quruq kalsiy oksid CO2 oqimida qizdiriladi; xona haroratida reaksiya juda sekin. Harorat kalsiy karbonatning parchalanish haroratidan past bo'lishi kerak (chegaralar taxminiy).",CaO + CO2 = CaCO3,,"Oq kukunning tashqi ko'rinishi deyarli o'zgarmaydi; massasi ortadi. Mahsulot kislota ta'sirida CO2 ajratadi.",,,ekzotermik,o'rtacha,,"Asosli va kislotali oksidlar o'zaro birikib tuz hosil qiladi. Ohak havoda saqlanganda CO2 ni yutib, asta-sekin kalsiy karbonatga aylanadi — shuning uchun so'ndirilmagan ohak germetik idishda saqlanadi.",,
oksid-0053,oksidlar,Kalsiy oksidning kremniy(IV) oksid bilan suyuqlantirilishi,o'rta,9-sinf,record,CaO(s) kukun + SiO2(s) kukun,"qizdirish; ≥1000°C; Reaksiya juda yuqori haroratda (taxminan 1000 °C dan yuqori), sanoatda — domna pechida shlak hosil bo'lishida boradi.",CaO + SiO2 = CaSiO3,,"Aralashma juda yuqori haroratda suyuqlanib, sovigach shishasimon (shlak) massaga aylanadi.",,,ekzotermik,o'rtacha,,Asosli oksid CaO va kislotali oksid SiO2 yuqori haroratda birikib kalsiy silikat hosil qiladi. Metallurgiyada ohaktosh flyus sifatida qo'shiladi: u ruda tarkibidagi qum bilan oson suyuqlanadigan shlak hosil qiladi.,,
oksid-0055,oksidlar,Kalsiy oksidning fosfor(V) oksid bilan birikishi,o'rta,9-sinf,record,CaO(s) kukun + P2O5(s) kukun,"qizdirish; Quruq oksidlar aralashmasi tigelda qizdiriladi.",3CaO + P2O5 = Ca3(PO4)2,,Quruq oq kukunlar aralashmasi qizdirilganda qiziydi va oq qattiq massaga aylanadi.,,,ekzotermik,o'rtacha,,Asosli va kislotali oksidlar o'zaro ta'sirlashib tuz hosil qiladi. Kalsiy ortofosfat suyak va fosforitlar tarkibiga kiradi.,,
oksid-0056,oksidlar,Kalsiy oksidning oltingugurt(VI) oksid bilan birikishi,o'rta,9-sinf,record,CaO(s) kukun + SO3(s) kristall,"Quruq oksidlar o'zaro ta'sirlashadi; namoyish o'qituvchi tomonidan mo'rili shkafda o'tkaziladi.",CaO + SO3 = CaSO4,,Oksidlar aralashtirilganda massa qiziydi va oq qattiq tuzga aylanadi.,,,ekzotermik,tez,,"Asosli va kislotali oksidlar suvsiz sharoitda bevosita birikib tuz hosil qiladi. Oksidlarning kislota-asos xossalari qanchalik farq qilsa, ular shunchalik oson ta'sirlashadi.",,
polimer-0002,polimerlar,Stirolning polimerlanishi (polistirol olish),o'rta,11-sinf,record,C6H5CH=CH2(l),"qizdirish; ≥100°C; ≤150°C; katalizator: (C6H5COO)2; Stirolga ozgina initsiator (benzoil peroksid) qo'shilib, qaytar sovutgichli kolbada uzoq vaqt qizdiriladi; suyuqlik asta-sekin quyuqlashadi.",nC6H5CH=CH2 → (–CH2–CH(C6H5)–)n,,Suyuq stirol uzoq qizdirilganda tobora quyuqlashadi va sovutilganda shaffof qattiq massa — polistirolga aylanadi.,,,ekzotermik,juda-sekin,,"Stirol radikal mexanizm bo'yicha polimerlanib, polistirol hosil qiladi. Polistirol termoplastik polimer: qizdirilganda yumshaydi va shakl beriladi. Undan bir martalik idishlar va ko'pikli izolatsiya materiali (penoplast) tayyorlanadi.",,
polimer-0003,polimerlar,Metilmetakrilatning polimerlanishi (organik shisha olish),o'rta,11-sinf,record,CH2=C(CH3)COOCH3(l),"qizdirish; ≥60°C; ≤150°C; katalizator: (C6H5COO)2; Metilmetakrilatga initsiator (benzoil peroksid) qo'shilib, probirka 60–80 °C li suv hammomida bir necha soat qizdiriladi.",nCH2=C(CH3)COOCH3 → (–CH2–C(CH3)(COOCH3)–)n,,"Suyuq monomer asta-sekin quyuqlashib, shaffof qattiq massa — organik shishaga aylanadi.",,,ekzotermik,juda-sekin,,"Metilmetakrilat radikal polimerlanib, shaffof va mustahkam polimer — polimetilmetakrilat (organik shisha, pleksiglas) hosil qiladi. U yorug'likni yaxshi o'tkazadi va oddiy shishaga qaraganda yengil hamda sinmaydi.",,
polimer-0005,polimerlar,Polistirolning qizdirilganda depolimerlanishi,o'rta,11-sinf,record,(–CH2–CH(C6H5)–)n(s),"qizdirish; ≥300°C; Polistirol bo'laklari gaz chiqarish naychali probirkada qizdiriladi, ajralgan bug'lar sovuq probirkada kondensatlanadi.",(–CH2–CH(C6H5)–)n → nC6H5CH=CH2↑,,"Polistirol suyuqlanib qaynaydi; qabul qiluvchi probirkada o'ziga xos shirinsimon hidli rangsiz-sarg'ish suyuqlik yig'iladi; u bromli suvni rangsizlantiradi.",,,endotermik,o'rtacha,,"Polistirol qizdirilganda depolimerlanib, asosan monomer — stirolni hosil qiladi. Olingan suyuqlikning bromli suvni rangsizlantirishi unda qo'shbog'li modda borligini, ya'ni polimer monomerga parchalanganini ko'rsatadi.",,
polimer-0008,polimerlar,Kaprolaktamdan kapron olish,o'rta,11-sinf,record,C6H11NO(s),"qizdirish; ≥250°C; Sanoatda kaprolaktam oz miqdordagi suv (initsiator) ishtirokida 250–270 °C da qizdiriladi.",nC6H11NO → [–NH(CH2)5CO–]n,,"Suyuqlangan kaprolaktam asta-sekin quyuqlashadi; suyuqlanmadan tola tortish mumkin bo'ladi, sovutilganda qattiq oq massa hosil bo'ladi.",,,sezilarsiz,juda-sekin,,"Kapron (polikaproamid, neylon-6) kaprolaktam halqasining ochilishi hisobiga hosil bo'ladi. Bu jarayonda qo'shimcha modda ajralmaydi, shuning uchun u polimerlanish hisoblanadi, lekin hosil bo'lgan polimer poliamid — polikondensatlanish mahsulotlariga o'xshash tuzilishga ega. Kapron tolalar, arqonlar va paypoqlar tayyorlashda ishlatiladi.",,
polimer-0009,polimerlar,Butadienning natriy ishtirokida polimerlanishi (Lebedev sintetik kauchugi),o'rta,10-sinf,record,CH2=CHCH=CH2(g),"katalizator: Na; S.V. Lebedev usuli: butadien metall natriy ishtirokida polimerlanadi (sanoat jarayoni, virtual model).",nCH2=CH–CH=CH2 → (–CH2–CH=CH–CH2–)n,,"Gazsimon butadien elastik, kauchuksimon qattiq massaga aylanadi.",,,ekzotermik,sekin,,"1932-yilda S.V. Lebedev etanoldan butadien olib, uni natriy ishtirokida polimerlab, birinchi sanoat sintetik kauchugini yaratgan. Polibutadien molekulasida qo'shbog'lar saqlanib qoladi, shuning uchun u tabiiy kauchuk kabi vulkanlanadi.",,
polimer-0016,polimerlar,Tabiiy kauchukning to'yinmaganligini bromli suv bilan aniqlash,o'rta,10-sinf,record,(–CH2–C(CH3)=CH–CH2–)n(s) + bromli-suv(aq),Kauchuk mayda bo'laklarga qirqiladi yoki uning benzindagi eritmasidan foydalaniladi.,(–CH2–C(CH3)=CH–CH2–)n + nBr2 → (–CH2–CBr(CH3)–CHBr–CH2–)n,,Kauchuk bo'laklari bilan chayqatilgan bromli suv asta-sekin rangsizlanadi (kauchuk eritmasida tezroq).,,,sezilarsiz,sekin,,"Tabiiy kauchuk — izoprenning polimeri; polimer zvenolarida qo'shbog'lar saqlanib qolgani uchun u bromli suvni rangsizlantiradi. Shu qo'shbog'lar hisobiga kauchuk oltingugurt bilan vulkanlanadi va havoda asta-sekin oksidlanib eskiradi.",,
redoks-0010,oksidlanish-qaytarilish,Natriy tiosulfatning kislotali muhitda kaliy permanganat bilan oksidlanishi,o'rta,litsey,record,KMnO4(aq) 0.02M + H2SO4(aq) 1M + Na2S2O3(aq) 0.05M,"muhit: kislotali; Tiosulfat kislotalangan permanganatga oz-ozdan qo'shiladi (permanganat ortiqcha bo'lishi kerak).",8KMnO4 + 5Na2S2O3 + 7H2SO4 = 8MnSO4 + 5Na2SO4 + 4K2SO4 + 7H2O,8MnO4⁻ + 5S2O3²⁻ + 14H⁺ = 8Mn²⁺ + 10SO4²⁻ + 7H2O,Tiosulfat tomchilari tushganda binafsha rang yo'qoladi.,,,sezilarsiz,bir-zumda,,"Kuchli oksidlovchi — permanganat tiosulfatni sulfatgacha oksidlaydi, yod esa (kuchsizroq oksidlovchi) uni faqat tetrationatgacha oksidlaydi. Oksidlovchining kuchiga qarab bir xil qaytaruvchidan turli mahsulotlar hosil bo'lishi mumkin.",,
redoks-0012,oksidlanish-qaytarilish,Kaliy permanganat va marganes(II) sulfatning o'zaro ta'siri (komproporsiyalanish),o'rta,litsey,record,MnSO4(aq) 0.1M + CH3COONa(aq) 1M + KMnO4(aq) 0.02M,"muhit: neytral; Hosil bo'ladigan kislotani bog'lash uchun natriy atsetat qo'shiladi.",2KMnO4 + 3MnSO4 + 4CH3COONa + 2H2O = 5MnO2↓ + K2SO4 + 2Na2SO4 + 4CH3COOH,2MnO4⁻ + 3Mn²⁺ + 4CH3COO⁻ + 2H2O = 5MnO2↓ + 4CH3COOH,"Binafsha rang yo'qoladi, qo'ng'ir-qora MnO₂ cho'kmasi tushadi.",MnO2 #2a2420 iviqsimon,,sezilarsiz,o'rtacha,,"Bir elementning yuqori va past oksidlanish darajasidagi birikmalari o'zaro ta'sirlashib oraliq oksidlanish darajasidagi modda hosil qilishi komproporsiyalanish deyiladi. Kuchli kislotali muhitda bu reaksiya sekinlashadi, shuning uchun permanganat bilan titrlashda eritma yetarlicha kislotalanadi.",,
redoks-0013,oksidlanish-qaytarilish,Kaliy permanganatning konsentrlangan ishqorda qizdirilganda manganatga aylanishi,o'rta,litsey,record,KMnO4(s) kristall + KOH(aq) 8M ≥4M,"qizdirish; ≥70°C; Faqat konsentrlangan (≈ 30–40%) kaliy gidroksid bilan, qizdirilganda.",4KMnO4 + 4KOH = 4K2MnO4 + O2↑ + 2H2O,4MnO4⁻ + 4OH⁻ = 4MnO4²⁻ + O2↑ + 2H2O,"Qizdirilganda binafsha eritma asta-sekin yashil rangga kiradi, mayda pufakchalar ajraladi.",,O2,sezilarsiz,o'rtacha,,"Kuchli ishqoriy muhitda va qizdirilganda permanganat ioni gidroksid ionlarini kislorodgacha oksidlab, o'zi yashil manganatga qaytariladi. Manganat faqat kuchli ishqoriy eritmada barqaror; suyultirilganda yoki kislotalanganda u disproporsiyalanib yana permanganat va MnO₂ beradi («kimyoviy xameleon»).",,
redoks-0019,oksidlanish-qaytarilish,Vodorod peroksidning kislotali muhitda kaliy dixromat bilan oksidlanishi,o'rta,litsey,record,K2Cr2O7(aq) 0.05M + H2SO4(aq) 1M + H2O2(aq) 0.88M,"muhit: kislotali; Reaksiya oraliq ko'k birikma (xrom peroksidi CrO₅) orqali boradi.",K2Cr2O7 + 3H2O2 + 4H2SO4 = Cr2(SO4)3 + 3O2↑ + K2SO4 + 7H2O,Cr2O7²⁻ + 3H2O2 + 8H⁺ = 2Cr³⁺ + 3O2↑ + 7H2O,"Eritma bir lahzaga to'q ko'k rangga kiradi, so'ng gaz ajralib, yashil rangga o'tadi.",,O2,sezilarsiz,tez,,"Kislotali muhitda dixromat va vodorod peroksid avval ko'k rangli beqaror xrom peroksidini hosil qiladi; u parchalanib Cr³⁺ va kislorod beradi. Bu yerda H₂O₂ qaytaruvchi vazifasini bajaradi.",,
redoks-0022,oksidlanish-qaytarilish,Oksalat kislotaning kaliy dixromat bilan qizdirilganda oksidlanishi,o'rta,litsey,record,K2Cr2O7(aq) 0.05M + H2SO4(aq) 1M + H2C2O4(aq) 0.1M,"qizdirish; ≥60°C; muhit: kislotali",K2Cr2O7 + 3H2C2O4 + 4H2SO4 = Cr2(SO4)3 + 6CO2↑ + K2SO4 + 7H2O,Cr2O7²⁻ + 3H2C2O4 + 8H⁺ = 2Cr³⁺ + 6CO2↑ + 7H2O,"Qizdirilganda gaz pufakchalari ajraladi, eritma to'q sariqdan yashil-ko'kimtir rangga o'tadi.",,CO2,sezilarsiz,o'rtacha,,Qizdirilganda dixromat oksalat kislotani karbonat angidridgacha oksidlaydi va o'zi Cr³⁺ ga qaytariladi. Cr³⁺ ionlari oksalat ionlari bilan kompleks hosil qilgani uchun eritma rangi ko'kimtir-binafsha tusda bo'lishi mumkin.,,
redoks-0025,oksidlanish-qaytarilish,Natriy geksagidroksoxromat(III) ning ishqoriy muhitda brom bilan oksidlanishi,o'rta,litsey,record,Na3[Cr(OH)6](aq) 0.05M + NaOH(aq) 2M + bromli-suv(aq),"qizdirish; ≥50°C; Xromit eritmasiga ortiqcha ishqor va bromli suv qo'shilib, iliq holda kuzatiladi.",2Na3[Cr(OH)6] + 3Br2 + 4NaOH = 2Na2CrO4 + 6NaBr + 8H2O,2[Cr(OH)6]³⁻ + 3Br2 + 4OH⁻ = 2CrO4²⁻ + 6Br⁻ + 8H2O,"Bromning rangi yo'qoladi, yashil eritma sariq rangga o'tadi.",,,sezilarsiz,o'rtacha,,"Ishqoriy muhitda xrom(III) kuchli qaytaruvchi bo'lib, brom uni xromatgacha oksidlaydi. Bu reaksiya xrom ionini aniqlashda (sariq xromatga aylantirib) ishlatiladi.",,
redoks-0031,oksidlanish-qaytarilish,Vodorod sulfidning vodorod peroksid bilan oksidlanishi,o'rta,10-sinf,record,H2S(aq) 0.1M + H2O2(aq) 0.88M,,H2S + H2O2 = S↓ + 2H2O,H2S + H2O2 = S↓ + 2H2O,"Eritma asta-sekin oq-sarg'ish loyqalanadi, H₂S hidi yo'qoladi.",S #f2dc3a kolloid,,sezilarsiz,o'rtacha,,Vodorod peroksid sulfid oltingugurtni erkin oltingugurtgacha oksidlaydi (ortiqcha peroksid bilan uzoq turganda sulfatgacha ham). Bu reaksiyadan suvni vodorod sulfiddan tozalashda foydalaniladi.,,
redoks-0035,oksidlanish-qaytarilish,Qo'rg'oshin(IV) oksidning nitrat kislotali muhitda vodorod peroksid bilan qaytarilishi,o'rta,litsey,record,PbO2(s) kukun + HNO3(aq) 2M + H2O2(aq) 0.88M,muhit: kislotali,PbO2 + H2O2 + 2HNO3 = Pb(NO3)2 + O2↑ + 2H2O,PbO2 + H2O2 + 2H⁺ = Pb²⁺ + O2↑ + 2H2O,"To'q qo'ng'ir kukun gaz ajratib eriydi, eritma rangsiz bo'lib qoladi.",,O2,sezilarsiz,tez,,"Qo'rg'oshin(IV) oksid kuchli oksidlovchi bo'lib, kislotali muhitda vodorod peroksidni kislorodgacha oksidlaydi va o'zi eriydigan Pb²⁺ tuziga aylanadi. Bu PbO₂ ni idishlardan tozalash usullaridan biridir.",,
redoks-0036,oksidlanish-qaytarilish,Kaliy geksatsianoferrat(III) ning ishqoriy muhitda vodorod peroksid bilan qaytarilishi,o'rta,universitet,record,K3[Fe(CN)6](aq) 0.1M + KOH(aq) 1M + H2O2(aq) 0.88M,muhit: ishqoriy,2K3[Fe(CN)6] + H2O2 + 2KOH = 2K4[Fe(CN)6] + O2↑ + 2H2O,2[Fe(CN)6]³⁻ + H2O2 + 2OH⁻ = 2[Fe(CN)6]⁴⁻ + O2↑ + 2H2O,"Sariq eritma ochroq tusga kiradi, mayda gaz pufakchalari ajraladi.",,O2,sezilarsiz,o'rtacha,,"Kislotali muhitda vodorod peroksid geksatsianoferrat(II) ni oksidlaydi, ishqoriy muhitda esa aksincha, geksatsianoferrat(III) ni qaytaradi. Reaksiya yo'nalishining muhitga bog'liqligi H₂O₂ ning oksidlovchi-qaytaruvchi ikki xil xossasini ko'rsatadi.",,
redoks-0037,oksidlanish-qaytarilish,Kaliy geksatsianoferrat(II) ning kislotali muhitda vodorod peroksid bilan oksidlanishi,o'rta,universitet,record,K4[Fe(CN)6](aq) 0.1M + H2SO4(aq) 0.5M + H2O2(aq) 0.88M,muhit: kislotali,2K4[Fe(CN)6] + H2O2 + H2SO4 = 2K3[Fe(CN)6] + K2SO4 + 2H2O,2[Fe(CN)6]⁴⁻ + H2O2 + 2H⁺ = 2[Fe(CN)6]³⁻ + 2H2O,Och sariq eritma to'qroq sariq-zarg'aldoq tusga kiradi.,,,sezilarsiz,o'rtacha,,Kislotali muhitda vodorod peroksid sariq qon tuzini qizil qon tuziga oksidlaydi. Ishqoriy muhitda esa bu reaksiya teskari yo'nalishda boradi.,,
redoks-0049,oksidlanish-qaytarilish,Natriy tiosulfatning xlor bilan oksidlanishi (antixlor),o'rta,litsey,record,xlorli-suv(aq) + Na2S2O3(aq) 0.01M,"Xlor ortiqcha bo'lishi kerak; tiosulfat ortiqcha bo'lsa, hosil bo'lgan kislota ta'sirida oltingugurt loyqasi tushadi.",Na2S2O3 + 4Cl2 + 5H2O = 2NaCl + 2H2SO4 + 6HCl,S2O3²⁻ + 4Cl2 + 5H2O = 2SO4²⁻ + 8Cl⁻ + 10H⁺,Xlorli suvning sarg'ish rangi va o'tkir hidi yo'qoladi.,,,sezilarsiz,bir-zumda,,"Tiosulfat xlorni xlorid ionlarigacha qaytaradi, shuning uchun u «antixlor» sifatida — matolarni oqartirgandan keyin ortiqcha xlorni yo'qotishda ishlatiladi. Kuchli oksidlovchi bo'lgan xlor tiosulfatni yod kabi tetrationatgacha emas, sulfatgacha oksidlaydi.",,
redoks-0052,oksidlanish-qaytarilish,Natriy gipoxloritning qizdirilganda disproporsiyalanishi,o'rta,litsey,record,NaClO(aq) 0.7M,"qizdirish; ≥70°C; Gipoxlorit eritmasi uzoq vaqt qizdiriladi.",3NaClO = 2NaCl + NaClO3,3ClO⁻ = 2Cl⁻ + ClO3⁻,"Tashqi o'zgarish deyarli sezilmaydi; qizdirilgan eritma oqartiruvchi xossasini yo'qotadi.",,,sezilarsiz,sekin,,"Qizdirilganda gipoxlorit ioni beqaror bo'lib, xlorid va xloratga disproporsiyalanadi. Shu sababli oqartiruvchi eritmalar salqin joyda saqlanadi; xlorni issiq ishqorga yuttirganda ham shu sababli xlorat hosil bo'ladi.",,
redoks-0053,oksidlanish-qaytarilish,Natriy tiosulfatning bromli suv bilan oksidlanishi,o'rta,litsey,record,bromli-suv(aq) + Na2S2O3(aq) 0.01M,Brom ortiqcha bo'lishi kerak.,Na2S2O3 + 4Br2 + 5H2O = 2NaBr + 2H2SO4 + 6HBr,S2O3²⁻ + 4Br2 + 5H2O = 2SO4²⁻ + 8Br⁻ + 10H⁺,Bromli suvning zarg'aldoq rangi yo'qoladi.,,,sezilarsiz,bir-zumda,,"Brom, xlor kabi, tiosulfatni sulfatgacha oksidlaydi; yod esa uni faqat tetrationatgacha oksidlay oladi. Tiosulfat eritmasi teriga tushgan bromni zararsizlantirishda ishlatiladi.",,
redoks-0056,oksidlanish-qaytarilish,Temir(III) xlorid va kaliy bromid: reaksiya ketmasligi,o'rta,10-sinf,record,FeCl3(aq) 0.1M + KBr(aq) 0.1M,,,,"Eritma sarg'ish rangini saqlaydi, erkin brom ajralmaydi.",,,sezilarsiz,bir-zumda,ha,Oksidlanish-qaytarilish reaksiyasi kuchliroq oksidlovchi va kuchliroq qaytaruvchidan kuchsizroq oksidlovchi va qaytaruvchi hosil bo'ladigan yo'nalishda boradi. Fe³⁺ bromdan kuchsiz oksidlovchi bo'lgani uchun bromid ionlarini oksidlamaydi.,,
redoks-0057,oksidlanish-qaytarilish,Temir(II) sulfat va yodli suv: reaksiya ketmasligi,o'rta,10-sinf,record,FeSO4(aq) 0.1M + yodli-suv(aq),,,,Yodli suvning rangi saqlanib qoladi.,,,sezilarsiz,bir-zumda,ha,"I₂/I⁻ juftining oksidlovchilik kuchi Fe³⁺/Fe²⁺ juftinikidan kichik, shuning uchun yod temir(II) ni oksidlamaydi. Teskari reaksiya — Fe³⁺ ning yodid bilan reaksiyasi esa oson boradi.",,
redoks-0058,oksidlanish-qaytarilish,Mis(II) sulfat va kaliy bromid: oksidlanish-qaytarilish reaksiyasi ketmasligi,o'rta,10-sinf,record,CuSO4(aq) 0.1M + KBr(aq) 0.1M,,,,"Cho'kma tushmaydi, erkin brom ajralmaydi; eritma ko'k rangini saqlaydi.",,,sezilarsiz,bir-zumda,ha,"Cu²⁺ ioni kuchsiz oksidlovchi; u yodid ionini faqat CuI ning juda kam eruvchanligi hisobiga oksidlaydi. Bromid ioni yodidga qaraganda kuchsiz qaytaruvchi bo'lgani uchun reaksiya bormaydi.",,
redoks-0060,oksidlanish-qaytarilish,Kaliy yodidning konsentrlangan sulfat kislota bilan reaksiyasi,o'rta,10-sinf,record,KI(s) kristall + H2SO4(aq) 18M ≥12M,Faqat konsentrlangan sulfat kislota bilan.,8KI + 9H2SO4(kons.) = 8KHSO4 + 4I2 + H2S↑ + 4H2O,8I⁻ + 9H2SO4 = 4I2 + H2S↑ + 8HSO4⁻ + 4H2O,"Kristallar qorayadi, binafsha yod bug'lari va qo'ng'ir massa hosil bo'ladi, palag'da tuxum hidi (H₂S) seziladi.",,H2S,ekzotermik,tez,,"Yodid ioni bromiddan kuchliroq qaytaruvchi bo'lgani uchun konsentrlangan sulfat kislotani SO₂ gacha emas, H₂S gacha qaytaradi. Galogenid ionlarining qaytaruvchilik xossasi Cl⁻ < Br⁻ < I⁻ qatorida ortadi.",,
redoks-0064,oksidlanish-qaytarilish,Temir(III) xloridning natriy sulfid bilan reaksiyasi,o'rta,litsey,rules,FeCl3(aq) 0.1M + Na2S(aq) 0.1M,,2FeCl3 + 3Na2S = 2FeS↓ + S↓ + 6NaCl,2Fe³⁺ + 3S²⁻ = 2FeS↓ + S↓,"Qora cho'kma hosil bo'ladi, uning ichida sarg'ish oltingugurt bor.",FeS #1a1a18 kukunsimon,,sezilarsiz,bir-zumda,,"Temir(III) ioni sulfid ionini erkin oltingugurtgacha oksidlaydi, shuning uchun temir(III) sulfid o'rniga temir(II) sulfid va oltingugurt aralashmasi cho'kadi. Bu almashinish va oksidlanish-qaytarilish birgalikda boradigan reaksiyaga misol.",,
redoks-0066,oksidlanish-qaytarilish,Mis(II) xloridning natriy sulfit bilan mis(I) xloridgacha qaytarilishi,o'rta,universitet,record,CuCl2(aq) 0.5M + Na2SO3(aq) 0.5M,Eritmada xlorid ionlari yetarli bo'lishi kerak.,2CuCl2 + Na2SO3 + H2O = 2CuCl↓ + Na2SO4 + 2HCl,2Cu²⁺ + 2Cl⁻ + SO3²⁻ + H2O = 2CuCl↓ + SO4²⁻ + 2H⁺,Yashil-ko'k eritma rangsizlanadi va oq cho'kma tushadi.,CuCl #f2f2ee kukunsimon,,sezilarsiz,tez,,"Sulfit mis(II) ni mis(I) gacha qaytaradi; xlorid ionlari ishtirokida mis(I) erimaydigan CuCl ko'rinishida cho'kadi va bu reaksiyani oxirigacha olib boradi. Mis(I) xlorid havoda nam holda asta-sekin yashil tusga kiradi.",,
redoks-0069,oksidlanish-qaytarilish,Vodorod sulfidning suyultirilgan nitrat kislota bilan oksidlanishi,o'rta,10-sinf,record,H2S(aq) 0.1M + HNO3(aq) 2M,muhit: kislotali,3H2S + 2HNO3 = 3S↓ + 2NO↑ + 4H2O,3H2S + 2NO3⁻ + 2H⁺ = 3S↓ + 2NO↑ + 4H2O,"Eritma oltingugurt bilan loyqalanadi, rangsiz gaz ajraladi va probirka og'zida qo'ng'ir tusga kiradi.",S #f2dc3a kolloid,NO,sezilarsiz,tez,,"Nitrat kislota azot hisobiga oksidlovchi bo'lib, suyultirilgan holda vodorod sulfidni oltingugurtgacha oksidlaydi va NO gacha qaytariladi. Konsentrlangan nitrat kislota esa oltingugurtni sulfat kislotagacha oksidlashi mumkin.",,
redoks-0070,oksidlanish-qaytarilish,Kaliy yodidning suyultirilgan nitrat kislota bilan oksidlanishi,o'rta,10-sinf,record,KI(aq) 0.1M + HNO3(aq) 2M,,6KI + 8HNO3 = 6KNO3 + 3I2 + 2NO↑ + 4H2O,6I⁻ + 2NO3⁻ + 8H⁺ = 3I2 + 2NO↑ + 4H2O,Eritma asta-sekin qo'ng'ir rangga kiradi (yod ajraladi).,,NO,sezilarsiz,o'rtacha,,"Nitrat kislota suyultirilgan holda ham kuchli oksidlovchi bo'lib, yodid ionlarini yodgacha oksidlaydi. Suyultirilgan kislota asosan NO gacha, konsentrlangani esa NO₂ gacha qaytariladi.",,
redoks-0071,oksidlanish-qaytarilish,Kaliy yodidning konsentrlangan nitrat kislota bilan oksidlanishi,o'rta,10-sinf,record,KI(s) kristall + HNO3(aq) 14.4M ≥10M,,2KI + 4HNO3(kons.) = 2KNO3 + I2 + 2NO2↑ + 2H2O,2I⁻ + 4H⁺ + 2NO3⁻ = I2 + 2NO2↑ + 2H2O,"Kristallar qorayadi, qo'ng'ir NO₂ gazi ajraladi va to'q qo'ng'ir yod hosil bo'ladi.",,NO2 #a8461c,ekzotermik,tez,,Konsentrlangan nitrat kislota yodid ionlarini yodgacha oksidlaydi va o'zi qo'ng'ir NO₂ gacha qaytariladi. Kislota konsentratsiyasi kamaygan sari mahsulot NO ga o'tadi.,,
redoks-0072,oksidlanish-qaytarilish,Temir(II) sulfatning nitrat kislota bilan qizdirilganda oksidlanishi,o'rta,10-sinf,record,FeSO4(aq) 0.5M + H2SO4(aq) 1M + HNO3(aq) 2M,"qizdirish; ≥60°C; muhit: kislotali",6FeSO4 + 2HNO3 + 3H2SO4 = 3Fe2(SO4)3 + 2NO↑ + 4H2O,3Fe²⁺ + NO3⁻ + 4H⁺ = 3Fe³⁺ + NO↑ + 2H2O,"Eritma avval qoramtir-qo'ng'ir tusga kiradi, qizdirilganda gaz ajralib, sariq rangga o'tadi.",,NO,sezilarsiz,o'rtacha,,Nitrat ionlari kislotali muhitda Fe²⁺ ni Fe³⁺ gacha oksidlaydi va NO ga qaytariladi. Nitratni aniqlashdagi «qo'ng'ir halqa» reaksiyasi ham shu jarayonga asoslangan.,,
redoks-0074,oksidlanish-qaytarilish,Natriy nitritning kislotali muhitda temir(II) sulfat bilan reaksiyasi,o'rta,litsey,record,FeSO4(aq) 0.5M + H2SO4(aq) 1M + NaNO2(aq) 0.5M,muhit: kislotali,2FeSO4 + 2NaNO2 + 2H2SO4 = Fe2(SO4)3 + 2NO↑ + Na2SO4 + 2H2O,Fe²⁺ + NO2⁻ + 2H⁺ = Fe³⁺ + NO↑ + H2O,"Eritma qoramtir-qo'ng'ir tusga kiradi, gaz pufakchalari ajraladi.",,NO,sezilarsiz,tez,,Kislotali muhitda nitrit Fe²⁺ ni Fe³⁺ gacha oksidlaydi va o'zi NO ga qaytariladi. Qo'ng'ir rang NO ning temir(II) bilan hosil qilgan beqaror kompleksi hisobiga.,,
redoks-0075,oksidlanish-qaytarilish,Qo'rg'oshin(IV) oksidning konsentrlangan xlorid kislota bilan reaksiyasi,o'rta,litsey,record,PbO2(s) kukun + HCl(aq) 11.6M ≥6M,"qizdirish; ≥50°C",PbO2 + 4HCl(kons.) = PbCl2↓ + Cl2↑ + 2H2O,PbO2 + 4H⁺ + 4Cl⁻ = PbCl2↓ + Cl2↑ + 2H2O,"To'q qo'ng'ir kukun oq kristall moddaga aylanadi, sarg'ish-yashil xlor ajraladi.",PbCl2 #f6f6f2 kristall,Cl2 #cfd65a,sezilarsiz,o'rtacha,,"Qo'rg'oshin(IV) oksid kuchli oksidlovchi bo'lib, xlorid ionlarini xlorgacha oksidlaydi va o'zi qo'rg'oshin(II) xloridga aylanadi. PbCl₂ sovuq suvda kam eriydi va oq kristallar ko'rinishida ajraladi.",,
redoks-0077,oksidlanish-qaytarilish,Kaliy xloratning konsentrlangan xlorid kislota bilan reaksiyasi,o'rta,10-sinf,record,KClO3(s) kristall + HCl(aq) 11.6M ≥6M,Juda oz miqdorda kaliy xlorat bilan.,KClO3 + 6HCl(kons.) = KCl + 3Cl2↑ + 3H2O,ClO3⁻ + 6H⁺ + 5Cl⁻ = 3Cl2↑ + 3H2O,"Kristallar ustida sarg'ish-yashil gaz ajraladi, eritma sarg'ayadi.",,Cl2 #cfd65a,sezilarsiz,tez,,"Kaliy xlorat kislotali muhitda kuchli oksidlovchi bo'lib, xlorid ionlarini xlorgacha oksidlaydi. Bu reaksiyada xlor atomlari ikki xil oksidlanish darajasidan (+5 va −1) bitta — 0 darajaga keladi.",,
redoks-0080,oksidlanish-qaytarilish,Temir(II) sulfatning kaliy xlorat bilan kislotali muhitda oksidlanishi,o'rta,universitet,record,FeSO4(aq) 0.5M + H2SO4(aq) 1M + KClO3(aq) 0.1M,"qizdirish; ≥60°C; muhit: kislotali",KClO3 + 6FeSO4 + 3H2SO4 = KCl + 3Fe2(SO4)3 + 3H2O,ClO3⁻ + 6Fe²⁺ + 6H⁺ = Cl⁻ + 6Fe³⁺ + 3H2O,Qizdirilganda och yashil eritma sariq rangga kiradi.,,,sezilarsiz,o'rtacha,,"Kislotali muhitda xlorat temir(II) ni temir(III) gacha oksidlaydi, o'zi esa xlorid ioniga qaytariladi. Xona haroratida bu reaksiya sekin, qizdirilganda tezlashadi.",,
redoks-0083,oksidlanish-qaytarilish,Marganes(IV) oksidning kislotali muhitda temir(II) sulfat bilan qaytarilishi,o'rta,universitet,record,MnO2(s) kukun + H2SO4(aq) 1M + FeSO4(aq) 0.5M,"qizdirish; ≥60°C; muhit: kislotali",MnO2 + 2FeSO4 + 2H2SO4 = MnSO4 + Fe2(SO4)3 + 2H2O,MnO2 + 2Fe²⁺ + 4H⁺ = Mn²⁺ + 2Fe³⁺ + 2H2O,"Qizdirilganda qora kukun asta-sekin eriydi, eritma sarg'ish tusga kiradi.",,,sezilarsiz,o'rtacha,,Kislotali muhitda marganes(IV) oksid temir(II) ni temir(III) gacha oksidlaydi. Bu reaksiya pirolyuzit tarkibidagi faol MnO₂ miqdorini aniqlashda ishlatiladi (ortiqcha Fe²⁺ permanganat bilan titrlanadi).,,
redoks-0085,oksidlanish-qaytarilish,Marganes(IV) oksidning oksalat kislota bilan qaytarilishi,o'rta,universitet,record,MnO2(s) kukun + H2SO4(aq) 1M + H2C2O4(aq) 0.5M,"qizdirish; ≥60°C; muhit: kislotali",MnO2 + H2C2O4 + H2SO4 = MnSO4 + 2CO2↑ + 2H2O,MnO2 + H2C2O4 + 2H⁺ = Mn²⁺ + 2CO2↑ + 2H2O,Qizdirilganda qora kukun gaz ajratib eriydi.,,CO2,sezilarsiz,o'rtacha,,Qizdirilganda kislotali muhitda MnO₂ oksalat kislotani CO₂ gacha oksidlaydi va o'zi Mn²⁺ ga qaytariladi. Bu reaksiya ham pirolyuzitning oksidlovchilik qobiliyatini aniqlashda qo'llaniladi.,,
redoks-0087,oksidlanish-qaytarilish,Kumush nitratning temir(II) sulfat bilan qaytarilishi,o'rta,litsey,record,AgNO3(aq) 0.1M + FeSO4(aq) 0.1M,"Reaksiya qaytar; konsentrlangan eritmalarda kumush yaxshi ajraladi.",3AgNO3 + 3FeSO4 = 3Ag↓ + Fe2(SO4)3 + Fe(NO3)3,Ag⁺ + Fe²⁺ = Ag↓ + Fe³⁺,"Eritma kulrang-qoramtir tusga kiradi, asta-sekin mayda kumush kukuni cho'kadi.",Ag #d8d8d8 kukunsimon,,sezilarsiz,sekin,,"Ag⁺/Ag va Fe³⁺/Fe²⁺ juftlarining oksidlovchilik kuchi bir-biriga yaqin, shuning uchun reaksiya qaytar va muvozanat konsentratsiyaga bog'liq. Kumushning cho'kmaga chiqishi muvozanatni o'ngga suradi.",,
redoks-0090,oksidlanish-qaytarilish,Temir(III) xloridning natriy tiosulfat bilan qaytarilishi,o'rta,universitet,record,FeCl3(aq) 0.1M + Na2S2O3(aq) 0.1M,,2FeCl3 + 2Na2S2O3 = 2FeCl2 + Na2S4O6 + 2NaCl,2Fe³⁺ + 2S2O3²⁻ = 2Fe²⁺ + S4O6²⁻,"Aralashtirilganda eritma bir lahzaga to'q binafsha rangga kiradi, so'ng asta-sekin rangsizlanadi.",,,sezilarsiz,o'rtacha,,"Temir(III) ionlari tiosulfatni tetrationatgacha oksidlaydi (yod kabi), o'zi esa temir(II) ga qaytariladi. Reaksiya oraliq binafsha kompleks orqali boradi, shuning uchun rangning o'zgarishi bir necha bosqichda kuzatiladi.",,
redoks-0091,oksidlanish-qaytarilish,Kaliy geksatsianoferrat(II) ning xlor bilan oksidlanishi,o'rta,universitet,record,K4[Fe(CN)6](aq) 0.1M + xlorli-suv(aq),,2K4[Fe(CN)6] + Cl2 = 2K3[Fe(CN)6] + 2KCl,2[Fe(CN)6]⁴⁻ + Cl2 = 2[Fe(CN)6]³⁻ + 2Cl⁻,Och sariq eritma to'qroq sariq-zarg'aldoq rangga kiradi.,,,sezilarsiz,bir-zumda,,"Xlor sariq qon tuzini qizil qon tuziga oksidlaydi: kompleks ion saqlanib qoladi, faqat markaziy atomning oksidlanish darajasi o'zgaradi. Sanoatda qizil qon tuzi shu usulda olinadi.",,
redoks-0092,oksidlanish-qaytarilish,Marganes(II) gidroksidning natriy gipoxlorit bilan oksidlanishi,o'rta,litsey,record,MnSO4(aq) 0.1M + NaOH(aq) 1M + NaClO(aq) 0.7M,"Avval Mn(OH)₂ cho'kmasi olinadi, so'ng gipoxlorit qo'shiladi.",MnSO4 + 2NaOH + NaClO = MnO2↓ + NaCl + Na2SO4 + H2O,Mn(OH)2 + ClO⁻ = MnO2↓ + Cl⁻ + H2O,Oq-pushti cho'kma darhol qora-qo'ng'ir rangga kiradi.,MnO2 #2a2420 iviqsimon,,sezilarsiz,tez,,"Ishqoriy muhitda gipoxlorit kuchli oksidlovchi bo'lib, marganes(II) ni marganes(IV) oksidigacha oksidlaydi. Bu reaksiya marganesni boshqa kationlardan ajratishda ishlatiladi.",,
sakarid-0008,uglevodlar,Glyukozaning spirtli bijg'ishi,o'rta,10-sinf,record,C6H12O6(aq) 0.5M,"katalizator: achitqi; Glyukoza eritmasiga ozgina achitqi qo'shilib, iliq joyda (25–35 °C) bir necha soat qoldiriladi; ajralgan gaz ohakli suvga o'tkaziladi.",C6H12O6 → 2C2H5OH + 2CO2↑,,"Bir necha soatdan so'ng eritmadan gaz pufakchalari ajrala boshlaydi, yuzada ko'pik hosil bo'ladi; gaz ohakli suvni loyqalantiradi, eritmadan spirt hidi keladi.",,CO2,ekzotermik,juda-sekin,,"Spirtli bijg'ish — achitqi fermentlari ta'sirida glyukozaning etil spirti va karbonat angidridga parchalanishi. Non yopishda xamirning ko'pchishi va vino tayyorlash shu jarayonga asoslangan. Jarayon biokimyoviy va ko'p bosqichli; tenglama faqat umumiy natijani ko'rsatadi.",,
sakarid-0009,uglevodlar,Saxarozaning konsentrlangan sulfat kislota ta'sirida ko'mirlanishi,o'rta,10-sinf,record,C12H22O11(s) + H2SO4(aq) 18M ≥15M,"katalizator: H2SO4; Konsentrlangan sulfat kislota suvni tortib oluvchi modda sifatida ta'sir ko'rsatadi; uning bir qismi hosil bo'lgan ko'mirni oksidlab, SO₂ va CO₂ ajratadi.",C12H22O11 → 12C + 11H2O,,"Oq shakar avval sarg'ayadi, so'ng qorayadi; qora g'ovak massa ""ilon"" kabi stakandan yuqoriga ko'tariladi, bug' va o'tkir hidli gaz (SO₂) ajraladi, stakan qattiq qiziydi.",,,kuchli-ekzotermik,o'rtacha,,"Konsentrlangan sulfat kislota kuchli suv tortib oluvchi modda: u uglevodlardan suvni tortib olib, ularni ko'mirga aylantiradi. Uglevodlarning nomi ham ularning tarkibi Cₙ(H₂O)ₘ kabi yozilishi bilan bog'liq. Ajralgan gazlar ko'mirni ko'pirtirib, g'ovak massa hosil qiladi.",,
sakarid-0010,uglevodlar,Saxarozaning qizdirilganda karamellanishi va ko'mirlanishi,o'rta,10-sinf,record,C12H22O11(s),"qizdirish; ≥200°C; Quruq probirkada shakar avval suyuqlanadi (karamel), keyin kuchli qizdirilganda ko'mirlanadi.",C12H22O11 → 12C + 11H2O↑,,"Shakar suyuqlanib sarg'ayadi, so'ng jigarrang karamelga aylanadi va kuyik hidi chiqadi; oxirida qora ko'mir qoladi, probirka devorida suv tomchilari paydo bo'ladi.",,,endotermik,o'rtacha,,"Uglevodlar qizdirilganda parchalanib, ko'mir va suv hosil qiladi. Bu ularning tarkibida uglerod, vodorod va kislorod borligini ko'rsatadi. Oraliq bosqichda hosil bo'ladigan karamel qandolatchilikda ishlatiladi.",,
sakarid-0012,uglevodlar,Sellyulozaning (filtr qog'ozning) kislotali gidrolizi,o'rta,10-sinf,record,[C6H7O2(OH)3]n(s) + H2O(l),"qizdirish; ≥90°C; katalizator: H2SO4; Filtr qog'oz bo'lakchalari ozgina konsentrlangan sulfat kislotada eritilib, eritma suv bilan suyultiriladi va 10–15 daqiqa qaynatiladi.",[C6H7O2(OH)3]n + nH2O → nC6H12O6,,"Qog'oz bo'lakchalari kislotada erib, rangsiz (biroz sarg'ish) quyuq eritma hosil bo'ladi; qaynatilib neytrallangan eritma Cu(OH)₂ bilan qizdirilganda qizil Cu₂O cho'kmasi beradi.",,,sezilarsiz,sekin,,"Sellyuloza ham kraxmal kabi glyukoza qoldiqlaridan tuzilgan, shuning uchun kislotali gidrolizda glyukoza hosil qiladi. Sanoatda yog'och qipiqlarini gidrolizlab glyukoza, undan esa bijg'itib etil spirti olinadi (gidroliz spirti).",,
sakarid-0014,uglevodlar,Saxarozaning ko'p atomli spirt sifatida mis(II) gidroksid bilan reaksiyasi,o'rta,10-sinf,record,C12H22O11(aq) 0.3M + Cu(OH)2(s),"Cu(OH)₂ ortiqcha ishqor ishtirokida yangi cho'ktirib olinadi; reaksiya xona haroratida boradi.",2C12H22O11 + Cu(OH)2 → (C12H21O11)2Cu + 2H2O,,"Havorang Cu(OH)₂ cho'kmasi eriydi, to'q ko'k eritma hosil bo'ladi; qizdirilganda qizil cho'kma hosil bo'lmaydi.",,,sezilarsiz,tez,,Saxaroza ko'p atomli spirt xossasini namoyon qiladi va Cu(OH)₂ bilan to'q ko'k eritma hosil qiladi. Ammo molekulasida erkin aldegid guruhi bo'lmagani uchun qizdirilganda Cu(OH)₂ ni Cu₂O gacha qaytarmaydi — glyukozadan farqi shunda.,,
sakarid-0016,uglevodlar,Fruktozaning bromli suvni rangsizlantirmasligi,o'rta,11-sinf,record,C6H12O6|fruktoza(aq) 0.5M + bromli-suv(aq),,,,Bromli suvning sariq rangi uzoq vaqt saqlanib qoladi.,,,sezilarsiz,bir-zumda,ha,"Fruktoza glyukozaning izomeri, lekin keton guruhi tutadi. Bromli suv kabi yumshoq oksidlovchilar uni oksidlamaydi. Ishqoriy muhitda esa fruktoza glyukozaga izomerlanishi mumkin, shuning uchun u Tollens va Feling reaktivlari bilan musbat natija beradi.",,
sifat-0029,sifat-reaksiyalari,Kobalt(II) ionining ishqor bilan reaksiyasi,o'rta,litsey,rules,CoCl2(aq) 0.1M + NaOH(aq) 1M,Ishqor ortiqcha qo'shiladi va aralashma biroz isitiladi.,CoCl2 + 2NaOH = Co(OH)2↓ + 2NaCl,Co²⁺ + 2OH⁻ = Co(OH)2↓,"Avval ko'k cho'kma tushadi, ortiqcha ishqor qo'shib isitilganda u pushti rangga kiradi.",Co(OH)2 #d97a9a iviqsimon,,sezilarsiz,tez,,"Kobalt(II) ioni ishqor bilan dastlab ko'k asosli tuz, so'ng pushti kobalt(II) gidroksid hosil qiladi. Cho'kma rangining bunday o'zgarishi kobalt ioniga xosdir.",,
sifat-0054,sifat-reaksiyalari,Nitrat ionini mis va sulfat kislota bilan aniqlash,o'rta,9-sinf,rules,KNO3(aq) 1M + Cu(s) qirindi + H2SO4(aq) 9M,"qizdirish; Nitrat eritmasiga mis qirindisi va (1:1) sulfat kislota qo'shilib, kuchsiz qizdiriladi.",3Cu + 2KNO3 + 4H2SO4 = 3CuSO4 + K2SO4 + 2NO↑ + 4H2O,3Cu + 2NO3⁻ + 8H⁺ = 3Cu²⁺ + 2NO↑ + 4H2O,"Qizdirilganda mis atrofida pufakchalar ajraladi, eritma ko'kimtir tusga kiradi; probirkaning yuqori qismida va og'zida qo'ng'ir gaz paydo bo'ladi.",,NO,ekzotermik,o'rtacha,,"Nitrat ionlari kislotali muhitda misni oksidlaydi va azot(II) oksid ajraladi; u havoda qo'ng'ir NO₂ ga aylanadi. Nitratlar deyarli barcha kationlar bilan eriydigan tuzlar hosil qilgani uchun nitrat ioni cho'ktirish orqali emas, aynan shu oksidlovchilik xossasi bo'yicha aniqlanadi. Dvigatelda Cu + NO₃⁻ + H⁺ jarayoni gazlar toifasidagi suyultirilgan nitrat kislota yozuvi (gazolish) orqali bajariladi.",,
sifat-0056,sifat-reaksiyalari,Atsetat ionini sulfat kislota bilan aniqlash (sirka kislota hidi),o'rta,10-sinf,rules,CH3COONa(aq) 1M + H2SO4(aq) 2M,"qizdirish; Aralashma kuchsiz isitiladi va hid qo'l bilan yelpib aniqlanadi.",2CH3COONa + H2SO4 = Na2SO4 + 2CH3COOH,CH3COO⁻ + H⁺ = CH3COOH,Isitilganda o'tkir sirka hidi paydo bo'ladi.,,,sezilarsiz,bir-zumda,,"Kuchli kislotalar atsetatlardan kuchsiz sirka kislotani siqib chiqaradi; uning o'tkir hidi atsetat ioni borligini ko'rsatadi. Bu reaksiyada cho'kma yoki rang o'zgarishi bo'lmagani uchun aniqlash hid bo'yicha amalga oshiriladi.",,
spirt-0007,spirtlar-fenollar,Etanolning 140 °C da sulfat kislota ishtirokida degidratlanishi — dietil efir olish,o'rta,10-sinf,record,C2H5OH(l),"qizdirish; ≥140°C; ≤160°C; katalizator: H2SO4; Etanol va konsentrlangan sulfat kislota aralashmasi (spirt ortiqcha) 140 °C da qizdiriladi; hosil bo'lgan efir haydalib sovutiladi. 170 °C dan yuqorida etilen hosil bo'ladi.",2C2H5OH → C2H5OC2H5↑ + H2O,,"Aralashma qaynaydi; sovutgichdan o'tgan bug'lar o'ziga xos o'tkir hidli, juda uchuvchan rangsiz suyuqlik — dietil efir sifatida kondensatlanadi.",,,sezilarsiz,sekin,,"Spirtlarning degidratlanish yo'nalishi haroratga va reagentlar nisbatiga bog'liq: ~140 °C da va spirt ortiqcha bo'lganda ikki molekula orasidan suv ajralib oddiy efir hosil bo'ladi, 170 °C dan yuqorida esa bir molekula ichidan suv ajralib etilen hosil bo'ladi.",,
spirt-0013,spirtlar-fenollar,Propanol-2 ning Lukas reaktivi bilan reaksiyasi,o'rta,universitet,record,CH3CH(OH)CH3(l) + HCl(aq) 11.6M,"katalizator: ZnCl2; Lukas reaktivi — suvsiz ZnCl₂ ning konsentrlangan xlorid kislotadagi eritmasi; xona haroratida chayqatiladi.",CH3CH(OH)CH3 + HCl → CH3CHClCH3 + H2O,CH3CH(OH)CH3 + H⁺ + Cl⁻ → CH3CHClCH3 + H2O,"Bir necha (5–10) daqiqadan so'ng eritma loyqalanadi; uchlamchi spirt bilan loyqalanish darhol, birlamchi spirt bilan esa xona haroratida kuzatilmaydi.",,,sezilarsiz,sekin,,"Lukas sinovida spirtlarning reaksiya tezligi karbokation barqarorligiga mos: uchlamchi — darhol, ikkilamchi — bir necha daqiqada, birlamchi — xona haroratida deyarli reaksiyaga kirishmaydi. Loyqalanish suvda erimaydigan galogenalkan hosil bo'lganini ko'rsatadi.",,
spirt-0014,spirtlar-fenollar,Etanolning yodoform reaksiyasi,o'rta,litsey,record,C2H5OH(l) + Lugol(aq) + NaOH(aq) 2M,"qizdirish; ≥50°C; Etanolga yodning KI dagi eritmasi va NaOH eritmasi (yod rangi yo'qolguncha) qo'shilib, iliq suv hammomida isitiladi.",C2H5OH + 4I2 + 6NaOH → CHI3↓ + HCOONa + 5NaI + 5H2O,C2H5OH + 4I2 + 6OH⁻ → CHI3↓ + HCOO⁻ + 5I⁻ + 5H2O,"Yod rangi yo'qoladi va o'ziga xos ""dorixona"" hidli och sariq mayda kristall cho'kma — yodoform tushadi.",CHI3 #f2d23a mayda-kristall,,sezilarsiz,o'rtacha,,"Yodoform reaksiyasi CH₃–CO– yoki CH₃–CH(OH)– guruhi bor birikmalar (etanol, propanol-2, atsetaldegid, aseton) uchun sifat reaksiyasi. Metanol va propanol-1 bu reaksiyani bermaydi, shuning uchun etanolni metanoldan farqlash mumkin.",,
spirt-0018,spirtlar-fenollar,tret-Butilxloridning kumush nitrat bilan reaksiyasi (S_N1 gidroliz),o'rta,universitet,record,(CH3)3CCl(l) + AgNO3(aq) 0.1M,AgNO₃ ning suvli-spirtli eritmasiga xona haroratida bir necha tomchi tret-butilxlorid qo'shiladi.,(CH3)3CCl + AgNO3 + H2O → (CH3)3COH + AgCl↓ + HNO3,(CH3)3CCl + Ag⁺ + H2O → (CH3)3COH + AgCl↓ + H⁺,Xona haroratida deyarli darhol oq suzmasimon AgCl cho'kmasi tushadi.,AgCl #f8f8f4 suzmasimon,,sezilarsiz,tez,,Uchlamchi galogenalkanlar karbokation orqali (S_N1) tez gidrolizlanadi va ajralgan galogenid ioni kumush ionlari bilan darhol cho'kma beradi. Birlamchi galogenalkanlar bu sharoitda juda sekin reaksiyaga kirishadi — bu galogenalkanlar tuzilishini aniqlash usullaridan biri.,,
spirt-0019,spirtlar-fenollar,tret-Butanolning degidratlanishi — izobutilen olish (E1),o'rta,universitet,record,(CH3)3COH(l),"qizdirish; ≥80°C; katalizator: H2SO4; tret-Butanol suyultirilgan (~20%) sulfat kislota bilan qizdiriladi; ajralgan gaz bromli suv orqali o'tkaziladi.",(CH3)3COH → (CH3)2C=CH2↑ + H2O,,"Qizdirilganda gaz ajraladi; u bromli suvni rangsizlantiradi.",,(CH3)2C=CH2,endotermik,o'rtacha,,"Uchlamchi spirtlar barqaror karbokation hosil qilgani uchun nisbatan yumshoq sharoitda (suyultirilgan kislota, ~80–90 °C) degidratlanadi, birlamchi spirtlar uchun esa konsentrlangan kislota va yuqori harorat (etanol uchun ~170 °C) kerak. Degidratlanish E1 mexanizmi bo'yicha boradi.",,
spirt-0020,spirtlar-fenollar,Glitserinning mis(II) gidroksid bilan reaksiyasi,o'rta,10-sinf,record,Cu(OH)2(s) + C3H5(OH)3(l),"Mis(II) gidroksid CuSO₄ eritmasiga ortiqcha NaOH qo'shib yangi tayyorlanadi, so'ng glitserin qo'shiladi.",2C3H5(OH)3 + Cu(OH)2 → Cu(C3H7O3)2 + 2H2O,,Ko'k iviqsimon Cu(OH)₂ cho'kmasi glitserin qo'shilganda eriydi va to'q ko'k (ko'k-binafsha) tiniq eritma hosil bo'ladi.,,,sezilarsiz,tez,,"Qo'shni uglerod atomlarida gidroksil guruhlari bo'lgan ko'p atomli spirtlar (etilenglikol, glitserin) yangi tayyorlangan mis(II) gidroksidni eritib to'q ko'k kompleks hosil qiladi. Bir atomli spirtlar bu reaksiyani bermaydi, shuning uchun u ko'p atomli spirtlarga sifat reaksiyasi hisoblanadi.",,
spirt-0021,spirtlar-fenollar,Etilenglikolning mis(II) gidroksid bilan reaksiyasi,o'rta,10-sinf,record,Cu(OH)2(s) + HOCH2CH2OH(l),Yangi tayyorlangan Cu(OH)₂ cho'kmasiga etilenglikol qo'shiladi.,2HOCH2CH2OH + Cu(OH)2 → Cu(C2H5O2)2 + 2H2O,,Ko'k cho'kma eriydi va to'q ko'k tiniq eritma hosil bo'ladi.,,,sezilarsiz,tez,,"Etilenglikol ikki atomli spirt bo'lib, glitserin kabi qo'shni gidroksil guruhlari hisobiga mis(II) ionlari bilan eriydigan to'q ko'k kompleks hosil qiladi. Bu reaksiya ko'p atomli spirtlarning bir atomli spirtlarga nisbatan kuchliroq kislotali xossasini ham ko'rsatadi.",,
spirt-0029,spirtlar-fenollar,Fenolning temir(III) xlorid bilan rangli reaksiyasi,o'rta,10-sinf,rules,C6H5OH(aq) 0.5M + FeCl3(aq) 0.1M,,,,Fenol eritmasiga bir-ikki tomchi FeCl₃ qo'shilganda eritma binafsha rangga kiradi.,,,sezilarsiz,bir-zumda,,"Temir(III) xlorid bilan binafsha rang hosil bo'lishi fenollar (gidroksil guruhi bevosita aromatik halqaga bog'langan birikmalar) uchun xos sifat reaksiya. Spirtlar, jumladan benzil spirti, bu rangni bermaydi.",,
spirt-0030,spirtlar-fenollar,Fenolning natriy bilan reaksiyasi,o'rta,10-sinf,record,C6H5OH(s) + Na(s) bo'lak,"qizdirish; ≥45°C; Fenol ehtiyotkorlik bilan suyuqlantiriladi (~41 °C) va natriy bo'lagi tashlanadi.",2C6H5OH + 2Na → 2C6H5ONa + H2↑,,Suyuqlantirilgan fenolda natriy bo'lagi atrofidan vodorod pufakchalari ajraladi.,,H2,ekzotermik,o'rtacha,,"Fenol ham spirtlar kabi faol metallar bilan reaksiyaga kirishib vodorod ajratadi, lekin undan farqli ravishda ishqorlar bilan ham reaksiyaga kirishadi. Bu fenolning kislotali xossasi spirtlarnikidan kuchliroq ekanini ko'rsatadi.",,
termik-0014,termik-parchalanish,Bariy karbonatning juda yuqori haroratda parchalanishi,o'rta,litsey,record,BaCO3(s),"qizdirish; ≥1050°C; Gorelka alangasi yetarli emas — faqat yuqori haroratli mufel pechida; 1050 °C — taxminiy modellash chegarasi, amalda parchalanish yanada yuqori haroratda tez boradi.",BaCO3 = BaO + CO2↑,,"Spirt lampasi va gorelkada qizdirilganda o'zgarish kuzatilmaydi; faqat juda yuqori haroratda massa kamayadi va CO₂ ajraladi.",,CO2,kuchli-endotermik,tez,,"Ishqoriy-yer metallari karbonatlarining termik barqarorligi guruh bo'ylab pastga qarab ortadi: MgCO₃ < CaCO₃ < SrCO₃ < BaCO₃. Bariy karbonat eng barqaror, u maktab sharoitidagi qizdirishda parchalanmaydi.",,
termik-0015,termik-parchalanish,Temir(II) karbonatning havosiz qizdirilganda parchalanishi,o'rta,litsey,record,FeCO3(s),"qizdirish; ≥450°C; Havo kirmasligi uchun probirka gaz chiqarish naychali tiqin bilan berkitiladi; havoda qizdirilsa FeO oksidlanib Fe₂O₃ hosil bo'ladi.",FeCO3 = FeO + CO2↑,,"Kulrang-oq kukun qorayadi, ajralgan gaz ohakli suvni loyqalatadi.",,CO2,endotermik,tez,,"Siderit (FeCO₃) qizdirilganda CO₂ yo'qotadi. Mahsulot tarkibi sharoitga bog'liq: havosiz FeO, havo ishtirokida esa temir(II) oksidlanib Fe₂O₃ hosil bo'ladi — temir rudalarini kuydirish shunga asoslangan.",,
termik-0030,termik-parchalanish,Marganes(II) nitratning termik parchalanishi (MnO₂ olish),o'rta,litsey,record,Mn(NO3)2(s),"qizdirish; ≥200°C",Mn(NO3)2 = MnO2 + 2NO2↑,,"Och pushti tuz qizdirilganda suyuqlanadi, qo'ng'ir gaz chiqadi va qora kukun (MnO₂) qoladi.",,NO2 #a8461c,endotermik,tez,,"Ko'pchilik nitratlardan farqli ravishda Mn(NO₃)₂ parchalanganda metall o'zi ham oksidlanadi: Mn⁺² → Mn⁺⁴, shuning uchun kislorod ajralmaydi. Shu usul bilan yupqa MnO₂ qatlamlari olinadi.",,
termik-0031,termik-parchalanish,Kaliy xloratning katalizatorsiz qizdirilishi (disproporsiyalanish),o'rta,litsey,record,KClO3(s),"qizdirish; ≥400°C; Katalizatorsiz KClO₃ avval suyuqlanadi; 400 °C atrofida asosan perxlorat va xloridga aylanadi, kislorod kam ajraladi. Haroratni ancha oshirilsa KClO₄ ham KCl va O₂ ga parchalanadi.",4KClO3 = 3KClO4 + KCl,,"Oq kristallar suyuqlanadi; gaz deyarli ajralmaydi, cho'g'langan cho'p alangalanmaydi. Suyuqlanma sovuganda yana qotadi.",,,ekzotermik,o'rtacha,,"Katalizator nafaqat tezlikni, balki reaksiya yo'nalishini ham o'zgartirishi mumkin: MnO₂ bilan KClO₃ to'g'ridan-to'g'ri KCl va O₂ ga parchalanadi, usiz esa disproporsiyalanib KClO₄ va KCl hosil qiladi. Perxlorat ancha yuqori haroratdagina kislorod ajratadi.",,
termik-0039,termik-parchalanish,Kalsiy oksalatning termik parchalanishi,o'rta,universitet,record,CaC2O4(s),"qizdirish; ≥480°C; Taxminan 500 °C atrofida CaCO₃ gacha; harorat 800 °C dan oshirilsa CaCO₃ ham CaO ga parchalanadi.",CaC2O4 = CaCO3 + CO↑,,"Oq kukun tashqi ko'rinishini o'zgartirmaydi; probirka og'ziga olov tutilsa, ajralayotgan gaz ko'kimtir alanga bilan yonadi.",,CO,endotermik,tez,,"Kalsiy oksalat qizdirilganda bosqichma-bosqich parchalanadi: avval kristallanish suvi, so'ng CO ajralib CaCO₃, yanada yuqori haroratda CO₂ ajralib CaO hosil bo'ladi. Bu bosqichlar termogravimetrik tahlilda massa kamayishining aniq pog'onalari sifatida ko'rinadi.",,
termik-0040,termik-parchalanish,Mis(II) oksidning juda yuqori haroratda mis(I) oksidga aylanishi,o'rta,litsey,record,CuO(s),"qizdirish; ≥1050°C; Faqat mufel pechida, 1000 °C dan yuqori haroratda; modellash chegarasi taxminiy.",4CuO = 2Cu2O + O2↑,,Qora kukun juda yuqori haroratda qizil-g'isht rangli Cu₂O ga aylanadi.,,O2,endotermik,tez,,Yuqori haroratda bir xil metallning quyi oksidlanish darajali oksidi barqarorroq bo'ladi: CuO 1000 °C dan yuqorida Cu₂O ga aylanadi. Shu sababli mis eritish jarayonlarida Cu₂O hosil bo'ladi.,,
termik-0041,termik-parchalanish,Xrom(VI) oksidning termik parchalanishi,o'rta,litsey,record,CrO3(s),"qizdirish; ≥250°C",4CrO3 = 2Cr2O3 + 3O2↑,,"To'q qizil kristallar qizdirilganda yashil kukunga aylanadi, kislorod ajraladi (cho'g'langan cho'p alangalanadi).",,O2,endotermik,tez,,Xrom(VI) birikmalari kuchli oksidlovchilar va qizdirilganda barqarorroq xrom(III) birikmalariga o'tadi. Rangning qizildan yashilga o'zgarishi Cr⁺⁶ → Cr⁺³ o'tishining belgisi.,,
termik-0042,termik-parchalanish,Bariy peroksidning yuqori haroratda parchalanishi,o'rta,universitet,record,BaO2(s),"qizdirish; ≥800°C; Mufel pechida 800 °C dan yuqorida; 500–600 °C da esa teskari jarayon — BaO ning kislorod biriktirishi boradi (taxminiy chegaralar).",2BaO2 = 2BaO + O2↑,,"Oq kukun tashqi ko'rinishini deyarli o'zgartirmaydi; ajralgan gaz cho'g'langan cho'pni alangalatadi.",,O2,endotermik,tez,,"XIX asrda havodan kislorod olishning Brin usuli shu qaytar reaksiyaga asoslangan: 500–600 °C da BaO havodagi kislorodni biriktirib BaO₂ hosil qiladi, 800 °C dan yuqorida esa BaO₂ kislorodni qaytarib beradi.",,
termik-0044,termik-parchalanish,Kumush karbonatning qizdirilganda parchalanishi,o'rta,litsey,record,Ag2CO3(s),"qizdirish; ≥200°C; Mo'tadil qizdirishda Ag₂O hosil bo'ladi; kuchliroq qizdirilsa Ag₂O ham kumush va kislorodga parchalanadi.",Ag2CO3 = Ag2O + CO2↑,,"Och sarg'ish kukun qorayib, to'q qo'ng'ir rangga kiradi; ajralgan gaz ohakli suvni loyqalatadi.",,CO2,endotermik,tez,,"Kam faol metallarning karbonatlari past haroratda parchalanadi. Kumush karbonat avval Ag₂O ga, yanada qizdirilganda esa metall kumushga aylanadi — kumush birikmalari termik beqarorligining namunasi.",,
termik-0045,termik-parchalanish,Qo'rg'oshin(IV) oksidning qizdirilganda parchalanishi,o'rta,litsey,record,PbO2(s),"qizdirish; ≥600°C; Parchalanish oraliq oksidlar (jumladan surik Pb₃O₄) orqali boradi; 600 °C — yakuniy PbO uchun taxminiy modellash chegarasi.",2PbO2 = 2PbO + O2↑,,"To'q qo'ng'ir kukun qizdirilganda avval qizil-to'q sariq (surik), so'ng sariq rangga (PbO) kiradi; cho'g'langan cho'p alangalanadi.",,O2,endotermik,tez,,"Qo'rg'oshin uchun +2 oksidlanish darajasi +4 ga qaraganda barqarorroq (inert juftlik effekti), shuning uchun PbO₂ kuchli oksidlovchi va qizdirilganda kislorod ajratib PbO ga aylanadi.",,
titr-0016,titrlash,Mis(II) ionlarini yodometrik aniqlash,o'rta,universitet,rules,CuSO4(aq) 0.05M + KI(aq) 0.5M + Na2S2O3(aq) 0.05M + (C6H10O5)n(aq) 0.06M,KI ortiqcha olinadi.,2CuSO4 + 4KI + 2Na2S2O3 = 2CuI↓ + 2K2SO4 + Na2S4O6 + 2NaI,2Cu²⁺ + 2I⁻ + 2S2O3²⁻ = 2CuI↓ + S4O6²⁻,"KI qo'shilganda oq cho'kma va qo'ng'ir yod hosil bo'ladi; titrlash oxirida kraxmalning ko'k rangi yo'qoladi, oq CuI cho'kmasi qoladi.",CuI #f2eee0 kukunsimon,,sezilarsiz,bir-zumda,,"Bu o'rinbosarli titrlash: mis(II) to'g'ridan-to'g'ri titrlanmaydi, balki unga ekvivalent miqdorda ajralgan yod titrlanadi. Mis(II) yodid beqaror bo'lgani uchun Cu²⁺ yodidni oksidlaydi va CuI cho'kmasi hosil bo'ladi.",,
titr-0017,titrlash,Kalsiy ionlarini Trilon B bilan titrlash (suvning qattiqligi),o'rta,universitet,record,CaCl2(aq) 0.01M + C10H14N2Na2O8·2H2O(aq) 0.01M + NH3·H2O(aq) 2M + NH4Cl(aq) 1M + C20H12N3NaO7S(aq) 0.002M,Ammiakli bufer (pH ≈ 10) muhitida.,CaCl2 + C10H14N2Na2O8·2H2O + 2NH3·H2O = Na2[CaC10H12N2O8] + 2NH4Cl + 4H2O,Ca²⁺ + C10H14N2O8²⁻ + 2NH3 = [CaC10H12N2O8]²⁻ + 2NH4⁺,Oxirgi nuqtada eritma vino-qizil rangdan ko'k rangga o'tadi.,,,sezilarsiz,bir-zumda,,Kompleksonometriyada EDTA (Trilon B) metall ionlari bilan barqaror 1:1 komplekslar hosil qiladi. Bu usulda suvning umumiy qattiqligi (Ca²⁺ va Mg²⁺ yig'indisi) aniqlanadi.,,
titr-0018,titrlash,Magniy ionlarini Trilon B bilan titrlash (suvning qattiqligi),o'rta,universitet,record,MgSO4(aq) 0.01M + C10H14N2Na2O8·2H2O(aq) 0.01M + NH3·H2O(aq) 2M + NH4Cl(aq) 1M + C20H12N3NaO7S(aq) 0.002M,Ammiakli bufer (pH ≈ 10) muhitida.,MgSO4 + C10H14N2Na2O8·2H2O + 2NH3·H2O = Na2[MgC10H12N2O8] + (NH4)2SO4 + 4H2O,Mg²⁺ + C10H14N2O8²⁻ + 2NH3 = [MgC10H12N2O8]²⁻ + 2NH4⁺,Oxirgi nuqtada eritma vino-qizil rangdan ko'k rangga o'tadi.,,,sezilarsiz,bir-zumda,,Kompleksonometriyada EDTA (Trilon B) metall ionlari bilan barqaror 1:1 komplekslar hosil qiladi. Bu usulda suvning umumiy qattiqligi (Ca²⁺ va Mg²⁺ yig'indisi) aniqlanadi.,,
titr-0020,titrlash,Kumush ionlarini tiotsianat bilan titrlash (Folgard usuli),o'rta,universitet,rules,AgNO3(aq) 0.05M + KSCN(aq) 0.05M + HNO3(aq) 2M + Fe(NO3)3(aq) 0.1M,"muhit: kislotali; Nitrat kislotali muhitda.",AgNO3 + KSCN = AgSCN↓ + KNO3,Ag⁺ + SCN⁻ = AgSCN↓,"Oq cho'kma tushadi; oxirgi nuqtada eritma och qizil-qo'ng'ir tusga kiradi.",AgSCN #f6f6f2 suzmasimon,,sezilarsiz,bir-zumda,,Folgard usulida indikator — temir(III) ionlari: ekvivalent nuqtadan keyingi birinchi ortiqcha SCN⁻ ionlari qizil [Fe(SCN)]²⁺ kompleksini hosil qiladi. Usul kislotali muhitda ishlaydi.,,
uglevod-0006,uglevodorodlar,Xloroformning tetraxlormetangacha xlorlanishi,o'rta,litsey,record,CHCl3(l) + Cl2(g),"yorug'lik; Xlor xloroform orqali UB nuri ostida o'tkaziladi.",CHCl3 + Cl2 → CCl4 + HCl↑,,"Xlor pufakchalari suyuqlik orqali o'tadi, idish og'zidan HCl tumani chiqadi; suyuqlik hajmi deyarli o'zgarmaydi (CCl₄ ham rangsiz suyuqlik).",,HCl,ekzotermik,sekin,,"Metanni xlorlashning oxirgi bosqichida xloroformdagi so'nggi vodorod atomi ham xlorga almashadi. Tetraxlormetan yonmaydigan erituvchi; endi vodorod atomi qolmagani uchun radikal xlorlanish shu yerda tugaydi.",,
uglevod-0014,uglevodorodlar,Vyurs reaksiyasi: brometandan butan olish,o'rta,litsey,record,C2H5Br(l) + Na(s) bo'lak,"Reaksiya quruq dietil efirda, mayda kesilgan natriy bilan o'tkaziladi.",2C2H5Br + 2Na → C4H10↑ + 2NaBr,,"Natriy bo'laklari yuzasi xiralashadi, efirda oq NaBr cho'kmasi to'planadi, gaz (butan) ajraladi.",,C4H10,ekzotermik,sekin,,"Galogenalkanlarga natriy metali ta'sir ettirilganda uglerod zanjiri ikki baravar uzayadi (Vyurs reaksiyasi). Bir xil galogenalkandan simmetrik alkan olinadi; ikki xil galogenalkan olinsa uch xil alkan aralashmasi hosil bo'ladi.",,
uglevod-0021,uglevodorodlar,Propenga vodorod bromidning birikishi (Markovnikov qoidasi),o'rta,10-sinf,record,CH2=CHCH3(g) + HBr(aq) 8.8M,"Propen konsentrlangan (~48%) bromid kislota orqali o'tkaziladi; peroksidlar bo'lmasligi kerak.",CH2=CHCH3 + HBr → CH3–CHBr–CH3,CH2=CHCH3 + H⁺ + Br⁻ → CH3–CHBr–CH3,"Propen kislota bilan yutiladi; eritma ustida (yoki tubida) suvda erimaydigan og'ir moysimon qatlam — 2-brompropan to'planadi.",,,ekzotermik,sekin,,"Nosimmetrik alkenlarga vodorod galogenidlar birikkanda vodorod atomi qo'shbog'dagi vodorodi ko'p uglerodga, galogen esa vodorodi kam uglerodga birikadi (Markovnikov qoidasi). Buning sababi — oraliq bosqichda barqarorroq ikkilamchi karbokation hosil bo'lishi. Peroksidlar ishtirokida HBr radikal mexanizm bo'yicha Markovnikov qoidasiga teskari birikadi.",,
uglevod-0023,uglevodorodlar,Brometandan kaliy gidroksidning spirtli eritmasi ta'sirida etilen olish,o'rta,litsey,record,C2H5Br(l) + KOH(s),"qizdirish; ≥70°C; KOH ning etanoldagi (spirtli) eritmasi brometan bilan qizdiriladi; suv bo'lmasligi kerak (suvli ishqorda spirt hosil bo'ladi).",C2H5Br + KOH → CH2=CH2↑ + KBr↓ + H2O,,"Qizdirilganda gaz ajraladi, u bromli suvni rangsizlantiradi; spirtli eritmada oq KBr kristallari cho'kadi.",KBr #f6f6f2 mayda-kristall,CH2=CH2,sezilarsiz,o'rtacha,,"Galogenalkanlarga ishqorning spirtli eritmasi ta'sir etganda vodorod galogenid ajralib chiqadi va alken hosil bo'ladi (degidrogalogenlash). Suvli eritmada esa OH⁻ nukleofil sifatida galogen o'rnini oladi va spirt hosil bo'ladi; erituvchi reaksiya yo'nalishini belgilaydi.",,
uglevod-0024,uglevodorodlar,Izobutilenga vodorod xloridning birikishi (uchlamchi karbokation),o'rta,litsey,record,(CH3)2C=CH2(g) + HCl(aq) 11.6M,Izobutilen konsentrlangan xlorid kislota orqali o'tkaziladi.,(CH3)2C=CH2 + HCl → (CH3)3CCl,(CH3)2C=CH2 + H⁺ + Cl⁻ → (CH3)3CCl,"Gaz kislota bilan yutiladi, eritma loyqalanib, ustida suvda erimaydigan rangsiz moysimon qatlam (tret-butilxlorid) hosil bo'ladi.",,,ekzotermik,tez,,"Izobutilenga HCl birikkanda uchlamchi karbokation hosil bo'ladi, u juda barqaror bo'lgani uchun reaksiya yengil boradi va vodorod Markovnikov qoidasiga muvofiq CH₂ guruhga birikadi. Karbokation qanchalik barqaror bo'lsa, elektrofil birikish shuncha oson ketadi.",,
uglevod-0028,uglevodorodlar,Atsetilenning kaliy permanganat eritmasini rangsizlantirishi,o'rta,10-sinf,record,CH≡CH(g) + KMnO4(aq) 0.02M,Atsetilen neytral suyultirilgan KMnO₄ eritmasi orqali o'tkaziladi.,3CH≡CH + 8KMnO4 → 3K2C2O4 + 8MnO2↓ + 2KOH + 2H2O,3CH≡CH + 8MnO4⁻ → 3C2O4²⁻ + 8MnO2↓ + 2OH⁻ + 2H2O,Binafsha rangli eritma rangsizlanadi va qo'ng'ir loyqa hosil bo'ladi.,MnO2 #2a2420 kolloid,,sezilarsiz,tez,,"Alkinlar ham alkenlar kabi permanganat eritmasini rangsizlantiradi. Neytral muhitda atsetilen kaliy oksalatgacha oksidlanadi, kislotali muhitda esa CO₂ gacha oksidlanishi mumkin.",,
uglevod-0031,uglevodorodlar,Kucherov reaksiyasi: atsetilenning gidratlanishi,o'rta,10-sinf,record,CH≡CH(g) + H2O(l),"qizdirish; ≥70°C; katalizator: HgSO4, H2SO4; Atsetilen simob(II) sulfat qo'shilgan iliq suyultirilgan sulfat kislota orqali o'tkaziladi.",CH≡CH + H2O → CH3CHO,,"Atsetilen kislota eritmasi bilan yutiladi; eritmadan o'tkir hidli (chirigan olma hidi) atsetaldegid bug'lari chiqadi, ular kumush ko'zgu reaksiyasini beradi.",,,ekzotermik,o'rtacha,,"Simob(II) tuzlari ishtirokida alkinlarga suv birikadi; atsetilendan oraliq vinil spirt orqali atsetaldegid, boshqa alkinlardan esa ketonlar hosil bo'ladi (M.G. Kucherov, 1881). Enollar beqaror bo'lib, darhol karbonil birikmaga izomerlanadi.",,
uglevod-0032,uglevodorodlar,Atsetilenga vodorod xloridning birikishi — vinilxlorid olish,o'rta,10-sinf,record,CH≡CH(g) + HCl(g),"qizdirish; ≥150°C; katalizator: HgCl2; Quruq atsetilen va vodorod xlorid aralashmasi faollangan ko'mirga shimdirilgan HgCl₂ katalizatori ustidan ~150–180 °C da o'tkaziladi.",CH≡CH + HCl → CH2=CHCl,,"Tashqi o'zgarish kam; chiqayotgan gaz bromli suvni rangsizlantiradi (qo'shbog' saqlanadi).",,,ekzotermik,o'rtacha,,"Atsetilenga HCl birikkanda vinilxlorid hosil bo'ladi — undan polivinilxlorid (PVX) olinadi. Uchbog'ga bitta HCl molekulasi birikadi, ikkinchisi esa Markovnikov qoidasi bo'yicha 1,1-dixloretan hosil qiladi.",,
uglevod-0034,uglevodorodlar,Atsetilenning trimerlanishi — benzol olish (Zelinskiy reaksiyasi),o'rta,10-sinf,record,CH≡CH(g),"qizdirish; ≥600°C; katalizator: C; Atsetilen ~600 °C gacha qizdirilgan faollangan ko'mir solingan naycha orqali o'tkaziladi.",3CH≡CH → C6H6,,Naychadan chiqqan bug'lar sovutilganda o'ziga xos hidli rangsiz suyuqlik — benzol tomchilari kondensatlanadi.,,,kuchli-ekzotermik,o'rtacha,,N.D. Zelinskiy atsetilenni faollangan ko'mir ustida qizdirib benzol olgan. Bu reaksiya alifatik uglevodorodlardan aromatik birikmalar olish mumkinligini ko'rsatadi va benzolning C₆H₆ formulasi uchta atsetilen molekulasiga mos kelishini tasdiqlaydi.,,
uglevod-0039,uglevodorodlar,Benzolga yorug'likda xlorning birikishi — geksaxlorsiklogeksan,o'rta,10-sinf,record,C6H6(l) + Cl2(g),"yorug'lik; Xlor benzol orqali kuchli UB nuri ostida, katalizatorsiz o'tkaziladi.",C6H6 + 3Cl2 → C6H6Cl6,,"Xlor rangi yo'qoladi, idishda oq kristall modda — geksaxlorsiklogeksan hosil bo'ladi.",C6H6Cl6 #f6f6f2 kristall,,ekzotermik,sekin,,"Qattiq yorug'likda va katalizatorsiz benzol radikal mexanizm bo'yicha uch molekula xlorni biriktiradi; bu benzolning to'yinmaganligini ko'rsatadi. Geksaxlorsiklogeksan ilgari insektitsid (geksaxloran) sifatida ishlatilgan, hozir zaharliligi sababli taqiqlangan.",,
uglevod-0041,uglevodorodlar,Benzolning xlormetan bilan alkillanishi (Fridel–Krafts reaksiyasi),o'rta,litsey,record,C6H6(l) + CH3Cl(g),"katalizator: AlCl3; Xlormetan suvsiz AlCl₃ qo'shilgan benzol orqali o'tkaziladi.",C6H6 + CH3Cl → C6H5CH3 + HCl↑,,"Gaz benzol bilan yutiladi, chiqish naychasidan HCl ajralib nam havoda tutaydi.",,HCl,ekzotermik,o'rtacha,,Fridel–Krafts reaksiyasida benzol AlCl₃ ishtirokida galogenalkanlar bilan alkillanadi va benzol gomologlari hosil bo'ladi. Alkil guruh halqani faollashtirgani uchun mahsulot qayta alkillanishga moyil — aralashmada ksilollar ham hosil bo'ladi.,,
uglevod-0043,uglevodorodlar,Benzolning nikel katalizatorida gidrogenlanishi — siklogeksan olish,o'rta,10-sinf,record,C6H6(l) + H2(g),"qizdirish; ≥180°C; katalizator: Ni; Benzol bug'i va vodorod qizdirilgan nikel katalizatori ustidan bosim ostida o'tkaziladi.",C6H6 + 3H2 → C6H12,,Kondensatlangan mahsulot (siklogeksan) bromli suv va KMnO₄ eritmasini rangsizlantirmaydi.,,,ekzotermik,o'rtacha,,"Benzol oddiy sharoitda birikish reaksiyalariga kirishmaydi, lekin katalizator ishtirokida va qizdirilganda uch molekula vodorodni biriktirib siklogeksanga aylanadi. Bu reaksiya benzolning olti a'zoli siklik tuzilishini tasdiqlaydi; siklogeksan kaprolaktam va neylon ishlab chiqarishda ishlatiladi.",,
uglevod-0044,uglevodorodlar,Siklogeksanning platina ustida degidrogenlanishi — benzol olish,o'rta,litsey,record,C6H12(l),"qizdirish; ≥300°C; katalizator: Pt; Siklogeksan bug'lari ~300 °C gacha qizdirilgan platina katalizatori ustidan o'tkaziladi.",C6H12 → C6H6↑ + 3H2↑,,"Chiqayotgan gaz (vodorod) yonadi; kondensat bromli suvni rangsizlantirmaydi, lekin benzolning o'ziga xos hidiga ega.",,H2,endotermik,o'rtacha,,N.D. Zelinskiy olti a'zoli sikloalkanlar platina yoki palladiy ustida qizdirilganda vodorod ajratib arenlarga aylanishini ko'rsatgan. Bu reaksiya neftni qayta ishlashda (riforming) aromatik uglevodorodlar olishning asosi.,,
uglevod-0045,uglevodorodlar,Benzolning sulfolanishi — benzolsulfokislota olish,o'rta,litsey,record,C6H6(l) + H2SO4(aq) 18M ≥15M,"qizdirish; ≥80°C; Benzol konsentrlangan (yoki tutovchi) sulfat kislota bilan chayqatilib qizdiriladi.",C6H6 + H2SO4 → C6H5SO3H + H2O,,Chayqatib qizdirilganda benzol qatlami asta-sekin yo'qoladi — hosil bo'lgan sulfokislota sulfat kislotada eriydi va bir jinsli aralashma hosil bo'ladi.,,,ekzotermik,sekin,,"Benzol konsentrlangan sulfat kislota bilan qizdirilganda vodorod atomi sulfoguruh –SO₃H ga almashadi. Sulfokislotalar suvda yaxshi eriydigan kuchli kislotalar; ular yuvish vositalari va bo'yoqlar olishda ishlatiladi.",,
uglevod-0047,uglevodorodlar,Toluolning kislotali muhitda kaliy permanganat bilan oksidlanishi — benzoy kislota,o'rta,litsey,record,C6H5CH3(l) + KMnO4(aq) 0.05M + H2SO4(aq) 1M,"qizdirish; ≥90°C; muhit: kislotali; Aralashma sulfat kislota bilan kislotalanib qaynoq suv hammomida qizdiriladi.",5C6H5CH3 + 6KMnO4 + 9H2SO4 → 5C6H5COOH + 6MnSO4 + 3K2SO4 + 14H2O,5C6H5CH3 + 6MnO4⁻ + 18H⁺ → 5C6H5COOH + 6Mn²⁺ + 14H2O,"Qizdirilganda binafsha eritma rangsizlanadi; sovitilganda eritmadan oq ignasimon benzoy kislota kristallari ajralishi mumkin.",,,ekzotermik,sekin,,"Kislotali muhitda permanganat kuchliroq oksidlovchi bo'lib, Mn²⁺ gacha qaytariladi va eritma butunlay rangsizlanadi. Toluoldan benzoy kislota hosil bo'ladi; yon zanjir har qancha uzun bo'lsa ham halqaga yaqin uglerod karboksil guruhga aylanadi.",,
yonish-0009,yonish-birikish,Natriyning kesilgan sirtining havoda xiralashishi,o'rta,9-sinf,record,Na(s) bo'lak + O2(g),"≤60°C; Xona haroratida, qizdirmasdan.",4Na + O2 = 2Na2O,,"Pichoq bilan kesilgan yaltiroq kumushrang sirt bir necha soniya ichida xiralashib, oq-kulrang parda bilan qoplanadi.",,,sezilarsiz,juda-sekin,,"Natriy shu qadar faolki, xona haroratida ham havodagi kislorod bilan tez reaksiyaga kirishadi. Shuning uchun ishqoriy metallar havo va namdan himoyalash uchun kerosin ostida saqlanadi.",,
yonish-0010,yonish-birikish,Kaliyning havoda yonishi (kaliy superoksid hosil bo'lishi),o'rta,litsey,record,K(s) bo'lak + O2(g),"qizdirish; ≥70°C; yondirish; Juda kichik kaliy bo'lagi yondirish qoshiqchasida ehtiyotkorlik bilan qizdiriladi.",K + O2 = KO2,,"Kaliy binafsha alanga bilan shiddatli yonadi, sariq-to'q sariq qoldiq (KO₂) qoladi.",,,kuchli-ekzotermik,tez,,"Kaliy guruhdagi pastroq joylashgan, faolroq metall; yonganda superoksid KO₂ hosil qiladi. KO₂ nafas olish apparatlarida CO₂ ni yutib kislorod ajratish uchun ishlatiladi.",,
yonish-0011,yonish-birikish,Magniyning azotda yonishi (magniy nitrid hosil bo'lishi),o'rta,litsey,record,Mg(s) lenta + N2(g),"yondirish; Yondirilgan magniy lentasi azot to'ldirilgan silindrga tushiriladi; havoda yonganda ham mahsulotda ozroq Mg₃N₂ bo'ladi.",3Mg + N2 = Mg3N2,,"Magniy azotda havodagiga qaraganda xiraroq yonadi; sarg'ish-yashil kukun (Mg₃N₂) hosil bo'ladi. Unga suv tomizilsa, ammiak hidi seziladi.",,,ekzotermik,tez,,"Azot odatda inert, lekin faol metallar (Li, Mg, Ca) bilan qizdirilganda nitridlar hosil qiladi. Magniy nitrid suv bilan gidrolizlanib Mg(OH)₂ va ammiak beradi — bu uning sifat belgisi.",,
yonish-0012,yonish-birikish,Litiyning xona haroratida azot bilan birikishi,o'rta,litsey,record,Li(s) bo'lak + N2(g),"Xona haroratida; jarayon sekin boradi.",6Li + N2 = 2Li3N,,Azotli idishda saqlangan litiy sirti asta-sekin to'q qizil-qo'ng'ir qatlam (Li₃N) bilan qoplanadi.,,,sezilarsiz,juda-sekin,,"Litiy atomining kichik o'lchami tufayli Li₃N panjarasi juda barqaror, shuning uchun litiy xona haroratida ham azot bilan reaksiyaga kirishadi. Bu litiyning boshqa ishqoriy metallardan farqi (diagonal o'xshashlik: magniyga yaqin).",,
yonish-0015,yonish-birikish,Fosforning xlorda yonishi,o'rta,litsey,record,P(s) + Cl2(g),"yondirish; Ozgina qizil fosfor yondirish qoshiqchasida biroz qizdirilib xlorli silindrga tushiriladi; xlor mo'l bo'lganda asosiy mahsulot PCl₅. Xlor to'ldirilgan silindr mo'rili shkafda turadi, tubida ozroq qum bo'ladi.",2P + 5Cl2 = 2PCl5,,"Fosfor xlorda xira alanga bilan yonadi, silindr oq-sarg'ish tutunga to'ladi va devorlarda oq-sarg'ish g'ubor (PCl₅) yig'iladi.",,,kuchli-ekzotermik,tez,,"Fosfor metallmas bo'lishiga qaramay xlor bilan shiddatli reaksiyaga kirishadi; mahsulot tarkibi reagentlar nisbatiga bog'liq. Fosfor xloridlari suv bilan gidrolizlanib kislotalar hosil qiladi.",,
yonish-0019,yonish-birikish,Alyuminiyning suyuq brom bilan reaksiyasi,o'rta,litsey,record,Al(s) qirindi + Br2(l),Alyuminiy folga bo'lakchalari mo'rili shkafda ozgina suyuq bromga tashlanadi.,2Al + 3Br2 = 2AlBr3,,"Biroz vaqt o'tib alyuminiy bo'lakchalari brom yuzasida cho'g'lanib, uchqun sochib yonadi; qizil-qo'ng'ir brom bug'lari ko'tariladi.",,,kuchli-ekzotermik,o'rtacha,,"Brom kuchli oksidlovchi bo'lib, faol metallar bilan ekzotermik reaksiyaga kirishadi. Reaksiya boshlanishidagi kechikish alyuminiy sirtidagi himoya oksid pardasining buzilishiga ketadigan vaqt bilan bog'liq.",,
yonish-0023,yonish-birikish,Simobning oltingugurt bilan birikishi (demerkurizatsiya),o'rta,9-sinf,record,Hg(l) + S(s),Simob tomchilari oltingugurt kukuni bilan ishqalanadi (xona haroratida).,Hg + S = HgS,,"Sariq oltingugurt kukuni simob bilan ishqalanganda asta-sekin qorayadi, yaltiroq simob tomchilari yo'qoladi.",,,sezilarsiz,sekin,,Simob oltingugurt bilan xona haroratida ham birikadi va bug'lanmaydigan HgS hosil qiladi. Shuning uchun to'kilgan simob ustiga oltingugurt kukuni sepiladi — bu demerkurizatsiyaning oddiy usuli.,,
yonish-0024,yonish-birikish,Vodorodning qaynayotgan oltingugurt bilan birikishi,o'rta,litsey,record,H2(g) + S(s),"qizdirish; ≥300°C; Vodorod oqimi qaynayotgan oltingugurt ustidan o'tkaziladi.",H2 + S = H2S↑,,"Chiquvchi gaz palag'da tuxum hidiga ega bo'ladi; naycha uchiga tutilgan qo'rg'oshin atsetatli qog'oz qorayadi.",,H2S,ekzotermik,o'rtacha,,"Oltingugurt qizdirilganda vodorod bilan birikib, vodorod sulfid hosil qiladi — bu oltingugurtning oksidlovchi xossasini ko'rsatadi. H₂S qo'rg'oshin tuzlari bilan qora PbS hosil qilishi bo'yicha aniqlanadi.",,
yonish-0026,yonish-birikish,Oltingugurt(IV) oksidning platina katalizatorida oksidlanishi,o'rta,litsey,record,SO2(g) + O2(g),"qizdirish; ≥400°C; katalizator: Pt; SO₂ va kislorod aralashmasi qizdirilgan platina (sanoatda V₂O₅) katalizatori ustidan o'tkaziladi; reaksiya qaytar, 400–500 °C atrofida o'tkaziladi.",2SO2 + O2 ⇄ 2SO3,,Katalizatorli naychadan chiqayotgan gaz nam havoda oq tutun (sulfat kislota tumani) hosil qiladi.,,,ekzotermik,o'rtacha,,"Kontakt usulida sulfat kislota ishlab chiqarishning asosiy bosqichi — SO₂ ning katalitik oksidlanishi. Katalizator muvozanatni siljitmaydi, faqat unga tezroq erishishga yordam beradi; sanoatda arzonroq V₂O₅ ishlatiladi.",,
yonish-0027,yonish-birikish,Bariy oksidning kislorod biriktirishi (Brin usuli),o'rta,universitet,record,BaO(s) + O2(g),"qizdirish; ≥500°C; ≤650°C; BaO havo yoki kislorod oqimida 500–600 °C atrofida qizdiriladi (taxminiy chegaralar); 800 °C dan yuqorida BaO₂ aksincha parchalanadi.",2BaO + O2 = 2BaO2,,"Oq kukun tashqi ko'rinishini deyarli o'zgartirmaydi, lekin massasi ortadi.",,,ekzotermik,sekin,,"XIX asrda kislorod sanoatda Brin usulida olingan: BaO havodan kislorodni biriktirib BaO₂ ga aylangan, so'ng yuqoriroq haroratda kislorodni qaytarib bergan. Bu reaksiya yo'nalishiga haroratning ta'sirini ko'rsatadi.",,
yonish-0028,yonish-birikish,Azot va vodoroddan ammiak sintezi (temir katalizatori),o'rta,9-sinf,record,N2(g) + H2(g),"qizdirish; ≥450°C; katalizator: Fe; Sanoat jarayonining modeli: g'ovak temir katalizatori, 450–500 °C va yuqori bosim; maktab laboratoriyasida bajarilmaydi, reaksiya qaytar va to'liq bormaydi.",N2 + 3H2 ⇄ 2NH3,,"Katalizatordan chiqqan gaz aralashmasi ho'l qizil lakmus qog'ozini ko'k rangga bo'yaydi, o'tkir ammiak hidi seziladi.",,NH3,ekzotermik,sekin,,"Gaber–Bosh usuli: azot va vodorod temir katalizatorida yuqori bosim va mo'tadil yuqori haroratda ammiak hosil qiladi. Reaksiya qaytar bo'lgani uchun hosil bo'lgan NH₃ ajratib olinadi, reaksiyaga kirishmagan gazlar esa qayta aylantiriladi.",,
yonish-0030,yonish-birikish,Alyuminiyning xlorda yonishi,o'rta,9-sinf,record,Al(s) kukun + Cl2(g),"yondirish; Qizdirilgan alyuminiy kukuni yoki folga xlorli silindrga tushiriladi. Xlor to'ldirilgan silindr mo'rili shkafda turadi, tubida ozroq qum bo'ladi.",2Al + 3Cl2 = 2AlCl3,,"Qizdirilgan alyuminiy xlorda yorqin uchqunlar sochib yonadi, silindr oq tutunga (AlCl₃) to'ladi; nam havoda tutun HCl ajratib ""tutaydi"".",,,kuchli-ekzotermik,tez,,"Alyuminiy faol metall bo'lib, xlor bilan qizdirilganda shiddatli birikadi. Suvsiz AlCl₃ uchuvchan va nam havoda gidrolizlanib HCl tumanini hosil qiladi; u organik sintezda katalizator sifatida ishlatiladi.",,
yonish-0031,yonish-birikish,Simobning havoda uzoq qizdirilishi (Lavuazye tajribasi),o'rta,litsey,record,Hg(l) + O2(g),"qizdirish; ≥300°C; ≤420°C; Simob uning qaynash haroratiga yaqin (taxminan 300–350 °C) haroratda uzoq qizdiriladi; 450 °C dan yuqorida hosil bo'lgan HgO aksincha parchalanadi.",2Hg + O2 = 2HgO,,"Kumushrang simob sirtida asta-sekin qizil parchalar (HgO) paydo bo'ladi; yopiq idishdagi havo hajmi kamayadi, qolgan gaz yonishni quvvatlamaydi.",,,ekzotermik,juda-sekin,,"A. Lavuazye 1770-yillarda simobni yopiq idishda uzoq qizdirib, havoning taxminan beshdan bir qismi simob bilan birikishini, qolgan qismi esa yonishni quvvatlamasligini isbotlagan. Hosil bo'lgan HgO kuchliroq qizdirilganda yana simob va kislorodga parchalanadi.",,
yonish-0032,yonish-birikish,Kalsiyning vodorod bilan birikishi (kalsiy gidrid hosil bo'lishi),o'rta,litsey,record,Ca(s) qirindi + H2(g),"qizdirish; ≥400°C; Quruq vodorod oqimi chinni qayiqchadagi qizdirilgan kalsiy ustidan o'tkaziladi (havosiz).",Ca + H2 = CaH2,,"Qizdirilgan kalsiy vodorod oqimida cho'g'lanib, oq-kulrang kukunga (CaH₂) aylanadi; mahsulotga suv tomizilsa vodorod ajraladi.",,,ekzotermik,sekin,,"Faol metallar (ishqoriy va ishqoriy-yer) bilan qizdirilganda vodorod oksidlovchi bo'ladi va tuzsimon gidridlar hosil qiladi; ularda vodorod −1 oksidlanish darajasida. CaH₂ dala sharoitida vodorod olish manbai sifatida ishlatilgan.",,
yonish-0033,yonish-birikish,Qo'rg'oshinning havoda suyuqlantirilganda oksidlanishi,o'rta,litsey,record,Pb(s) granula + O2(g),"qizdirish; ≥450°C; Qo'rg'oshin chinni tigelda suyuqlantirilib, havoda uzoq qizdiriladi.",2Pb + O2 = 2PbO,,"Kumushrang suyuq qo'rg'oshin sirti xiralashib, kulrang, so'ng sariq parda (PbO) bilan qoplanadi.",,,sezilarsiz,sekin,,"Qo'rg'oshin kam faol metall bo'lib, havoda yonmaydi, lekin suyuqlantirilganda sirti PbO gacha oksidlanadi. Qadimdan kumushni qo'rg'oshindan ajratishda (kupellyatsiya) shu jarayondan foydalanilgan.",,
yonish-0035,yonish-birikish,Temirning brom bilan reaksiyasi,o'rta,litsey,record,Fe(s) qirindi + Br2(l),"qizdirish; ≥50°C; Temir qirindisi ozgina suyuq brom bilan mo'rili shkafda iliqlatiladi; brom mo'l bo'lganda temir(III) bromid hosil bo'ladi.",2Fe + 3Br2 = 2FeBr3,,"Temir qirindisi qiziydi, ustida qizil-qo'ng'ir brom bug'lari ko'tariladi, qirindi to'q qizil-qo'ng'ir massaga (FeBr₃) aylanadi.",,,ekzotermik,o'rtacha,,"Brom xlordan kuchsizroq, lekin baribir kuchli oksidlovchi: temir bilan temir(III) bromid hosil qiladi. Temir bromid benzolni bromlashda katalizator sifatida ishlatiladi (benzolga temir qirindisi qo'shilganda u brom bilan aynan shu reaksiya orqali FeBr₃ hosil qiladi).",,
yonish-0036,yonish-birikish,Temir va yodning suv ishtirokida birikishi,o'rta,9-sinf,record,Fe(s) kukun + I2(s) + H2O(l),"katalizator: H2O; Temir kukuni va yod kristallari ozroq suvda chayqatiladi; jarayon sekin boradi, biroz iliqlatish tezlashtiradi.",Fe + I2 = FeI2,,"Avval yod tufayli qo'ng'ir bo'lgan suyuqlik chayqatilganda asta-sekin rangsizlanib, och yashil tusga kiradi (FeI₂ eritmasi).",,,ekzotermik,sekin,,"Galogenlarning oksidlovchilik kuchi F₂ > Cl₂ > Br₂ > I₂ qatorida kamayadi: xlor va brom temirni Fe⁺³ gacha oksidlasa, yod faqat Fe⁺² gacha oksidlaydi (Fe³⁺ esa aksincha I⁻ ni I₂ gacha oksidlaydi). Bu reaksiya kaliy yodid olishda oraliq bosqich sifatida ishlatiladi.",,
yonish-0037,yonish-birikish,Magniy kukuni va yodning suv tomchisi ta'sirida birikishi,o'rta,9-sinf,record,Mg(s) kukun + I2(s),"katalizator: H2O; Magniy kukuni va maydalangan yod aralashmasiga bir tomchi suv tomiziladi.",Mg + I2 = MgI2,,"Suv tomizilgach aralashmadan binafsha yod bug'lari ko'tariladi, aralashma chaqnab yonadi; oq-kulrang qoldiq qoladi.",,,kuchli-ekzotermik,o'rtacha,,"Suv bu reaksiyada katalizator vazifasini bajaradi va sarflanmaydi. Magniy faol metall bo'lgani uchun yod bilan shiddatli birikadi; reaksiya ekzotermik bo'lgani uchun yodning bir qismi bug'lanadi.",,
yonish-0038,yonish-birikish,Misning yod bug'ida qizdirilishi,o'rta,litsey,record,Cu(s) sim + I2(s),"qizdirish; ≥150°C; Probirkadagi yod qizdirilib bug'latiladi, bug'iga qizdirilgan mis sim tushiriladi.",2Cu + I2 = 2CuI,,"Binafsha yod bug'iga tushirilgan qizdirilgan mis sim sirti oqish-kulrang qatlam (CuI) bilan qoplanadi, bug' rangi kamayadi.",,,sezilarsiz,o'rtacha,,"Mis(II) yodid barqaror emas (Cu²⁺ ioni I⁻ ni oksidlaydi), shuning uchun mis va yod faqat mis(I) yodid hosil qiladi. Bu xlor bilan reaksiyadan (CuCl₂ hosil bo'ladi) farqi.",,
yonish-0039,yonish-birikish,Simobning yod bilan ishqalanganda birikishi,o'rta,litsey,record,Hg(l) + I2(s),Bir tomchi simob yod kristallari bilan hovonchada ishqalanadi (bir necha tomchi spirt bilan namlanadi).,Hg + I2 = HgI2,,"Ishqalanganda simob tomchilari yo'qolib, aralashma to'q qizil rangga (HgI₂) kiradi.",,,sezilarsiz,sekin,,"Simob kam faol metall bo'lsa-da, yod bilan xona haroratida birikadi. Hosil bo'lgan HgI₂ termoxrom modda: 127 °C atrofida qizil shakli sariq shaklga o'tadi (qizdirilganda sarg'ayadi).",,
yonish-0040,yonish-birikish,Kumushning oltingugurt bilan qizdirilganda birikishi,o'rta,9-sinf,record,Ag(s) sim + S(s),"qizdirish; ≥200°C; Kumush sim oltingugurt kukuni bilan probirkada qizdiriladi.",2Ag + S = Ag2S,,"Yaltiroq kumush sim sirti qorayib, qora qatlam (Ag₂S) bilan qoplanadi.",,,sezilarsiz,o'rtacha,,"Oltingugurt kam faol metallarni ham sulfidlarga aylantiradi. Kumush buyumlarning qorayishi ham kumush sulfid hosil bo'lishi bilan bog'liq, faqat u havodagi vodorod sulfid ta'sirida sekin boradi.",,
yonish-0042,yonish-birikish,Qo'rg'oshin va oltingugurtning qizdirilganda birikishi,o'rta,9-sinf,record,Pb(s) granula + S(s),"qizdirish; ≥330°C; Qo'rg'oshin qirindisi va oltingugurt aralashmasi qiyin suyuqlanuvchan probirkada qizdiriladi.",Pb + S = PbS,,Aralashma qizdirilganda qisqa muddat cho'g'lanadi va qora massa (PbS) qoladi.,,,ekzotermik,o'rtacha,,"Qo'rg'oshin oltingugurt bilan qizdirilganda qo'rg'oshin(II) sulfid hosil qiladi. Tabiatda u galenit — qo'rg'oshinning asosiy rudasi sifatida uchraydi; undan metall olish uchun ruda avval kuydiriladi.",,
yonish-0043,yonish-birikish,Kremniyning kislorodda yuqori haroratda yonishi,o'rta,9-sinf,record,Si(s) kukun + O2(g),"yondirish; Mayda kremniy kukuni kislorod oqimida gorelkaning eng issiq alangasida kuchli qizdiriladi; 900 °C — taxminiy modellash chegarasi.",Si + O2 = SiO2,,"Kuchli qizdirilgan kremniy kukuni kislorodda cho'g'lanib, uchqun sochib yonadi; oq kukun (SiO₂) qoladi.",,,kuchli-ekzotermik,tez,,"Kremniy oddiy sharoitda kimyoviy jihatdan passiv, chunki sirti zich oksid pardasi bilan qoplangan. Yuqori haroratda u kislorod bilan birikib, qumning asosiy tarkibiy qismi — SiO₂ ni hosil qiladi.",,
yonish-0044,yonish-birikish,Vodorod va yod bug'ining birikishi (qaytar reaksiya),o'rta,litsey,record,H2(g) + I2(s),"qizdirish; ≥350°C; Yod bug'i va vodorod aralashmasi yopiq idishda qizdiriladi; reaksiya qaytar va to'liq bormaydi (dvigatelda faqat to'g'ri yo'nalish modellashtiriladi).",H2 + I2 ⇄ 2HI↑,,"Idishdagi binafsha yod bug'ining rangi kamayadi, lekin to'liq yo'qolmaydi — muvozanat qaror topadi.",,HI,sezilarsiz,sekin,,"H₂ + I₂ ⇄ 2HI reaksiyasi — kimyoviy muvozanatni o'rganishning klassik namunasi. Vodorodning xlor bilan reaksiyasidan farqli ravishda, yod bilan reaksiya sekin va qaytar, chunki yod kuchsiz oksidlovchi va H–I bog'i kuchsiz.",,
yonish-0045,yonish-birikish,Magniy va kremniyning qizdirilganda birikishi (magniy silitsid),o'rta,litsey,record,Mg(s) kukun + Si(s) kukun,"qizdirish; ≥600°C; Magniy va kremniy kukunlari aralashmasi qiyin suyuqlanuvchan probirkada havosiz (berkitilgan holda) kuchli qizdiriladi.",2Mg + Si = Mg2Si,,"Aralashma qizdirilganda cho'g'lanib, ko'kimtir-kulrang massa (Mg₂Si) hosil qiladi; unga xlorid kislota tomizilsa, havoda o'z-o'zidan alangalanadigan gaz (silan) ajraladi.",,,ekzotermik,o'rtacha,,"Kremniy faol metallar bilan silitsidlar hosil qiladi va ularda oksidlovchi vazifasini bajaradi (Si⁻⁴). Magniy silitsid kislota bilan reaksiyaga kirishib silan SiH₄ hosil qiladi — bu metan bilan o'xshash, lekin havoda o'z-o'zidan alangalanadigan gaz.",,
aldegid-0002,aldegid-ketonlar,"Atsetaldegidning ""kumush ko'zgu"" reaksiyasi",yuqori,10-sinf,record,CH3CHO(aq) 1M + Tollens(aq),"qizdirish; ≥50°C; Iliq suv hammomida, probirka chayqatilmasdan qizdiriladi.",CH3CHO + 2[Ag(NH3)2]OH → CH3COONH4 + 2Ag + 3NH3 + H2O,CH3CHO + 2[Ag(NH3)2]⁺ + 2OH⁻ → CH3COO⁻ + NH4⁺ + 2Ag + 3NH3 + H2O,"Probirka devorida yaltiroq kumush qatlami (""kumush ko'zgu"") hosil bo'ladi.",,,sezilarsiz,o'rtacha,,"Aldegid guruhi kuchsiz oksidlovchilar ta'sirida ham karboksil guruhga oksidlanadi, kumush esa ko'zgu ko'rinishida ajraladi. Ketonlarda karbonil uglerodida vodorod bo'lmagani uchun ular bu reaksiyani bermaydi — kumush ko'zgu reaksiyasi aldegidlarni ketonlardan farqlaydi.",,
aldegid-0004,aldegid-ketonlar,"Asetonning ""kumush ko'zgu"" reaksiyasini bermasligi",yuqori,10-sinf,record,CH3COCH3(l) + Tollens(aq),Aralashma iliq suv hammomida qizdiriladi.,,,"Eritma tiniq va rangsiz qoladi, kumush ajralmaydi.",,,sezilarsiz,bir-zumda,ha,"Ketonlar kuchsiz oksidlovchilarga chidamli, chunki ularning karbonil uglerodida vodorod atomi yo'q. Shu sababli kumush ko'zgu va Feling reaksiyalari aldegidlarni ketonlardan ishonchli farqlaydi.",,
aldegid-0005,aldegid-ketonlar,Atsetaldegidning mis(II) gidroksid bilan oksidlanishi (qizil Cu₂O),yuqori,10-sinf,record,Cu(OH)2(s) + NaOH(aq) 1M + CH3CHO(aq) 1M,"qizdirish; ≥80°C; Yangi tayyorlangan ko'k Cu(OH)₂ cho'kmasiga ishqoriy muhitda atsetaldegid qo'shilib qaynaguncha qizdiriladi.",CH3CHO + 2Cu(OH)2 + NaOH → CH3COONa + Cu2O↓ + 3H2O,CH3CHO + 2Cu(OH)2 + OH⁻ → CH3COO⁻ + Cu2O↓ + 3H2O,"Qizdirilganda ko'k cho'kma avval sarg'ayadi, so'ng g'isht-qizil Cu₂O cho'kmasiga aylanadi.",Cu2O #b8321e kukunsimon,,sezilarsiz,tez,,Aldegidlar qizdirilganda yangi tayyorlangan mis(II) gidroksidni mis(I) oksidgacha qaytaradi — ko'k cho'kmaning g'isht-qizil rangga o'tishi aldegid guruhining sifat belgisi. Ketonlar va aromatik aldegidlar bu reaksiyani bermaydi.,,
aldegid-0008,aldegid-ketonlar,Asetonning mis(II) gidroksid bilan qizdirilganda reaksiyaga kirishmasligi,yuqori,10-sinf,record,Cu(OH)2(s) + CH3COCH3(l),Ishqoriy muhitda yangi tayyorlangan Cu(OH)₂ ga aseton qo'shib qizdiriladi.,,,"Qizil cho'kma hosil bo'lmaydi; uzoq qizdirilsa ko'k cho'kma qorayadi (CuO).",,,sezilarsiz,bir-zumda,ha,Mis(II) gidroksid bilan qizil Cu₂O hosil bo'lishi faqat aldegidlar uchun xos. Asetonning bu reaksiyani bermasligi ketonlarning kuchsiz oksidlovchilarga chidamliligini ko'rsatadi.,,
aldegid-0009,aldegid-ketonlar,Atsetaldegidning kislotali muhitda kaliy permanganat bilan oksidlanishi,yuqori,10-sinf,record,KMnO4(aq) 0.05M + H2SO4(aq) 1M + CH3CHO(aq) 1M,muhit: kislotali,5CH3CHO + 2KMnO4 + 3H2SO4 → 5CH3COOH + 2MnSO4 + K2SO4 + 3H2O,5CH3CHO + 2MnO4⁻ + 6H⁺ → 5CH3COOH + 2Mn²⁺ + 3H2O,Binafsha eritma tez rangsizlanadi.,,,ekzotermik,tez,,Aldegidlar kuchli oksidlovchilar ta'sirida oson karbon kislotalarga oksidlanadi va permanganat eritmasini rangsizlantiradi. Sanoatda sirka kislota atsetaldegidni katalitik oksidlash yo'li bilan ham olinadi.,,
aldegid-0010,aldegid-ketonlar,Atsetaldegidning kaliy dixromat bilan oksidlanishi,yuqori,litsey,record,K2Cr2O7(aq) 0.1M + H2SO4(aq) 1M + CH3CHO(aq) 1M,muhit: kislotali,3CH3CHO + K2Cr2O7 + 4H2SO4 → 3CH3COOH + Cr2(SO4)3 + K2SO4 + 4H2O,3CH3CHO + Cr2O7²⁻ + 8H⁺ → 3CH3COOH + 2Cr³⁺ + 4H2O,To'q sariq eritma yashil rangga o'tadi.,,,ekzotermik,o'rtacha,,"Kaliy dixromat kislotali muhitda aldegidlarni karbon kislotalarga oksidlaydi; rangning to'q sariqdan yashilga o'tishi Cr⁺⁶ ning Cr³⁺ gacha qaytarilganini ko'rsatadi. Spirtning dixromat bilan oksidlanishida aldegid oraliq mahsulot bo'ladi.",,
aldegid-0012,aldegid-ketonlar,Asetonning sovuqda kaliy permanganat eritmasini rangsizlantirmasligi,yuqori,10-sinf,record,CH3COCH3(l) + KMnO4(aq) 0.02M,Xona haroratida chayqatiladi.,,,Binafsha rang uzoq vaqt saqlanib qoladi.,,,sezilarsiz,bir-zumda,ha,"Ketonlar aldegidlardan farqli ravishda oson oksidlanmaydi; ular faqat kuchli oksidlovchilar ta'sirida qizdirilganda, uglerod zanjiri uzilishi bilan oksidlanadi. Shu sababli aseton permanganat uchun erituvchi sifatida ham ishlatilishi mumkin.",,
aldegid-0013,aldegid-ketonlar,Asetonning yodoform reaksiyasi,yuqori,litsey,record,CH3COCH3(l) + Lugol(aq) + NaOH(aq) 2M,"Aseton eritmasiga yodning KI dagi eritmasi va NaOH eritmasi (yod rangi yo'qolguncha) qo'shiladi; xona haroratida boradi.",CH3COCH3 + 3I2 + 4NaOH → CHI3↓ + CH3COONa + 3NaI + 3H2O,CH3COCH3 + 3I2 + 4OH⁻ → CHI3↓ + CH3COO⁻ + 3I⁻ + 3H2O,Yod rangi yo'qoladi va o'ziga xos hidli och sariq yodoform cho'kmasi tushadi.,CHI3 #f2d23a mayda-kristall,,sezilarsiz,tez,,"CH₃–CO– guruhli birikmalar (metilketonlar, atsetaldegid) ishqoriy muhitda yod bilan sariq yodoform hosil qiladi. Bu reaksiya metilketonlarni boshqa ketonlardan farqlashda va yodoform (antiseptik) olishda qo'llaniladi.",,
aldegid-0018,aldegid-ketonlar,Benzaldegidning konsentrlangan ishqor bilan disproporsiyalanishi (Kannitsaro reaksiyasi),yuqori,universitet,record,C6H5CHO(l) + NaOH(aq) 10M ≥5M,Benzaldegid konsentrlangan NaOH eritmasi bilan kuchli chayqatiladi (emulsiya qotib qolguncha) va bir kecha qoldiriladi.,2C6H5CHO + NaOH → C6H5COONa + C6H5CH2OH,2C6H5CHO + OH⁻ → C6H5COO⁻ + C6H5CH2OH,"Kuchli chayqatilgan emulsiya asta-sekin quyuqlashib, natriy benzoat kristallari bilan oq massaga aylanadi; suv qo'shilsa benzil spirti alohida qatlam hosil qiladi.",,,ekzotermik,juda-sekin,,"α-Vodorod atomi bo'lmagan aldegidlar (benzaldegid, formaldegid) konsentrlangan ishqor ta'sirida aldol kondensatlanishga kirisha olmaydi, buning o'rniga disproporsiyalanadi: bir molekula karbon kislota tuziga oksidlanadi, ikkinchisi spirtgacha qaytariladi.",,
aldegid-0023,aldegid-ketonlar,Benzaldegidning havoda oksidlanishi,yuqori,litsey,record,C6H5CHO(l) + O2(g),Bir necha tomchi benzaldegid soat oynasida havoda qoldiriladi.,2C6H5CHO + O2 → 2C6H5COOH,,Bir necha soat (kun) o'tgach suyuqlik tomchilari chetida oq ignasimon benzoy kislota kristallari paydo bo'ladi.,C6H5COOH #f8f8f6 kristall,,sezilarsiz,juda-sekin,,"Aldegidlar shunchalik oson oksidlanadiki, hatto havo kislorodi ta'sirida ham karbon kislotalarga aylanadi. Shu sababli benzaldegid idishlari tiqini atrofida ko'pincha benzoy kislota kristallari to'planadi va aldegidlar inert gaz ostida saqlanadi.",,
aldegid-0025,aldegid-ketonlar,Asetonning yonishi,yuqori,10-sinf,record,CH3COCH3(l) + O2(g),"yondirish; Chinni kosachadagi bir necha tomchi aseton uzun cho'p bilan yondiriladi.",CH3COCH3 + 4O2 → 3CO2↑ + 3H2O,,"Aseton tez alangalanib, sarg'ish, deyarli tutunsiz alanga bilan yonadi.",,CO2,kuchli-ekzotermik,bir-zumda,,"Ketonlar, boshqa organik moddalar kabi, to'liq yonib CO₂ va suv hosil qiladi. Aseton keng ishlatiladigan erituvchi bo'lgani uchun uning bug'lari yong'in xavfini tug'diradi.",,
amfot-0001,amfoter-kompleks,Rux gidroksidni olish (rux sulfat va ishqor),yuqori,8-sinf,rules,ZnSO4(aq) 0.5M + NaOH(aq) 1M,"Ishqor tomchilab, ortiqcha bo'lmaydigan miqdorda qo'shiladi.",ZnSO4 + 2NaOH = Zn(OH)2↓ + Na2SO4,Zn²⁺ + 2OH⁻ = Zn(OH)2↓,Oq iviqsimon cho'kma hosil bo'ladi.,Zn(OH)2 #f4f6f6 iviqsimon,,sezilarsiz,bir-zumda,,"Rux tuzlariga ishqor qo'shilganda erimaydigan rux gidroksid cho'kadi. Ishqor ehtiyotkorlik bilan, tomchilab qo'shiladi, chunki ortiqcha ishqorda cho'kma eriydi.",,
amfot-0002,amfoter-kompleks,Rux gidroksidning xlorid kislotada erishi,yuqori,8-sinf,rules,Zn(OH)2(s) kukun + HCl(aq) 1M,Oldingi tajribada olingan yangi cho'kma ishlatiladi.,Zn(OH)2 + 2HCl = ZnCl2 + 2H2O,Zn(OH)2 + 2H⁺ = Zn²⁺ + 2H2O,"Oq cho'kma kislotada eriydi, rangsiz tiniq eritma hosil bo'ladi.",,,sezilarsiz,tez,,Rux gidroksid kislotalar bilan reaksiyada asos xossasini namoyon qiladi: tuz va suv hosil bo'ladi.,,
amfot-0003,amfoter-kompleks,Rux gidroksidning natriy gidroksid eritmasida erishi,yuqori,8-sinf,rules,Zn(OH)2(s) kukun + NaOH(aq) 2M,Oldingi tajribada olingan yangi cho'kma ishlatiladi.,Zn(OH)2 + 2NaOH = Na2[Zn(OH)4],Zn(OH)2 + 2OH⁻ = [Zn(OH)4]²⁻,"Oq cho'kma ishqorning ortiqcha miqdorida eriydi, rangsiz tiniq eritma hosil bo'ladi.",,,sezilarsiz,tez,,"Rux gidroksid ham kislotalarda, ham ishqorlarda eriydi — demak, u amfoter gidroksid. Ishqorda natriy tetragidroksosinkat — kompleks tuz hosil bo'ladi.",,
amfot-0004,amfoter-kompleks,Rux sulfat eritmasiga ishqorni bosqichma-bosqich qo'shish,yuqori,9-sinf,rules,ZnSO4(aq) 0.5M + NaOH(aq) 2M,"Ishqor avval oz-ozdan, keyin ortiqcha miqdorda qo'shiladi.",ZnSO4 + 4NaOH = Na2[Zn(OH)4] + Na2SO4,Zn²⁺ + 4OH⁻ = [Zn(OH)4]²⁻,"Avval oq iviqsimon cho'kma hosil bo'ladi, ishqor qo'shishni davom ettirganda u eriydi va eritma tiniq bo'ladi.",,,sezilarsiz,tez,,"Amfoter gidroksid hosil qiluvchi metall tuziga ishqor qo'shilganda natija ishqor miqdoriga bog'liq: kam bo'lsa — gidroksid cho'kadi, ortiqcha bo'lsa — eriydigan gidroksokompleks hosil bo'ladi. Shuning uchun rux gidroksidni olishda ishqor tomchilab qo'shiladi.",,
amfot-0005,amfoter-kompleks,Natriy tetragidroksosinkat eritmasiga kislotani oz miqdorda qo'shish,yuqori,9-sinf,rules,Na2[Zn(OH)4](aq) 0.5M + HCl(aq) 1M,"Kislota tomchilab, ortiqcha bo'lmaydigan miqdorda qo'shiladi.",Na2[Zn(OH)4] + 2HCl = Zn(OH)2↓ + 2NaCl + 2H2O,[Zn(OH)4]²⁻ + 2H⁺ = Zn(OH)2↓ + 2H2O,Tiniq eritmada oq iviqsimon cho'kma hosil bo'ladi.,Zn(OH)2 #f4f6f6 iviqsimon,,sezilarsiz,bir-zumda,,"Gidroksokompleks kislota ta'sirida parchalanadi. Kislota kam bo'lganda amfoter gidroksid qayta cho'kadi; kislota ortiqcha bo'lsa, u ham eriydi.",,
amfot-0006,amfoter-kompleks,Natriy tetragidroksosinkat eritmasiga ortiqcha kislota qo'shish,yuqori,9-sinf,rules,Na2[Zn(OH)4](aq) 0.5M + HCl(aq) 2M,"Kislota avval tomchilab, so'ng ortiqcha miqdorda qo'shiladi.",Na2[Zn(OH)4] + 4HCl = ZnCl2 + 2NaCl + 4H2O,[Zn(OH)4]²⁻ + 4H⁺ = Zn²⁺ + 4H2O,"Avval oq cho'kma hosil bo'ladi, kislota qo'shishni davom ettirganda u eriydi va eritma tiniq bo'ladi.",,,sezilarsiz,tez,,"Gidroksokompleks eritmasiga kislota qo'shilganda ham natija kislota miqdoriga bog'liq. Ortiqcha kislotada rux gidroksid erib, oddiy rux tuzi hosil bo'ladi.",,
amfot-0007,amfoter-kompleks,Alyuminiy gidroksidni olish (alyuminiy xlorid va ishqor),yuqori,8-sinf,rules,AlCl3(aq) 0.5M + NaOH(aq) 1M,Ishqor tomchilab qo'shiladi.,AlCl3 + 3NaOH = Al(OH)3↓ + 3NaCl,Al³⁺ + 3OH⁻ = Al(OH)3↓,Oq iviqsimon (kisel ko'rinishidagi) cho'kma hosil bo'ladi.,Al(OH)3 #f2f4f4 iviqsimon,,sezilarsiz,bir-zumda,,"Alyuminiy tuzlariga ishqor qo'shilganda oq iviqsimon alyuminiy gidroksid cho'kadi. Ishqor ortiqcha bo'lsa, cho'kma eriydi.",,
amfot-0008,amfoter-kompleks,Alyuminiy gidroksidning xlorid kislotada erishi,yuqori,8-sinf,rules,Al(OH)3(s) kukun + HCl(aq) 1M,Yangi olingan cho'kma ishlatiladi.,Al(OH)3 + 3HCl = AlCl3 + 3H2O,Al(OH)3 + 3H⁺ = Al³⁺ + 3H2O,"Oq iviqsimon cho'kma kislotada eriydi, rangsiz eritma hosil bo'ladi.",,,sezilarsiz,tez,,Alyuminiy gidroksid kislotalar bilan asos sifatida reaksiyaga kirishib tuz va suv hosil qiladi. Oshqozon kislotaliligini kamaytiruvchi dorilar tarkibida Al(OH)3 bo'lishi shu xossaga asoslangan.,,
amfot-0009,amfoter-kompleks,Alyuminiy gidroksidning natriy gidroksid eritmasida erishi,yuqori,8-sinf,rules,Al(OH)3(s) kukun + NaOH(aq) 1M,Yangi olingan cho'kma ishlatiladi.,Al(OH)3 + NaOH = Na[Al(OH)4],Al(OH)3 + OH⁻ = [Al(OH)4]⁻,"Oq cho'kma ishqorda eriydi, rangsiz tiniq eritma hosil bo'ladi.",,,sezilarsiz,tez,,"Alyuminiy gidroksid ishqorlarda erib natriy tetragidroksoalyuminat hosil qiladi. Kislotada ham, ishqorda ham erishi uning amfoter ekanligini ko'rsatadi.",,
amfot-0010,amfoter-kompleks,Alyuminiy xlorid eritmasiga ishqorni bosqichma-bosqich qo'shish,yuqori,9-sinf,rules,AlCl3(aq) 0.5M + NaOH(aq) 2M,"Ishqor avval tomchilab, keyin ortiqcha miqdorda qo'shiladi.",AlCl3 + 4NaOH = Na[Al(OH)4] + 3NaCl,Al³⁺ + 4OH⁻ = [Al(OH)4]⁻,"Avval oq iviqsimon cho'kma hosil bo'ladi, ishqor qo'shish davom ettirilganda u eriydi.",,,sezilarsiz,tez,,"Alyuminiy tuziga qo'shilgan ishqor miqdori kam bo'lsa gidroksid cho'kadi, ortiqcha bo'lsa — eriydigan gidroksokompleks hosil bo'ladi. Bu xossa alyuminiy ionini magniy ionidan farqlashda ishlatiladi.",,
amfot-0011,amfoter-kompleks,Alyuminiy xloridga ortiqcha ammiak eritmasi qo'shish,yuqori,9-sinf,rules,AlCl3(aq) 0.5M + NH3·H2O(aq) 2M,,AlCl3 + 3NH3·H2O = Al(OH)3↓ + 3NH4Cl,Al³⁺ + 3NH3·H2O = Al(OH)3↓ + 3NH4⁺,Oq iviqsimon cho'kma hosil bo'ladi va ammiak eritmasi ortiqcha qo'shilganda ham erimaydi.,Al(OH)3 #f2f4f4 iviqsimon,,sezilarsiz,bir-zumda,,Ammiak eritmasi kuchsiz asos bo'lgani uchun alyuminiy gidroksidni gidroksokompleksga aylantira olmaydi. Shuning uchun laboratoriyada Al(OH)3 ni olishda ishqor o'rniga ammiak eritmasi ishlatiladi. Rux gidroksid esa ortiqcha ammiakda ammiakat hosil qilib eriydi.,,
amfot-0012,amfoter-kompleks,Natriy tetragidroksoalyuminat eritmasiga kislotani oz miqdorda qo'shish,yuqori,9-sinf,rules,Na[Al(OH)4](aq) 0.5M + HCl(aq) 1M,"Kislota tomchilab, ortiqcha bo'lmaydigan miqdorda qo'shiladi.",Na[Al(OH)4] + HCl = Al(OH)3↓ + NaCl + H2O,[Al(OH)4]⁻ + H⁺ = Al(OH)3↓ + H2O,Tiniq eritmada oq iviqsimon cho'kma hosil bo'ladi.,Al(OH)3 #f2f4f4 iviqsimon,,sezilarsiz,bir-zumda,,"Gidroksokompleks kislota ta'sirida parchalanadi va alyuminiy gidroksid qayta cho'kadi. Kislota ortiqcha qo'shilsa, cho'kma erib alyuminiy tuzi hosil bo'ladi.",,
amfot-0013,amfoter-kompleks,Natriy tetragidroksoalyuminat eritmasiga ortiqcha kislota qo'shish,yuqori,9-sinf,rules,Na[Al(OH)4](aq) 0.5M + HCl(aq) 2M,"Kislota avval tomchilab, so'ng ortiqcha miqdorda qo'shiladi.",Na[Al(OH)4] + 4HCl = AlCl3 + NaCl + 4H2O,[Al(OH)4]⁻ + 4H⁺ = Al³⁺ + 4H2O,"Avval oq cho'kma hosil bo'ladi, kislota qo'shish davom ettirilganda u eriydi.",,,sezilarsiz,tez,,"Ortiqcha kuchli kislota gidroksokompleksni to'liq parchalab, alyuminiy tuziga aylantiradi. Shuning uchun aluminatdan Al(OH)3 olishda kuchli kislota o'rniga CO2 ishlatish qulay.",,
amfot-0014,amfoter-kompleks,Natriy tetragidroksoalyuminat eritmasiga karbonat angidrid o'tkazish,yuqori,9-sinf,rules,Na[Al(OH)4](aq) 0.5M + CO2(g),,Na[Al(OH)4] + CO2 = Al(OH)3↓ + NaHCO3,[Al(OH)4]⁻ + CO2 = Al(OH)3↓ + HCO3⁻,"Gaz o'tkazilganda eritmada oq iviqsimon cho'kma hosil bo'ladi; CO2 ortiqcha bo'lsa ham cho'kma erimaydi.",Al(OH)3 #f2f4f4 iviqsimon,,sezilarsiz,o'rtacha,,"Karbonat kislota juda kuchsiz bo'lgani uchun alyuminiy gidroksidni erita olmaydi, lekin gidroksokompleksni parchalashga yetarli. Sanoatda boksitdan olingan aluminat eritmasidan Al(OH)3 shu usulda ajratiladi.",,
amfot-0015,amfoter-kompleks,Natriy tetragidroksoalyuminat eritmasining ammoniy xlorid bilan reaksiyasi,yuqori,10-sinf,rules,Na[Al(OH)4](aq) 0.5M + NH4Cl(aq) 1M,"qizdirish; Ammiakni haydash uchun aralashma isitiladi.",Na[Al(OH)4] + NH4Cl = Al(OH)3↓ + NH3↑ + NaCl + H2O,[Al(OH)4]⁻ + NH4⁺ = Al(OH)3↓ + NH3↑ + H2O,"Oq iviqsimon cho'kma hosil bo'ladi; isitilganda ammiakning o'tkir hidi seziladi, ho'llangan qizil lakmus qog'ozi ko'karadi.",Al(OH)3 #f2f4f4 iviqsimon,NH3,sezilarsiz,o'rtacha,,"Ammoniy ioni kuchsiz kislota bo'lib, gidroksokompleksni parchalaydi va alyuminiy gidroksidni cho'ktiradi. Bu reaksiya alyuminiyni eritmadan to'liq cho'ktirishda ishlatiladi.",,
amfot-0016,amfoter-kompleks,Xrom(III) gidroksidni olish,yuqori,9-sinf,rules,CrCl3(aq) 0.2M + NaOH(aq) 1M,Ishqor tomchilab qo'shiladi.,CrCl3 + 3NaOH = Cr(OH)3↓ + 3NaCl,Cr³⁺ + 3OH⁻ = Cr(OH)3↓,Kulrang-yashil iviqsimon cho'kma hosil bo'ladi.,Cr(OH)3 #6f8f6a iviqsimon,,sezilarsiz,bir-zumda,,Xrom(III) tuzlariga ishqor qo'shilganda kulrang-yashil xrom(III) gidroksid cho'kadi. U ham rux va alyuminiy gidroksidlari kabi amfoter xossaga ega.,,
amfot-0017,amfoter-kompleks,Xrom(III) gidroksidning sulfat kislotada erishi,yuqori,9-sinf,rules,Cr(OH)3(s) kukun + H2SO4(aq) 1M,Yangi olingan cho'kma ishlatiladi.,2Cr(OH)3 + 3H2SO4 = Cr2(SO4)3 + 6H2O,Cr(OH)3 + 3H⁺ = Cr³⁺ + 3H2O,"Kulrang-yashil cho'kma kislotada eriydi, ko'kimtir-yashil eritma hosil bo'ladi.",,,sezilarsiz,tez,,Xrom(III) gidroksid kislotalar bilan asos sifatida reaksiyaga kirishib xrom(III) tuzlarini hosil qiladi. Eritmaning rangi gidratlangan Cr³⁺ ionlariga bog'liq.,,
amfot-0018,amfoter-kompleks,Xrom(III) xlorid eritmasiga ortiqcha ishqor qo'shish,yuqori,9-sinf,rules,CrCl3(aq) 0.2M + NaOH(aq) 2M,"Ishqor avval tomchilab, keyin ortiqcha miqdorda qo'shiladi.",CrCl3 + 6NaOH = Na3[Cr(OH)6] + 3NaCl,Cr³⁺ + 6OH⁻ = [Cr(OH)6]³⁻,"Avval kulrang-yashil cho'kma hosil bo'ladi, ortiqcha ishqorda u erib, zumrad-yashil eritma hosil bo'ladi.",,,sezilarsiz,tez,,Xrom(III) gidroksid ortiqcha ishqorda erib yashil geksagidroksoxromat(III) kompleksini hosil qiladi. Bu Cr(OH)3 ning amfoterligini ko'rsatadi.,,
amfot-0019,amfoter-kompleks,Natriy geksagidroksoxromat(III) eritmasiga kislotani oz miqdorda qo'shish,yuqori,10-sinf,rules,Na3[Cr(OH)6](aq) 0.2M + HCl(aq) 1M,"Kislota tomchilab, ortiqcha bo'lmaydigan miqdorda qo'shiladi.",Na3[Cr(OH)6] + 3HCl = Cr(OH)3↓ + 3NaCl + 3H2O,[Cr(OH)6]³⁻ + 3H⁺ = Cr(OH)3↓ + 3H2O,Zumrad-yashil eritmada kulrang-yashil cho'kma hosil bo'ladi.,Cr(OH)3 #6f8f6a iviqsimon,,sezilarsiz,bir-zumda,,"Gidroksokompleks kislota ta'sirida parchalanadi va amfoter gidroksid qayta cho'kadi. Kislota ortiqcha bo'lsa, cho'kma erib xrom(III) tuzi hosil bo'ladi.",,
amfot-0020,amfoter-kompleks,Qo'rg'oshin(II) gidroksidni olish,yuqori,9-sinf,rules,Pb(NO3)2(aq) 0.1M + NaOH(aq) 1M,Ishqor tomchilab qo'shiladi.,Pb(NO3)2 + 2NaOH = Pb(OH)2↓ + 2NaNO3,Pb²⁺ + 2OH⁻ = Pb(OH)2↓,Oq cho'kma hosil bo'ladi.,Pb(OH)2 #f4f4f0 iviqsimon,,sezilarsiz,bir-zumda,,Qo'rg'oshin(II) tuzlariga ishqor qo'shilganda oq qo'rg'oshin(II) gidroksid cho'kadi. U amfoter gidroksid bo'lgani uchun ortiqcha ishqorda eriydi.,,
amfot-0021,amfoter-kompleks,Qo'rg'oshin(II) gidroksidning nitrat kislotada erishi,yuqori,9-sinf,rules,Pb(OH)2(s) kukun + HNO3(aq) 1M,Yangi olingan cho'kma ishlatiladi.,Pb(OH)2 + 2HNO3 = Pb(NO3)2 + 2H2O,Pb(OH)2 + 2H⁺ = Pb²⁺ + 2H2O,"Oq cho'kma kislotada eriydi, rangsiz eritma hosil bo'ladi.",,,sezilarsiz,tez,,"Qo'rg'oshin(II) gidroksid kislotalarda asos sifatida eriydi. Nitrat kislota tanlanadi, chunki xlorid va sulfat kislotalar bilan qo'rg'oshinning kam eriydigan tuzlari hosil bo'ladi.",,
amfot-0022,amfoter-kompleks,Qo'rg'oshin(II) gidroksidning natriy gidroksid eritmasida erishi,yuqori,9-sinf,rules,Pb(OH)2(s) kukun + NaOH(aq) 2M,Yangi olingan cho'kma ishlatiladi.,Pb(OH)2 + 2NaOH = Na2[Pb(OH)4],Pb(OH)2 + 2OH⁻ = [Pb(OH)4]²⁻,"Oq cho'kma ishqorda eriydi, rangsiz tiniq eritma hosil bo'ladi.",,,sezilarsiz,tez,,"Qo'rg'oshin(II) gidroksid ishqorda erib natriy tetragidroksoplyumbat(II) hosil qiladi. Kislotada ham, ishqorda ham erishi uning amfoterligini ko'rsatadi.",,
amfot-0023,amfoter-kompleks,Qalay(II) gidroksidni olish,yuqori,9-sinf,rules,SnCl2(aq) 0.1M + NaOH(aq) 1M,Ishqor tomchilab qo'shiladi.,SnCl2 + 2NaOH = Sn(OH)2↓ + 2NaCl,Sn²⁺ + 2OH⁻ = Sn(OH)2↓,Oq iviqsimon cho'kma hosil bo'ladi.,Sn(OH)2 #f4f4f0 iviqsimon,,sezilarsiz,bir-zumda,,"Qalay(II) tuzlariga ishqor qo'shilganda oq qalay(II) gidroksid cho'kadi. U amfoter gidroksid bo'lib, kislotalarda ham, ishqorlarda ham eriydi.",,
amfot-0024,amfoter-kompleks,Qalay(II) gidroksidning xlorid kislotada erishi,yuqori,9-sinf,rules,Sn(OH)2(s) kukun + HCl(aq) 1M,Yangi olingan cho'kma ishlatiladi.,Sn(OH)2 + 2HCl = SnCl2 + 2H2O,Sn(OH)2 + 2H⁺ = Sn²⁺ + 2H2O,"Oq cho'kma kislotada eriydi, rangsiz eritma hosil bo'ladi.",,,sezilarsiz,tez,,Qalay(II) gidroksid kislotalarda asos sifatida erib qalay(II) tuzlarini hosil qiladi.,,
amfot-0025,amfoter-kompleks,Qalay(II) xlorid eritmasiga ortiqcha ishqor qo'shish,yuqori,9-sinf,rules,SnCl2(aq) 0.1M + NaOH(aq) 2M,"Ishqor avval tomchilab, keyin ortiqcha miqdorda qo'shiladi.",SnCl2 + 4NaOH = Na2[Sn(OH)4] + 2NaCl,Sn²⁺ + 4OH⁻ = [Sn(OH)4]²⁻,"Avval oq cho'kma hosil bo'ladi, ortiqcha ishqorda u eriydi va eritma tiniq bo'ladi.",,,sezilarsiz,tez,,"Qalay(II) gidroksid ortiqcha ishqorda natriy tetragidroksostannat(II) hosil qilib eriydi. Bu eritma kuchli qaytaruvchi bo'lib, analitik kimyoda ishlatiladi.",,
amfot-0026,amfoter-kompleks,Temir(III) gidroksidning xlorid kislotada erishi,yuqori,9-sinf,rules,Fe(OH)3(s) kukun + HCl(aq) 1M,Yangi olingan cho'kma ishlatiladi.,Fe(OH)3 + 3HCl = FeCl3 + 3H2O,Fe(OH)3 + 3H⁺ = Fe³⁺ + 3H2O,"Qizil-qo'ng'ir cho'kma kislotada eriydi, sariq-qo'ng'ir eritma hosil bo'ladi.",,,sezilarsiz,tez,,"Temir(III) gidroksid kislotalarda oson eriydi, ya'ni asos xossasi ustun. Uning kislotali xossasi juda kuchsiz: suyultirilgan ishqorlarda u erimaydi.",,
amfot-0028,amfoter-kompleks,Magniy gidroksidning ishqorda erimasligi (amfoter emasligi),yuqori,8-sinf,record,Mg(OH)2(s) kukun + NaOH(aq) 2M,,,,"Oq cho'kma ishqorda erimaydi, hech qanday o'zgarish kuzatilmaydi.",,,sezilarsiz,bir-zumda,ha,"Magniy gidroksid faqat kislotalarda eriydi, ishqorlarda erimaydi — u amfoter emas, balki asos. Bu xossa Mg²⁺ ni Al³⁺ va Zn²⁺ ionlaridan ajratishda ishlatiladi.",,
amfot-0031,amfoter-kompleks,Tetraamminmis(II) sulfat hosil bo'lishi (ortiqcha ammiak),yuqori,umumiy,rules,CuSO4(aq) 0.5M + NH3·H2O(aq) 2M,"Ammiak eritmasi avval tomchilab, so'ng ortiqcha miqdorda qo'shiladi.",CuSO4 + 4NH3·H2O = [Cu(NH3)4]SO4 + 4H2O,Cu²⁺ + 4NH3·H2O = [Cu(NH3)4]²⁺ + 4H2O,"Avval ko'k cho'kma hosil bo'ladi, ortiqcha ammiakda u erib, to'q ko'k (ko'k-binafsha) tiniq eritma hosil bo'ladi.",,,sezilarsiz,tez,,"Mis(II) ioni ammiak bilan barqaror kompleks — tetraamminmis(II) ionini hosil qiladi. Uning to'q ko'k rangi gidratlangan Cu²⁺ ionining havorang tusidan ancha kuchli, shuning uchun bu reaksiya mis ionlarini aniqlashda ham ishlatiladi.",,
amfot-0032,amfoter-kompleks,Tetraamminmis(II) kompleksining kislota ta'sirida parchalanishi,yuqori,umumiy,rules,[Cu(NH3)4]SO4(aq) 0.1M + HCl(aq) 2M,"Kislota tomchilab, rang o'zgarguncha qo'shiladi.",[Cu(NH3)4]SO4 + 4HCl = CuSO4 + 4NH4Cl,[Cu(NH3)4]²⁺ + 4H⁺ = Cu²⁺ + 4NH4⁺,To'q ko'k eritma kislota qo'shilganda havorang tusga o'tadi.,,,sezilarsiz,bir-zumda,,Ammiakat komplekslari kislotali muhitda barqaror emas: H⁺ ionlari ammiakni NH4⁺ holida bog'lab oladi va kompleks parchalanadi. Kompleks hosil bo'lishi va parchalanishi muvozanatini muhitni o'zgartirib boshqarish mumkin.,,
amfot-0033,amfoter-kompleks,Mis(II) gidroksidning ammiak eritmasida erishi (Shveytser reaktivi),yuqori,umumiy,rules,Cu(OH)2(s) kukun + NH3·H2O(aq) 2M,Yangi olingan mis(II) gidroksid cho'kmasi ishlatiladi.,Cu(OH)2 + 4NH3·H2O = [Cu(NH3)4](OH)2 + 4H2O,Cu(OH)2 + 4NH3·H2O = [Cu(NH3)4]²⁺ + 2OH⁻ + 4H2O,"Ko'k cho'kma ammiak eritmasida eriydi, to'q ko'k tiniq eritma hosil bo'ladi.",,,sezilarsiz,tez,,Mis(II) gidroksid ammiak eritmasida erib kompleks asos — tetraamminmis(II) gidroksid hosil qiladi. Bu eritma Shveytser reaktivi deb ataladi va sellyulozani eritish xossasiga ega (mis-ammiakli tola olishda ishlatilgan).,,
amfot-0034,amfoter-kompleks,Rux sulfat eritmasiga ortiqcha ammiak eritmasi qo'shish,yuqori,umumiy,rules,ZnSO4(aq) 0.5M + NH3·H2O(aq) 2M,"Ammiak eritmasi avval tomchilab, so'ng ortiqcha miqdorda qo'shiladi.",ZnSO4 + 4NH3·H2O = [Zn(NH3)4]SO4 + 4H2O,Zn²⁺ + 4NH3·H2O = [Zn(NH3)4]²⁺ + 4H2O,"Avval oq cho'kma hosil bo'ladi, ortiqcha ammiakda u eriydi va eritma rangsiz tiniq bo'ladi.",,,sezilarsiz,tez,,"Rux gidroksid ortiqcha ammiakda tetraamminrux kompleksini hosil qilib eriydi, alyuminiy gidroksid esa erimaydi. Bu farq Zn²⁺ va Al³⁺ ionlarini ajratishda ishlatiladi.",,
amfot-0036,amfoter-kompleks,Geksaamminnikel(II) sulfat hosil bo'lishi (ortiqcha ammiak),yuqori,umumiy,rules,NiSO4(aq) 0.5M + NH3·H2O(aq) 2M,"Ammiak eritmasi avval tomchilab, so'ng ortiqcha miqdorda qo'shiladi.",NiSO4 + 6NH3·H2O = [Ni(NH3)6]SO4 + 6H2O,Ni²⁺ + 6NH3·H2O = [Ni(NH3)6]²⁺ + 6H2O,"Avval yashil cho'kma hosil bo'ladi, ortiqcha ammiakda u erib, ko'k-binafsha tiniq eritma hosil bo'ladi.",,,sezilarsiz,tez,,Nikel(II) ioni ammiak bilan koordinatsion soni 6 bo'lgan kompleks hosil qiladi. Ligandlar almashinishi (suv molekulalari o'rniga ammiak) eritma rangini yashildan ko'k-binafshaga o'zgartiradi.,,
amfot-0037,amfoter-kompleks,Kumush nitrat eritmasiga oz miqdorda ammiak eritmasi qo'shish,yuqori,umumiy,rules,AgNO3(aq) 0.1M + NH3·H2O(aq) 0.5M,"Ammiak eritmasi tomchilab, ortiqcha bo'lmaydigan miqdorda qo'shiladi.",2AgNO3 + 2NH3·H2O = Ag2O↓ + 2NH4NO3 + H2O,2Ag⁺ + 2NH3·H2O = Ag2O↓ + 2NH4⁺ + H2O,Rangsiz eritmada qo'ng'ir cho'kma hosil bo'ladi.,Ag2O #3a2a20 mayda-kristall,,sezilarsiz,bir-zumda,,"Kumush gidroksid beqaror bo'lgani uchun Ag⁺ ioniga asos ta'sir ettirilganda darhol kumush(I) oksid cho'kadi. Ammiak ortiqcha bo'lsa, cho'kma diamminkumush kompleksini hosil qilib eriydi.",,
amfot-0038,amfoter-kompleks,Diamminkumush(I) nitrat hosil bo'lishi (ortiqcha ammiak),yuqori,umumiy,rules,AgNO3(aq) 0.1M + NH3·H2O(aq) 2M,"Ammiak eritmasi avval tomchilab, so'ng cho'kma eriguncha qo'shiladi.",AgNO3 + 2NH3·H2O = [Ag(NH3)2]NO3 + 2H2O,Ag⁺ + 2NH3·H2O = [Ag(NH3)2]⁺ + 2H2O,"Avval qo'ng'ir cho'kma hosil bo'ladi, ortiqcha ammiakda u eriydi va eritma rangsiz tiniq bo'ladi.",,,sezilarsiz,tez,,Kumush(I) ioni ammiak bilan koordinatsion soni 2 bo'lgan diamminkumush kompleksini hosil qiladi. Bunday eritma (kumush ko'zgu reaksiyasida ishlatiladigan Tollens reaktivi kabi) faqat tajriba oldidan tayyorlanadi.,,
amfot-0039,amfoter-kompleks,Kumush xloridning ammiak eritmasida erishi,yuqori,umumiy,rules,AgCl(s) kukun + NH3·H2O(aq) 2M,Yangi olingan AgCl cho'kmasi ishlatiladi.,AgCl + 2NH3·H2O = [Ag(NH3)2]Cl + 2H2O,AgCl + 2NH3·H2O = [Ag(NH3)2]⁺ + Cl⁻ + 2H2O,"Oq suzmasimon cho'kma ammiak eritmasida eriydi, rangsiz tiniq eritma hosil bo'ladi.",,,sezilarsiz,tez,,"Kumush xlorid suvda erimaydi, lekin ammiak eritmasida diamminkumush kompleksi hosil qilib eriydi. Kumush bromid ammiakda qisman, kumush yodid esa amalda erimaydi — bu galogenidlarni farqlashda ishlatiladi.",,
amfot-0040,amfoter-kompleks,Diamminkumush(I) xlorid kompleksining nitrat kislota ta'sirida parchalanishi,yuqori,umumiy,rules,[Ag(NH3)2]Cl(aq) 0.1M + HNO3(aq) 2M,Nitrat kislota muhit kislotali bo'lguncha qo'shiladi.,[Ag(NH3)2]Cl + 2HNO3 = AgCl↓ + 2NH4NO3,[Ag(NH3)2]⁺ + Cl⁻ + 2H⁺ = AgCl↓ + 2NH4⁺,Tiniq eritmada yana oq suzmasimon cho'kma hosil bo'ladi.,AgCl #f8f8f4 suzmasimon,,sezilarsiz,bir-zumda,,"Kislotali muhitda ammiakat parchalanadi va kumush xlorid qayta cho'kadi. Kumush xlorid cho'kmasini ammiakda eritib, so'ng nitrat kislota bilan qayta cho'ktirish xlorid ionini aniqlashda tasdiqlovchi bosqich sifatida ishlatiladi.",,
amfot-0041,amfoter-kompleks,Kumush yodidning ammiak eritmasida erimasligi,yuqori,umumiy,record,AgI(s) kukun + NH3·H2O(aq) 2M,,,,"Sariq cho'kma ammiak eritmasida erimaydi, o'zgarish kuzatilmaydi.",,,sezilarsiz,bir-zumda,ha,"Kumush yodid kumush xloridga qaraganda ancha kam eriydi, shuning uchun ammiak uni kompleksga aylantira olmaydi. Bu xossa Cl⁻ va I⁻ ionlarini farqlashda ishlatiladi.",,
amfot-0042,amfoter-kompleks,Kumush bromidning natriy tiosulfat eritmasida erishi (fotografik fiksaj),yuqori,umumiy,record,AgBr(s) kukun + Na2S2O3(aq) 0.5M,,AgBr + 2Na2S2O3 = Na3[Ag(S2O3)2] + NaBr,AgBr + 2S2O3²⁻ = [Ag(S2O3)2]³⁻ + Br⁻,"Och sariq cho'kma natriy tiosulfat eritmasida eriydi, rangsiz tiniq eritma hosil bo'ladi.",,,sezilarsiz,tez,,"Tiosulfat ionlari kumush bilan juda barqaror kompleks hosil qiladi, shuning uchun ammiakda kam eriydigan AgBr ham tiosulfatda oson eriydi. Fotografiyada yorug'lik ta'sir etmagan AgBr fiksaj eritmasi (natriy tiosulfat) bilan shu tarzda yuvib tashlanadi.",,
amfot-0043,amfoter-kompleks,Simob(II) nitratga kaliy yodid qo'shish: simob(II) yodid cho'kmasi,yuqori,umumiy,record,Hg(NO3)2(aq) 0.1M + KI(aq) 0.1M,"Kaliy yodid tomchilab, ortiqcha bo'lmaydigan miqdorda qo'shiladi.",Hg(NO3)2 + 2KI = HgI2↓ + 2KNO3,Hg²⁺ + 2I⁻ = HgI2↓,Rangsiz eritmada yorqin qizil (to'q sariq-qizil) cho'kma hosil bo'ladi.,HgI2 #e0301e mayda-kristall,,sezilarsiz,bir-zumda,,"Simob(II) ionlari yodid ionlari bilan erimaydigan qizil simob(II) yodid hosil qiladi. Yodid ortiqcha bo'lsa, bu cho'kma kompleks hosil qilib eriydi.",,
amfot-0044,amfoter-kompleks,Simob(II) yodidning ortiqcha kaliy yodidda erishi (kaliy tetrayodomerkurat hosil bo'lishi),yuqori,umumiy,record,HgI2(s) kukun + KI(aq) 0.5M,Yangi olingan HgI2 cho'kmasiga KI eritmasi ortiqcha miqdorda qo'shiladi.,HgI2 + 2KI = K2[HgI4],HgI2 + 2I⁻ = [HgI4]²⁻,"Qizil cho'kma ortiqcha kaliy yodidda eriydi, rangsiz (och sarg'ish) tiniq eritma hosil bo'ladi.",,,sezilarsiz,tez,,Ortiqcha yodid ionlari simob(II) bilan barqaror tetrayodomerkurat(II) kompleksini hosil qiladi va cho'kma eriydi. Bu kompleksning ishqoriy eritmasi ammoniy ionini aniqlashda ishlatiladigan Nessler reaktivining asosini tashkil etadi.,,
amin-0001,aminlar-oqsillar,Metilaminning asos xossalari: indikator va xlorid kislota bilan,yuqori,11-sinf,rules,CH3NH2(aq) 2M + HCl(aq) 1M,"Metilamin eritmasiga avval 1 tomchi fenolftalein qo'shiladi, so'ng xlorid kislota tomchilab quyiladi.",CH3NH2 + HCl → CH3NH3Cl,CH3NH2 + H⁺ → CH3NH3⁺,"Metilamin eritmasi fenolftaleinni to'q pushti rangga bo'yaydi; xlorid kislota qo'shilganda rang yo'qoladi, baliqqa o'xshash o'tkir hid ham kamayadi.",,,sezilarsiz,bir-zumda,,Aminlar ammiak kabi asos xossalarini namoyon qiladi: azot atomining bo'linmagan elektron jufti protonni biriktiradi. Metil guruhi azotdagi elektron zichligini oshirgani uchun metilamin ammiakdan kuchliroq asos. Kislotalar bilan aminlar tuzlar — alkilammoniy tuzlarini hosil qiladi.,,
amin-0002,aminlar-oqsillar,Metilamin eritmasining temir(III) xlorid bilan reaksiyasi,yuqori,11-sinf,rules,FeCl3(aq) 0.1M + CH3NH2(aq) 2M,,3CH3NH2 + FeCl3 + 3H2O → Fe(OH)3↓ + 3CH3NH3Cl,3CH3NH2 + Fe³⁺ + 3H2O → Fe(OH)3↓ + 3CH3NH3⁺,Qo'ng'ir-qizil iviqsimon cho'kma hosil bo'ladi.,Fe(OH)3 #9a4a1c iviqsimon,,sezilarsiz,bir-zumda,,Metilaminning suvdagi eritmasi ammiak eritmasi kabi ishqoriy muhitga ega va metallarning erimaydigan gidroksidlarini cho'ktiradi. Bu aminlarning asos xossasini ko'rsatadigan yana bir tajriba.,,
amin-0003,aminlar-oqsillar,Anilinning xlorid kislotada erishi,yuqori,11-sinf,record,C6H5NH2(l) + HCl(aq) 2M,,C6H5NH2 + HCl → C6H5NH3Cl,C6H5NH2 + H⁺ → C6H5NH3⁺,"Suvda erimay turgan anilin tomchilari xlorid kislota qo'shilib chayqatilganda eriydi, tiniq eritma hosil bo'ladi.",,,sezilarsiz,tez,,"Anilin kuchsiz asos: benzol halqasi azotning elektron juftini o'ziga tortib, uning proton biriktirish qobiliyatini kamaytiradi. Shunga qaramay, kuchli kislotalar bilan u tuz — fenilammoniy xlorid hosil qiladi va eriydi. Anilin eritmasi lakmus rangini o'zgartirmaydi.",,
amin-0004,aminlar-oqsillar,Fenilammoniy xloriddan ishqor ta'sirida anilinning ajralishi,yuqori,11-sinf,rules,C6H5NH3Cl(aq) 0.5M + NaOH(aq) 1M,,C6H5NH3Cl + NaOH → C6H5NH2 + NaCl + H2O,C6H5NH3⁺ + OH⁻ → C6H5NH2 + H2O,"Tiniq eritma oqarib loyqalanadi (emulsiya), tindirilganda moysimon anilin tomchilari ajraladi.",,,sezilarsiz,bir-zumda,,"Kuchli asos kuchsiz asosni uning tuzidan siqib chiqaradi. Fenilammoniy xloriddan ishqor ta'sirida erkin anilin ajraladi; u suvda erimagani uchun emulsiya va moysimon qatlam hosil qiladi.",,
amin-0005,aminlar-oqsillar,Anilinning bromli suv bilan reaksiyasi,yuqori,11-sinf,record,C6H5NH2(l) + bromli-suv(aq),,C6H5NH2 + 3Br2 → C6H2Br3NH2↓ + 3HBr,C6H5NH2 + 3Br2 → C6H2Br3NH2↓ + 3H⁺ + 3Br⁻,Bromli suv darhol rangsizlanadi va oq cho'kma hosil bo'ladi.,C6H2Br3NH2 #f6f6f0 suzmasimon,,sezilarsiz,bir-zumda,,"Aminoguruh va benzol halqasining o'zaro ta'siri natijasida anilin halqasi benzolga qaraganda ancha faol. Shuning uchun anilin bromli suv bilan katalizatorsiz, oddiy sharoitda 2,4,6-tribromanilin hosil qiladi. Bu reaksiya anilinga sifat reaksiyasi hisoblanadi (fenol ham shunga o'xshash reaksiya beradi).",,
amin-0007,aminlar-oqsillar,Glitsinning xlorid kislota bilan reaksiyasi,yuqori,11-sinf,record,H2NCH2COOH(aq) 0.5M + HCl(aq) 1M,"Glitsin eritmasiga metiloranj qo'shilib, xlorid kislota tomchilab quyiladi; taqqoslash uchun toza suvga ham shuncha kislota qo'shiladi.",H2NCH2COOH + HCl → [H3NCH2COOH]Cl,H2NCH2COOH + H⁺ + Cl⁻ → [H3NCH2COOH]Cl,"Tashqi o'zgarish ko'rinmaydi; glitsin eritmasida metiloranj qizarishi uchun toza suvdagiga qaraganda ko'proq kislota talab qilinadi (kislota bog'lanadi).",,,sezilarsiz,bir-zumda,,Aminokislotalar amfoter birikmalar: aminoguruh hisobiga kislotalar bilan tuz hosil qiladi. Glitsin eritmaga qo'shilgan H⁺ ionlarini bog'lagani uchun eritma pH i sekin o'zgaradi (bufer ta'siri).,,
amin-0008,aminlar-oqsillar,Glitsinning natriy gidroksid bilan reaksiyasi,yuqori,11-sinf,record,H2NCH2COOH(aq) 0.5M + NaOH(aq) 1M,"Glitsin eritmasiga fenolftalein qo'shilib, ishqor tomchilab quyiladi; taqqoslash uchun toza suvga ham shuncha ishqor qo'shiladi.",H2NCH2COOH + NaOH → H2NCH2COONa + H2O,H2NCH2COOH + Na⁺ + OH⁻ → H2NCH2COONa + H2O,"Tashqi o'zgarish ko'rinmaydi; glitsin eritmasida fenolftalein pushti rangga kirishi uchun toza suvdagiga qaraganda ko'proq ishqor talab qilinadi.",,,sezilarsiz,bir-zumda,,"Glitsin karboksil guruhi hisobiga ishqorlar bilan tuz hosil qiladi. Avvalgi tajriba bilan birgalikda bu aminokislotalarning amfoterligini ko'rsatadi: ular ham kislota, ham asos bilan reaksiyaga kirishadi.",,
amin-0009,aminlar-oqsillar,Glitsinning mis(II) gidroksid bilan reaksiyasi,yuqori,11-sinf,record,Cu(OH)2(s) + H2NCH2COOH(aq) 0.5M,"Cu(OH)₂ CuSO₄ va NaOH eritmalaridan yangi cho'ktirib olinadi; reaksiyani tezlashtirish uchun biroz iliqlash mumkin.",2H2NCH2COOH + Cu(OH)2 → (H2NCH2COO)2Cu + 2H2O,,"Havorang Cu(OH)₂ cho'kmasi eriydi, eritma to'q ko'k rangga kiradi.",,,sezilarsiz,tez,,Aminokislotalar ikki funksional guruhi orqali mis(II) ionlari bilan to'q ko'k rangli ichki kompleks tuzlar (xelatlar) hosil qiladi. Bu reaksiya aminokislotalarni aniqlash va ajratishda qo'llaniladi.,,
amin-0010,aminlar-oqsillar,Oqsillarning biuret reaksiyasi,yuqori,10-sinf,rules,oqsil(aq) + NaOH(aq) 2M + CuSO4(aq) 0.05M,,,,Eritma qizg'ish-binafsha rangga bo'yaladi.,,,sezilarsiz,tez,,Biuret reaksiyasi — barcha oqsillar va peptidlarga (kamida ikkita peptid bog'i bo'lganda) xos sifat reaksiyasi. U peptid bog'larini aniqlaydi. Reaksiya nomi bir molekulasida ikkita –CO–NH– guruhi bo'lgan biuret moddasidan olingan.,,
amin-0011,aminlar-oqsillar,Oqsillarning ksantoprotein reaksiyasi,yuqori,10-sinf,rules,oqsil(aq) + HNO3(aq) 14.4M,"qizdirish; Konsentrlangan HNO₃ qo'shilgach, aralashma ehtiyotlik bilan qizdiriladi; sovigach ammiak eritmasi qo'shiladi.",,,"Avval oq cho'kma hosil bo'ladi, qizdirilganda u sariq rangga kiradi; ammiak qo'shilganda to'q sariq (zarg'aldoq) tus oladi.",,,sezilarsiz,o'rtacha,,Ksantoprotein reaksiyasi tarkibida aromatik halqali aminokislotalar bo'lgan oqsillarni aniqlaydi. Nitrat kislota teriga tekkanda uning sarg'ayishi ham shu reaksiya bilan bog'liq.,,
amin-0012,aminlar-oqsillar,Oqsillarning qizdirilganda denaturatsiyasi,yuqori,10-sinf,rules,oqsil(aq),"qizdirish; ≥70°C; Oqsil eritmasi spirt lampasida qaynaguncha qizdiriladi.",,,"Tiniq oqsil eritmasi qizdirilganda oqarib loyqalanadi va oq parchalar (ivib qolgan oqsil) ajraladi; sovutilganda qayta erimaydi.",,,sezilarsiz,o'rtacha,,"Denaturatsiya — oqsilning tabiiy fazoviy tuzilishining buzilishi. Yuqori harorat, kuchli kislotalar, ishqorlar, og'ir metall tuzlari va spirt ta'sirida yuz beradi. Tuxum pishirilganda oqsilining oqarib qotishi issiqlik ta'sirida denaturatsiyaga misol.",,
amin-0013,aminlar-oqsillar,Og'ir metall tuzlari ta'sirida oqsillarning cho'kishi,yuqori,10-sinf,rules,oqsil(aq) + CuSO4(aq) 0.5M,,,,"Oqsil eritmasiga mis(II) sulfat qo'shilganda havorang parchasimon cho'kma hosil bo'ladi; suv qo'shilganda u erimaydi.",,,sezilarsiz,bir-zumda,,"Og'ir metall (mis, qo'rg'oshin, simob) tuzlari oqsillarni qaytmas cho'ktiradi. Shu sababli ular tirik organizm uchun zaharli. Og'ir metall tuzlari bilan zaharlanganda birinchi yordam sifatida sut yoki tuxum oqi ichirilishi ham shunga asoslangan: tuz oshqozondagi oqsil bilan bog'lanadi.",,
amin-0014,aminlar-oqsillar,Etil spirti ta'sirida oqsillarning denaturatsiyasi,yuqori,10-sinf,rules,oqsil(aq) + C2H5OH(l),,,,Oqsil eritmasi etanol qo'shilganda oqarib loyqalanadi va oq parchalar ajraladi.,,,sezilarsiz,tez,,Etil spirti oqsillarni denaturatsiyalaydi. Uning dezinfeksiyalovchi (mikroblarni o'ldiruvchi) ta'siri ham mikroorganizmlar oqsillarining denaturatsiyasiga asoslangan.,,
amin-0015,aminlar-oqsillar,Oqsillarning tuzlar ta'sirida qaytar cho'kishi (tuzlash),yuqori,10-sinf,rules,oqsil(aq) + (NH4)2SO4(s),"Oqsil eritmasiga to'yinguncha ammoniy sulfat qo'shiladi; so'ng cho'kmaning bir qismi suvga solinadi.",,,"Tuz eritilgan sari eritma loyqalanib, oq parchali cho'kma hosil bo'ladi; cho'kma suvga solinganda yana eriydi.",,,sezilarsiz,o'rtacha,,Ishqoriy va ishqoriy-yer metallari hamda ammoniy tuzlarining konsentrlangan eritmalari oqsillarni qaytar cho'ktiradi (tuzlash). Bunda oqsil denaturatsiyaga uchramaydi va suyultirilganda yana eriydi. Bu usul oqsillarni ajratish va tozalashda qo'llaniladi.,,
amin-0016,aminlar-oqsillar,Jun ipini yondirish — oqsil tolani aniqlash,yuqori,10-sinf,rules,jun(s),"yondirish; Jun ipining uchi pinset bilan ushlanib alangaga tutiladi; taqqoslash uchun paxta ipi ham yondiriladi.",,,"Jun ipi sekin yonadi, alangadan olinganda o'chishga moyil; kuygan soch (pat) hidi chiqadi, uchida qora mo'rt sharcha qoladi. Paxta ipi esa tez yonib, kuygan qog'oz hidini beradi va kul qoldiradi.",,,ekzotermik,tez,,"Oqsil tolalari (jun, ipak) yonganda kuygan pat hidini beradi va qora mo'rt qoldiq hosil qiladi. Sellyuloza tolalari (paxta, zig'ir) esa kuygan qog'oz hidini beradi va kul qoldiradi. Bu oddiy usul bilan tabiiy tolalarning turini aniqlash mumkin.",,
amin-0020,aminlar-oqsillar,Mochevinadan biuret olish va biuret reaksiyasi,yuqori,11-sinf,record,CO(NH2)2(s),"qizdirish; ≥150°C; Quruq probirkada mochevina suyuqlanguncha va qayta qotguncha qizdiriladi; so'ng qoldiq suvda eritilib, NaOH va CuSO₄ bilan sinaladi.",2CO(NH2)2 → H2NCONHCONH2 + NH3↑,,"Mochevina suyuqlanadi, ammiak hidi keladi (ho'l qizil lakmus qog'ozi ko'karadi), so'ng suyuqlik oq massaga aylanib qotadi. Uning eritmasi NaOH va CuSO₄ bilan binafsha rang beradi.",,NH3,endotermik,o'rtacha,,"Mochevina qizdirilganda ikki molekulasidan ammiak ajralib, biuret hosil bo'ladi. Biuret molekulasida oqsillardagidek ikkita –CO–NH– guruhi bor, shuning uchun u ishqoriy muhitda Cu²⁺ bilan binafsha rang beradi. Oqsillarning biuret reaksiyasi nomi shu moddadan olingan.",,
chokma-0001,ion-almashinish-chokma,Mis(II) sulfat va natriy gidroksid eritmalarining o'zaro ta'siri (mis(II) gidroksid cho'kmasi),yuqori,8-sinf,rules,CuSO4(aq) 0.1M + NaOH(aq) 0.1M,,CuSO4 + 2NaOH = Cu(OH)2↓ + Na2SO4,Cu²⁺ + 2OH⁻ = Cu(OH)2↓,Ko'k iviqsimon (dirildoq) cho'kma tushadi.,Cu(OH)2 #4a9be0 iviqsimon,,sezilarsiz,bir-zumda,,"Eritmalar aralashtirilganda Cu²⁺ va OH⁻ ionlari uchrashib, suvda erimaydigan mis(II) gidroksid hosil qiladi; qolgan ionlar eritmada qoladi. Ion almashinish reaksiyasi cho'kma hosil bo'lgani uchun oxirigacha boradi.",,
chokma-0002,ion-almashinish-chokma,Temir(III) xlorid va natriy gidroksid eritmalarining o'zaro ta'siri (temir(III) gidroksid cho'kmasi),yuqori,8-sinf,rules,FeCl3(aq) 0.1M + NaOH(aq) 0.1M,,FeCl3 + 3NaOH = Fe(OH)3↓ + 3NaCl,Fe³⁺ + 3OH⁻ = Fe(OH)3↓,Qizil-qo'ng'ir iviqsimon (dirildoq) cho'kma tushadi.,Fe(OH)3 #9a4a1c iviqsimon,,sezilarsiz,bir-zumda,,"Eritmalar aralashtirilganda Fe³⁺ va OH⁻ ionlari uchrashib, suvda erimaydigan temir(III) gidroksid hosil qiladi; qolgan ionlar eritmada qoladi. Ion almashinish reaksiyasi cho'kma hosil bo'lgani uchun oxirigacha boradi.",,
chokma-0003,ion-almashinish-chokma,Temir(II) sulfat va natriy gidroksid eritmalarining o'zaro ta'siri (temir(II) gidroksid cho'kmasi),yuqori,8-sinf,rules,FeSO4(aq) 0.1M + NaOH(aq) 0.1M,,FeSO4 + 2NaOH = Fe(OH)2↓ + Na2SO4,Fe²⁺ + 2OH⁻ = Fe(OH)2↓,Oq-yashilsimon (havoda qo'ng'irlashadi) iviqsimon (dirildoq) cho'kma tushadi.,Fe(OH)2 #c8d8b0 iviqsimon,,sezilarsiz,bir-zumda,,"Eritmalar aralashtirilganda Fe²⁺ va OH⁻ ionlari uchrashib, suvda erimaydigan temir(II) gidroksid hosil qiladi; qolgan ionlar eritmada qoladi. Ion almashinish reaksiyasi cho'kma hosil bo'lgani uchun oxirigacha boradi. Havoda Fe(OH)₂ asta-sekin oksidlanib, cho'kma yashil, so'ng qo'ng'ir tusga kiradi (Fe(OH)₃ hosil bo'ladi).",,
chokma-0004,ion-almashinish-chokma,Magniy xlorid va natriy gidroksid eritmalarining o'zaro ta'siri (magniy gidroksid cho'kmasi),yuqori,8-sinf,rules,MgCl2(aq) 0.1M + NaOH(aq) 0.1M,,MgCl2 + 2NaOH = Mg(OH)2↓ + 2NaCl,Mg²⁺ + 2OH⁻ = Mg(OH)2↓,Oq iviqsimon (dirildoq) cho'kma tushadi.,Mg(OH)2 #f6f6f2 iviqsimon,,sezilarsiz,bir-zumda,,"Eritmalar aralashtirilganda Mg²⁺ va OH⁻ ionlari uchrashib, suvda erimaydigan magniy gidroksid hosil qiladi; qolgan ionlar eritmada qoladi. Ion almashinish reaksiyasi cho'kma hosil bo'lgani uchun oxirigacha boradi.",,
chokma-0005,ion-almashinish-chokma,Alyuminiy xlorid va natriy gidroksid eritmalarining o'zaro ta'siri (alyuminiy gidroksid cho'kmasi),yuqori,8-sinf,rules,AlCl3(aq) 0.1M + NaOH(aq) 0.1M,,AlCl3 + 3NaOH = Al(OH)3↓ + 3NaCl,Al³⁺ + 3OH⁻ = Al(OH)3↓,Oq iviqsimon (dirildoq) cho'kma tushadi.,Al(OH)3 #f2f4f4 iviqsimon,,sezilarsiz,bir-zumda,,"Eritmalar aralashtirilganda Al³⁺ va OH⁻ ionlari uchrashib, suvda erimaydigan alyuminiy gidroksid hosil qiladi; qolgan ionlar eritmada qoladi. Ion almashinish reaksiyasi cho'kma hosil bo'lgani uchun oxirigacha boradi. Ishqor ortiqcha qo'shilsa, amfoter Al(OH)₃ erib ketadi.",,
chokma-0006,ion-almashinish-chokma,Rux sulfat va natriy gidroksid eritmalarining o'zaro ta'siri (rux gidroksid cho'kmasi),yuqori,8-sinf,rules,ZnSO4(aq) 0.1M + NaOH(aq) 0.1M,,ZnSO4 + 2NaOH = Zn(OH)2↓ + Na2SO4,Zn²⁺ + 2OH⁻ = Zn(OH)2↓,Oq iviqsimon (dirildoq) cho'kma tushadi.,Zn(OH)2 #f4f6f6 iviqsimon,,sezilarsiz,bir-zumda,,"Eritmalar aralashtirilganda Zn²⁺ va OH⁻ ionlari uchrashib, suvda erimaydigan rux gidroksid hosil qiladi; qolgan ionlar eritmada qoladi. Ion almashinish reaksiyasi cho'kma hosil bo'lgani uchun oxirigacha boradi. Ishqor ortiqcha qo'shilsa, amfoter Zn(OH)₂ erib ketadi.",,
chokma-0007,ion-almashinish-chokma,Nikel(II) sulfat va natriy gidroksid eritmalarining o'zaro ta'siri (nikel(II) gidroksid cho'kmasi),yuqori,8-sinf,rules,NiSO4(aq) 0.1M + NaOH(aq) 0.1M,,NiSO4 + 2NaOH = Ni(OH)2↓ + Na2SO4,Ni²⁺ + 2OH⁻ = Ni(OH)2↓,Och yashil iviqsimon (dirildoq) cho'kma tushadi.,Ni(OH)2 #7ec27a iviqsimon,,sezilarsiz,bir-zumda,,"Eritmalar aralashtirilganda Ni²⁺ va OH⁻ ionlari uchrashib, suvda erimaydigan nikel(II) gidroksid hosil qiladi; qolgan ionlar eritmada qoladi. Ion almashinish reaksiyasi cho'kma hosil bo'lgani uchun oxirigacha boradi.",,
chokma-0008,ion-almashinish-chokma,Kobalt(II) xlorid va natriy gidroksid eritmalarining o'zaro ta'siri (kobalt(II) gidroksid cho'kmasi),yuqori,8-sinf,rules,CoCl2(aq) 0.1M + NaOH(aq) 0.1M,,CoCl2 + 2NaOH = Co(OH)2↓ + 2NaCl,Co²⁺ + 2OH⁻ = Co(OH)2↓,Pushti iviqsimon (dirildoq) cho'kma tushadi.,Co(OH)2 #d97a9a iviqsimon,,sezilarsiz,bir-zumda,,"Eritmalar aralashtirilganda Co²⁺ va OH⁻ ionlari uchrashib, suvda erimaydigan kobalt(II) gidroksid hosil qiladi; qolgan ionlar eritmada qoladi. Ion almashinish reaksiyasi cho'kma hosil bo'lgani uchun oxirigacha boradi. Avval ko'k rangli asosli tuz cho'kmasi tushadi; ishqor qo'shilib turganda u pushti Co(OH)₂ ga aylanadi.",,
chokma-0009,ion-almashinish-chokma,Marganes(II) sulfat va natriy gidroksid eritmalarining o'zaro ta'siri (marganes(II) gidroksid cho'kmasi),yuqori,8-sinf,rules,MnSO4(aq) 0.1M + NaOH(aq) 0.1M,,MnSO4 + 2NaOH = Mn(OH)2↓ + Na2SO4,Mn²⁺ + 2OH⁻ = Mn(OH)2↓,Oq (havoda qo'ng'irlashadi) iviqsimon (dirildoq) cho'kma tushadi.,Mn(OH)2 #f0e2dc iviqsimon,,sezilarsiz,bir-zumda,,"Eritmalar aralashtirilganda Mn²⁺ va OH⁻ ionlari uchrashib, suvda erimaydigan marganes(II) gidroksid hosil qiladi; qolgan ionlar eritmada qoladi. Ion almashinish reaksiyasi cho'kma hosil bo'lgani uchun oxirigacha boradi. Havoda Mn(OH)₂ oksidlanib, cho'kma tez qo'ng'irlashadi.",,
chokma-0010,ion-almashinish-chokma,Xrom(III) xlorid va natriy gidroksid eritmalarining o'zaro ta'siri (xrom(III) gidroksid cho'kmasi),yuqori,8-sinf,rules,CrCl3(aq) 0.1M + NaOH(aq) 0.1M,,CrCl3 + 3NaOH = Cr(OH)3↓ + 3NaCl,Cr³⁺ + 3OH⁻ = Cr(OH)3↓,Kulrang-yashil iviqsimon (dirildoq) cho'kma tushadi.,Cr(OH)3 #6f8f6a iviqsimon,,sezilarsiz,bir-zumda,,"Eritmalar aralashtirilganda Cr³⁺ va OH⁻ ionlari uchrashib, suvda erimaydigan xrom(III) gidroksid hosil qiladi; qolgan ionlar eritmada qoladi. Ion almashinish reaksiyasi cho'kma hosil bo'lgani uchun oxirigacha boradi. Ishqor ortiqcha qo'shilsa, amfoter Cr(OH)₃ erib, yashil eritma hosil qiladi.",,
chokma-0011,ion-almashinish-chokma,Kumush nitrat va natriy gidroksid eritmalarining o'zaro ta'siri (kumush(I) oksid cho'kmasi),yuqori,9-sinf,rules,AgNO3(aq) 0.1M + NaOH(aq) 0.1M,,2AgNO3 + 2NaOH = Ag2O↓ + 2NaNO3 + H2O,2Ag⁺ + 2OH⁻ = Ag2O↓ + H2O,Oq mayda kristall cho'kma tushadi.,Ag2O #3a2a20 mayda-kristall,,sezilarsiz,bir-zumda,,"Eruvchanlik jadvalida bu tuz ""—"" bilan belgilangan: u suvli eritmada mavjud emas. Ag⁺ va OH⁻ ionlari birgalikda gidrolizlanadi — AgOH beqaror bo'lib, darhol Ag₂O va suvga parchalanadi.",,
chokma-0012,ion-almashinish-chokma,Qo'rg'oshin(II) nitrat va natriy gidroksid eritmalarining o'zaro ta'siri (qo'rg'oshin(II) gidroksid cho'kmasi),yuqori,8-sinf,rules,Pb(NO3)2(aq) 0.1M + NaOH(aq) 0.1M,,Pb(NO3)2 + 2NaOH = Pb(OH)2↓ + 2NaNO3,Pb²⁺ + 2OH⁻ = Pb(OH)2↓,Oq iviqsimon (dirildoq) cho'kma tushadi.,Pb(OH)2 #f4f4f0 iviqsimon,,sezilarsiz,bir-zumda,,"Eritmalar aralashtirilganda Pb²⁺ va OH⁻ ionlari uchrashib, suvda erimaydigan qo'rg'oshin(II) gidroksid hosil qiladi; qolgan ionlar eritmada qoladi. Ion almashinish reaksiyasi cho'kma hosil bo'lgani uchun oxirigacha boradi. Ishqor ortiqcha qo'shilsa, amfoter Pb(OH)₂ erib ketadi.",,
chokma-0013,ion-almashinish-chokma,Kalsiy xlorid va natriy gidroksid eritmalarining o'zaro ta'siri (kalsiy gidroksid cho'kmasi),yuqori,8-sinf,rules,CaCl2(aq) 1M + NaOH(aq) 1M,,CaCl2 + 2NaOH = Ca(OH)2↓ + 2NaCl,Ca²⁺ + 2OH⁻ = Ca(OH)2↓,Oq kukunsimon cho'kma tushadi.,Ca(OH)2 #f6f6f2 kukunsimon,,sezilarsiz,bir-zumda,,"Eritmalar aralashtirilganda Ca²⁺ va OH⁻ ionlari uchrashib, suvda kam eriydigan kalsiy gidroksid hosil qiladi; qolgan ionlar eritmada qoladi. Ion almashinish reaksiyasi cho'kma hosil bo'lgani uchun oxirigacha boradi. Ca(OH)₂ kam eriydi — cho'kma konsentrlangan eritmalardan tushadi (ohakli suv — uning to'yingan eritmasi).",,
chokma-0014,ion-almashinish-chokma,Kumush nitrat va natriy xlorid eritmalarining o'zaro ta'siri (kumush xlorid cho'kmasi),yuqori,8-sinf,rules,AgNO3(aq) 0.1M + NaCl(aq) 0.1M,,AgNO3 + NaCl = AgCl↓ + NaNO3,Ag⁺ + Cl⁻ = AgCl↓,Oq suzmasimon cho'kma tushadi.,AgCl #f8f8f4 suzmasimon,,sezilarsiz,bir-zumda,,"Eritmalar aralashtirilganda Ag⁺ va Cl⁻ ionlari uchrashib, suvda erimaydigan kumush xlorid hosil qiladi; qolgan ionlar eritmada qoladi. Ion almashinish reaksiyasi cho'kma hosil bo'lgani uchun oxirigacha boradi. AgCl yorug'likda asta qorayadi (kumush ajraladi).",,
chokma-0015,ion-almashinish-chokma,Kumush nitrat va kaliy bromid eritmalarining o'zaro ta'siri (kumush bromid cho'kmasi),yuqori,8-sinf,rules,AgNO3(aq) 0.1M + KBr(aq) 0.1M,,AgNO3 + KBr = AgBr↓ + KNO3,Ag⁺ + Br⁻ = AgBr↓,Och sariq suzmasimon cho'kma tushadi.,AgBr #f2ecc0 suzmasimon,,sezilarsiz,bir-zumda,,"Eritmalar aralashtirilganda Ag⁺ va Br⁻ ionlari uchrashib, suvda erimaydigan kumush bromid hosil qiladi; qolgan ionlar eritmada qoladi. Ion almashinish reaksiyasi cho'kma hosil bo'lgani uchun oxirigacha boradi.",,
chokma-0016,ion-almashinish-chokma,Kumush nitrat va kaliy yodid eritmalarining o'zaro ta'siri (kumush yodid cho'kmasi),yuqori,8-sinf,rules,AgNO3(aq) 0.1M + KI(aq) 0.1M,,AgNO3 + KI = AgI↓ + KNO3,Ag⁺ + I⁻ = AgI↓,Sariq suzmasimon cho'kma tushadi.,AgI #f2df5a suzmasimon,,sezilarsiz,bir-zumda,,"Eritmalar aralashtirilganda Ag⁺ va I⁻ ionlari uchrashib, suvda erimaydigan kumush yodid hosil qiladi; qolgan ionlar eritmada qoladi. Ion almashinish reaksiyasi cho'kma hosil bo'lgani uchun oxirigacha boradi.",,
chokma-0017,ion-almashinish-chokma,Bariy xlorid va natriy sulfat eritmalarining o'zaro ta'siri (bariy sulfat cho'kmasi),yuqori,8-sinf,rules,BaCl2(aq) 0.1M + Na2SO4(aq) 0.1M,,BaCl2 + Na2SO4 = BaSO4↓ + 2NaCl,Ba²⁺ + SO4²⁻ = BaSO4↓,Oq mayda kristall cho'kma tushadi.,BaSO4 #f4f4ee mayda-kristall,,sezilarsiz,bir-zumda,,"Eritmalar aralashtirilganda Ba²⁺ va SO₄²⁻ ionlari uchrashib, suvda erimaydigan bariy sulfat hosil qiladi; qolgan ionlar eritmada qoladi. Ion almashinish reaksiyasi cho'kma hosil bo'lgani uchun oxirigacha boradi. BaSO₄ kislotalarda ham erimaydi — bu sulfat ioni uchun sifat reaksiyasi.",,
chokma-0018,ion-almashinish-chokma,Qo'rg'oshin(II) nitrat va natriy sulfat eritmalarining o'zaro ta'siri (qo'rg'oshin(II) sulfat cho'kmasi),yuqori,8-sinf,rules,Pb(NO3)2(aq) 0.1M + Na2SO4(aq) 0.1M,,Pb(NO3)2 + Na2SO4 = PbSO4↓ + 2NaNO3,Pb²⁺ + SO4²⁻ = PbSO4↓,Oq mayda kristall cho'kma tushadi.,PbSO4 #f6f6f2 mayda-kristall,,sezilarsiz,bir-zumda,,"Eritmalar aralashtirilganda Pb²⁺ va SO₄²⁻ ionlari uchrashib, suvda erimaydigan qo'rg'oshin(II) sulfat hosil qiladi; qolgan ionlar eritmada qoladi. Ion almashinish reaksiyasi cho'kma hosil bo'lgani uchun oxirigacha boradi.",,
chokma-0019,ion-almashinish-chokma,Stronsiy nitrat va natriy sulfat eritmalarining o'zaro ta'siri (stronsiy sulfat cho'kmasi),yuqori,8-sinf,rules,Sr(NO3)2(aq) 0.1M + Na2SO4(aq) 0.1M,,Sr(NO3)2 + Na2SO4 = SrSO4↓ + 2NaNO3,Sr²⁺ + SO4²⁻ = SrSO4↓,Oq mayda kristall cho'kma tushadi.,SrSO4 #f6f6f2 mayda-kristall,,sezilarsiz,bir-zumda,,"Eritmalar aralashtirilganda Sr²⁺ va SO₄²⁻ ionlari uchrashib, suvda erimaydigan stronsiy sulfat hosil qiladi; qolgan ionlar eritmada qoladi. Ion almashinish reaksiyasi cho'kma hosil bo'lgani uchun oxirigacha boradi.",,
chokma-0020,ion-almashinish-chokma,Kalsiy xlorid va natriy sulfat eritmalarining o'zaro ta'siri (kalsiy sulfat cho'kmasi),yuqori,8-sinf,rules,CaCl2(aq) 1M + Na2SO4(aq) 1M,,CaCl2 + Na2SO4 = CaSO4↓ + 2NaCl,Ca²⁺ + SO4²⁻ = CaSO4↓,Oq mayda kristall cho'kma tushadi.,CaSO4 #f6f6f2 mayda-kristall,,sezilarsiz,bir-zumda,,"Eritmalar aralashtirilganda Ca²⁺ va SO₄²⁻ ionlari uchrashib, suvda kam eriydigan kalsiy sulfat hosil qiladi; qolgan ionlar eritmada qoladi. Ion almashinish reaksiyasi cho'kma hosil bo'lgani uchun oxirigacha boradi. CaSO₄ kam eriydi — cho'kma faqat konsentrlangan eritmalardan tushadi.",,
chokma-0021,ion-almashinish-chokma,Kumush nitrat va natriy sulfat eritmalarining o'zaro ta'siri (kumush sulfat cho'kmasi),yuqori,8-sinf,rules,AgNO3(aq) 1M + Na2SO4(aq) 1M,,2AgNO3 + Na2SO4 = Ag2SO4↓ + 2NaNO3,2Ag⁺ + SO4²⁻ = Ag2SO4↓,Oq kristall cho'kma tushadi.,Ag2SO4 #f6f6f2 kristall,,sezilarsiz,bir-zumda,,"Eritmalar aralashtirilganda Ag⁺ va SO₄²⁻ ionlari uchrashib, suvda kam eriydigan kumush sulfat hosil qiladi; qolgan ionlar eritmada qoladi. Ion almashinish reaksiyasi cho'kma hosil bo'lgani uchun oxirigacha boradi. Ag₂SO₄ kam eriydi — cho'kma faqat konsentrlangan eritmalardan tushadi.",,
chokma-0022,ion-almashinish-chokma,Kalsiy xlorid va natriy karbonat eritmalarining o'zaro ta'siri (kalsiy karbonat cho'kmasi),yuqori,8-sinf,rules,CaCl2(aq) 0.1M + Na2CO3(aq) 0.1M,,CaCl2 + Na2CO3 = CaCO3↓ + 2NaCl,Ca²⁺ + CO3²⁻ = CaCO3↓,Oq mayda kristall cho'kma tushadi.,CaCO3 #f6f6f2 mayda-kristall,,sezilarsiz,bir-zumda,,"Eritmalar aralashtirilganda Ca²⁺ va CO₃²⁻ ionlari uchrashib, suvda erimaydigan kalsiy karbonat hosil qiladi; qolgan ionlar eritmada qoladi. Ion almashinish reaksiyasi cho'kma hosil bo'lgani uchun oxirigacha boradi.",,
chokma-0023,ion-almashinish-chokma,Bariy xlorid va natriy karbonat eritmalarining o'zaro ta'siri (bariy karbonat cho'kmasi),yuqori,8-sinf,rules,BaCl2(aq) 0.1M + Na2CO3(aq) 0.1M,,BaCl2 + Na2CO3 = BaCO3↓ + 2NaCl,Ba²⁺ + CO3²⁻ = BaCO3↓,Oq mayda kristall cho'kma tushadi.,BaCO3 #f6f6f2 mayda-kristall,,sezilarsiz,bir-zumda,,"Eritmalar aralashtirilganda Ba²⁺ va CO₃²⁻ ionlari uchrashib, suvda erimaydigan bariy karbonat hosil qiladi; qolgan ionlar eritmada qoladi. Ion almashinish reaksiyasi cho'kma hosil bo'lgani uchun oxirigacha boradi.",,
chokma-0024,ion-almashinish-chokma,Stronsiy nitrat va natriy karbonat eritmalarining o'zaro ta'siri (stronsiy karbonat cho'kmasi),yuqori,8-sinf,rules,Sr(NO3)2(aq) 0.1M + Na2CO3(aq) 0.1M,,Sr(NO3)2 + Na2CO3 = SrCO3↓ + 2NaNO3,Sr²⁺ + CO3²⁻ = SrCO3↓,Oq mayda kristall cho'kma tushadi.,SrCO3 #f6f6f2 mayda-kristall,,sezilarsiz,bir-zumda,,"Eritmalar aralashtirilganda Sr²⁺ va CO₃²⁻ ionlari uchrashib, suvda erimaydigan stronsiy karbonat hosil qiladi; qolgan ionlar eritmada qoladi. Ion almashinish reaksiyasi cho'kma hosil bo'lgani uchun oxirigacha boradi.",,
chokma-0025,ion-almashinish-chokma,Magniy xlorid va natriy karbonat eritmalarining o'zaro ta'siri (magniy karbonat cho'kmasi),yuqori,8-sinf,rules,MgCl2(aq) 1M + Na2CO3(aq) 1M,,MgCl2 + Na2CO3 = MgCO3↓ + 2NaCl,Mg²⁺ + CO3²⁻ = MgCO3↓,Oq kukunsimon cho'kma tushadi.,MgCO3 #f6f6f2 kukunsimon,,sezilarsiz,bir-zumda,,"Eritmalar aralashtirilganda Mg²⁺ va CO₃²⁻ ionlari uchrashib, suvda kam eriydigan magniy karbonat hosil qiladi; qolgan ionlar eritmada qoladi. Ion almashinish reaksiyasi cho'kma hosil bo'lgani uchun oxirigacha boradi.",,
chokma-0026,ion-almashinish-chokma,Qo'rg'oshin(II) nitrat va natriy karbonat eritmalarining o'zaro ta'siri (qo'rg'oshin(II) karbonat cho'kmasi),yuqori,8-sinf,rules,Pb(NO3)2(aq) 0.1M + Na2CO3(aq) 0.1M,,Pb(NO3)2 + Na2CO3 = PbCO3↓ + 2NaNO3,Pb²⁺ + CO3²⁻ = PbCO3↓,Oq kukunsimon cho'kma tushadi.,PbCO3 #f6f6f2 kukunsimon,,sezilarsiz,bir-zumda,,"Eritmalar aralashtirilganda Pb²⁺ va CO₃²⁻ ionlari uchrashib, suvda erimaydigan qo'rg'oshin(II) karbonat hosil qiladi; qolgan ionlar eritmada qoladi. Ion almashinish reaksiyasi cho'kma hosil bo'lgani uchun oxirigacha boradi.",,
chokma-0027,ion-almashinish-chokma,Rux sulfat va natriy karbonat eritmalarining o'zaro ta'siri (rux karbonat cho'kmasi),yuqori,8-sinf,rules,ZnSO4(aq) 0.1M + Na2CO3(aq) 0.1M,,ZnSO4 + Na2CO3 = ZnCO3↓ + Na2SO4,Zn²⁺ + CO3²⁻ = ZnCO3↓,Oq kukunsimon cho'kma tushadi.,ZnCO3 #f6f6f2 kukunsimon,,sezilarsiz,bir-zumda,,"Eritmalar aralashtirilganda Zn²⁺ va CO₃²⁻ ionlari uchrashib, suvda erimaydigan rux karbonat hosil qiladi; qolgan ionlar eritmada qoladi. Ion almashinish reaksiyasi cho'kma hosil bo'lgani uchun oxirigacha boradi.",,
chokma-0028,ion-almashinish-chokma,Marganes(II) sulfat va natriy karbonat eritmalarining o'zaro ta'siri (marganes(II) karbonat cho'kmasi),yuqori,8-sinf,rules,MnSO4(aq) 0.1M + Na2CO3(aq) 0.1M,,MnSO4 + Na2CO3 = MnCO3↓ + Na2SO4,Mn²⁺ + CO3²⁻ = MnCO3↓,Och pushti kukunsimon cho'kma tushadi.,MnCO3 #f2dcd6 kukunsimon,,sezilarsiz,bir-zumda,,"Eritmalar aralashtirilganda Mn²⁺ va CO₃²⁻ ionlari uchrashib, suvda erimaydigan marganes(II) karbonat hosil qiladi; qolgan ionlar eritmada qoladi. Ion almashinish reaksiyasi cho'kma hosil bo'lgani uchun oxirigacha boradi.",,
chokma-0029,ion-almashinish-chokma,Nikel(II) sulfat va natriy karbonat eritmalarining o'zaro ta'siri (nikel(II) karbonat cho'kmasi),yuqori,8-sinf,rules,NiSO4(aq) 0.1M + Na2CO3(aq) 0.1M,,NiSO4 + Na2CO3 = NiCO3↓ + Na2SO4,Ni²⁺ + CO3²⁻ = NiCO3↓,Och yashil kukunsimon cho'kma tushadi.,NiCO3 #8cc88c kukunsimon,,sezilarsiz,bir-zumda,,"Eritmalar aralashtirilganda Ni²⁺ va CO₃²⁻ ionlari uchrashib, suvda erimaydigan nikel(II) karbonat hosil qiladi; qolgan ionlar eritmada qoladi. Ion almashinish reaksiyasi cho'kma hosil bo'lgani uchun oxirigacha boradi.",,
chokma-0030,ion-almashinish-chokma,Kobalt(II) xlorid va natriy karbonat eritmalarining o'zaro ta'siri (kobalt(II) karbonat cho'kmasi),yuqori,8-sinf,rules,CoCl2(aq) 0.1M + Na2CO3(aq) 0.1M,,CoCl2 + Na2CO3 = CoCO3↓ + 2NaCl,Co²⁺ + CO3²⁻ = CoCO3↓,Pushti kukunsimon cho'kma tushadi.,CoCO3 #e09ab0 kukunsimon,,sezilarsiz,bir-zumda,,"Eritmalar aralashtirilganda Co²⁺ va CO₃²⁻ ionlari uchrashib, suvda erimaydigan kobalt(II) karbonat hosil qiladi; qolgan ionlar eritmada qoladi. Ion almashinish reaksiyasi cho'kma hosil bo'lgani uchun oxirigacha boradi.",,
chokma-0031,ion-almashinish-chokma,Temir(II) sulfat va natriy karbonat eritmalarining o'zaro ta'siri (temir(II) karbonat cho'kmasi),yuqori,8-sinf,rules,FeSO4(aq) 0.1M + Na2CO3(aq) 0.1M,,FeSO4 + Na2CO3 = FeCO3↓ + Na2SO4,Fe²⁺ + CO3²⁻ = FeCO3↓,Kulrang-oq kukunsimon cho'kma tushadi.,FeCO3 #d8dcc8 kukunsimon,,sezilarsiz,bir-zumda,,"Eritmalar aralashtirilganda Fe²⁺ va CO₃²⁻ ionlari uchrashib, suvda erimaydigan temir(II) karbonat hosil qiladi; qolgan ionlar eritmada qoladi. Ion almashinish reaksiyasi cho'kma hosil bo'lgani uchun oxirigacha boradi.",,
chokma-0032,ion-almashinish-chokma,Kumush nitrat va natriy karbonat eritmalarining o'zaro ta'siri (kumush karbonat cho'kmasi),yuqori,8-sinf,rules,AgNO3(aq) 0.1M + Na2CO3(aq) 0.1M,,2AgNO3 + Na2CO3 = Ag2CO3↓ + 2NaNO3,2Ag⁺ + CO3²⁻ = Ag2CO3↓,Oq-sarg'ish kukunsimon cho'kma tushadi.,Ag2CO3 #f0e8c8 kukunsimon,,sezilarsiz,bir-zumda,,"Eritmalar aralashtirilganda Ag⁺ va CO₃²⁻ ionlari uchrashib, suvda erimaydigan kumush karbonat hosil qiladi; qolgan ionlar eritmada qoladi. Ion almashinish reaksiyasi cho'kma hosil bo'lgani uchun oxirigacha boradi.",,
chokma-0033,ion-almashinish-chokma,Litiy xlorid va natriy karbonat eritmalarining o'zaro ta'siri (litiy karbonat cho'kmasi),yuqori,8-sinf,rules,LiCl(aq) 1M + Na2CO3(aq) 1M,,2LiCl + Na2CO3 = Li2CO3↓ + 2NaCl,2Li⁺ + CO3²⁻ = Li2CO3↓,Oq kukunsimon cho'kma tushadi.,Li2CO3 #f6f6f2 kukunsimon,,sezilarsiz,bir-zumda,,"Eritmalar aralashtirilganda Li⁺ va CO₃²⁻ ionlari uchrashib, suvda kam eriydigan litiy karbonat hosil qiladi; qolgan ionlar eritmada qoladi. Ion almashinish reaksiyasi cho'kma hosil bo'lgani uchun oxirigacha boradi.",,
chokma-0034,ion-almashinish-chokma,Alyuminiy xlorid va natriy karbonat eritmalarining o'zaro ta'siri (alyuminiy gidroksid cho'kmasi),yuqori,9-sinf,rules,AlCl3(aq) 0.1M + Na2CO3(aq) 0.1M,,2AlCl3 + 3Na2CO3 + 3H2O = 2Al(OH)3↓ + 6NaCl + 3CO2↑,2Al³⁺ + 3CO3²⁻ + 3H2O = 2Al(OH)3↓ + 3CO2↑,"Oq iviqsimon (dirildoq) cho'kma tushadi, gaz pufakchalari ajraladi.",Al(OH)3 #f2f4f4 iviqsimon,CO2,sezilarsiz,bir-zumda,,"Eruvchanlik jadvalida bu tuz ""—"" bilan belgilangan: u suvli eritmada mavjud emas. Al³⁺ va CO₃²⁻ ionlari birgalikda gidrolizlanadi — kation OH⁻ bilan alyuminiy gidroksid cho'kmasini, anion esa H⁺ bilan CO₂ gazini hosil qiladi.",,
chokma-0035,ion-almashinish-chokma,Temir(III) xlorid va natriy karbonat eritmalarining o'zaro ta'siri (temir(III) gidroksid cho'kmasi),yuqori,9-sinf,rules,FeCl3(aq) 0.1M + Na2CO3(aq) 0.1M,,2FeCl3 + 3Na2CO3 + 3H2O = 2Fe(OH)3↓ + 6NaCl + 3CO2↑,2Fe³⁺ + 3CO3²⁻ + 3H2O = 2Fe(OH)3↓ + 3CO2↑,"Qizil-qo'ng'ir iviqsimon (dirildoq) cho'kma tushadi, gaz pufakchalari ajraladi.",Fe(OH)3 #9a4a1c iviqsimon,CO2,sezilarsiz,bir-zumda,,"Eruvchanlik jadvalida bu tuz ""—"" bilan belgilangan: u suvli eritmada mavjud emas. Fe³⁺ va CO₃²⁻ ionlari birgalikda gidrolizlanadi — kation OH⁻ bilan temir(III) gidroksid cho'kmasini, anion esa H⁺ bilan CO₂ gazini hosil qiladi.",,
chokma-0036,ion-almashinish-chokma,Xrom(III) xlorid va natriy karbonat eritmalarining o'zaro ta'siri (xrom(III) gidroksid cho'kmasi),yuqori,9-sinf,rules,CrCl3(aq) 0.1M + Na2CO3(aq) 0.1M,,2CrCl3 + 3Na2CO3 + 3H2O = 2Cr(OH)3↓ + 6NaCl + 3CO2↑,2Cr³⁺ + 3CO3²⁻ + 3H2O = 2Cr(OH)3↓ + 3CO2↑,"Kulrang-yashil iviqsimon (dirildoq) cho'kma tushadi, gaz pufakchalari ajraladi.",Cr(OH)3 #6f8f6a iviqsimon,CO2,sezilarsiz,bir-zumda,,"Eruvchanlik jadvalida bu tuz ""—"" bilan belgilangan: u suvli eritmada mavjud emas. Cr³⁺ va CO₃²⁻ ionlari birgalikda gidrolizlanadi — kation OH⁻ bilan xrom(III) gidroksid cho'kmasini, anion esa H⁺ bilan CO₂ gazini hosil qiladi.",,
chokma-0037,ion-almashinish-chokma,Mis(II) sulfat va natriy karbonat eritmalarining o'zaro ta'siri (mis cho'kmasi),yuqori,9-sinf,rules,CuSO4(aq) 0.1M + Na2CO3(aq) 0.1M,,2CuSO4 + 2Na2CO3 + H2O = (CuOH)2CO3↓ + 2Na2SO4 + CO2↑,2Cu²⁺ + 2CO3²⁻ + H2O = (CuOH)2CO3↓ + CO2↑,"Yashil iviqsimon (dirildoq) cho'kma tushadi, gaz pufakchalari ajraladi.",(CuOH)2CO3 #3fa36b iviqsimon,CO2,sezilarsiz,bir-zumda,,Mis(II) karbonat eritmada hosil bo'lmaydi: qisman gidroliz tufayli yashil rangli asosli tuz — mis(II) gidroksokarbonat (malaxit tarkibiga mos) cho'kadi va CO₂ ajraladi.,,
chokma-0038,ion-almashinish-chokma,Alyuminiy xlorid va natriy sulfid eritmalarining o'zaro ta'siri (alyuminiy gidroksid cho'kmasi),yuqori,9-sinf,rules,AlCl3(aq) 0.1M + Na2S(aq) 0.1M,,2AlCl3 + 3Na2S + 6H2O = 2Al(OH)3↓ + 6NaCl + 3H2S↑,2Al³⁺ + 3S²⁻ + 6H2O = 2Al(OH)3↓ + 3H2S↑,"Oq iviqsimon (dirildoq) cho'kma tushadi, gaz pufakchalari ajraladi.",Al(OH)3 #f2f4f4 iviqsimon,H2S,sezilarsiz,bir-zumda,,"Eruvchanlik jadvalida bu tuz ""—"" bilan belgilangan: u suvli eritmada mavjud emas. Al³⁺ va S²⁻ ionlari birgalikda gidrolizlanadi — kation OH⁻ bilan alyuminiy gidroksid cho'kmasini, anion esa H⁺ bilan H₂S gazini hosil qiladi.",,
chokma-0039,ion-almashinish-chokma,Xrom(III) xlorid va natriy sulfid eritmalarining o'zaro ta'siri (xrom(III) gidroksid cho'kmasi),yuqori,9-sinf,rules,CrCl3(aq) 0.1M + Na2S(aq) 0.1M,,2CrCl3 + 3Na2S + 6H2O = 2Cr(OH)3↓ + 6NaCl + 3H2S↑,2Cr³⁺ + 3S²⁻ + 6H2O = 2Cr(OH)3↓ + 3H2S↑,"Kulrang-yashil iviqsimon (dirildoq) cho'kma tushadi, gaz pufakchalari ajraladi.",Cr(OH)3 #6f8f6a iviqsimon,H2S,sezilarsiz,bir-zumda,,"Eruvchanlik jadvalida bu tuz ""—"" bilan belgilangan: u suvli eritmada mavjud emas. Cr³⁺ va S²⁻ ionlari birgalikda gidrolizlanadi — kation OH⁻ bilan xrom(III) gidroksid cho'kmasini, anion esa H⁺ bilan H₂S gazini hosil qiladi.",,
chokma-0040,ion-almashinish-chokma,Temir(III) xlorid va natriy sulfid eritmalarining o'zaro ta'siri (temir(II) sulfid cho'kmasi),yuqori,9-sinf,rules,FeCl3(aq) 0.1M + Na2S(aq) 0.1M,,2FeCl3 + 3Na2S = 2FeS↓ + 6NaCl + S↓,2Fe³⁺ + 3S²⁻ = 2FeS↓ + S↓,Qora kukunsimon cho'kma tushadi.,FeS #1a1a18 kukunsimon,,sezilarsiz,bir-zumda,,Oksidlanish-qaytarilish va cho'kma: Fe³⁺ ionlari S²⁻ ionlarini oksidlaydi. Natijada temir(II) sulfidning qora cho'kmasi va oltingugurt hosil bo'ladi.,,
chokma-0041,ion-almashinish-chokma,Mis(II) sulfat va kaliy yodid eritmalarining o'zaro ta'siri (mis(I) yodid cho'kmasi),yuqori,9-sinf,rules,CuSO4(aq) 0.1M + KI(aq) 0.1M,,2CuSO4 + 4KI = 2CuI↓ + 2K2SO4 + I2,2Cu²⁺ + 4I⁻ = 2CuI↓ + I2,"Oq kukunsimon cho'kma tushadi, eritma ajralgan yoddan qo'ng'ir tusga kiradi.",CuI #f2eee0 kukunsimon,,sezilarsiz,bir-zumda,,"Oksidlanish-qaytarilish va cho'kma: Cu²⁺ ionlari I⁻ ionlarini oksidlaydi. Mis(II) yodid mavjud emas — mis(I) yodidning oq cho'kmasi hosil bo'ladi, ajralgan yod esa eritmani qo'ng'ir rangga bo'yaydi.",,
chokma-0042,ion-almashinish-chokma,Alyuminiy xlorid va natriy gidrokarbonat eritmalarining o'zaro ta'siri (alyuminiy gidroksid cho'kmasi),yuqori,9-sinf,rules,AlCl3(aq) 0.1M + NaHCO3(aq) 0.1M,,AlCl3 + 3NaHCO3 = Al(OH)3↓ + 3NaCl + 3CO2↑,Al³⁺ + 3HCO3⁻ = Al(OH)3↓ + 3CO2↑,"Oq iviqsimon (dirildoq) cho'kma tushadi, gaz pufakchalari ajraladi.",Al(OH)3 #f2f4f4 iviqsimon,CO2,sezilarsiz,bir-zumda,,"Eruvchanlik jadvalida bu tuz ""—"" bilan belgilangan: u suvli eritmada mavjud emas. Al³⁺ va HCO₃⁻ ionlari birgalikda gidrolizlanadi — kation OH⁻ bilan alyuminiy gidroksid cho'kmasini, anion esa H⁺ bilan CO₂ gazini hosil qiladi.",,
chokma-0043,ion-almashinish-chokma,Temir(III) xlorid va natriy gidrokarbonat eritmalarining o'zaro ta'siri (temir(III) gidroksid cho'kmasi),yuqori,9-sinf,rules,FeCl3(aq) 0.1M + NaHCO3(aq) 0.1M,,FeCl3 + 3NaHCO3 = Fe(OH)3↓ + 3NaCl + 3CO2↑,Fe³⁺ + 3HCO3⁻ = Fe(OH)3↓ + 3CO2↑,"Qizil-qo'ng'ir iviqsimon (dirildoq) cho'kma tushadi, gaz pufakchalari ajraladi.",Fe(OH)3 #9a4a1c iviqsimon,CO2,sezilarsiz,bir-zumda,,"Eruvchanlik jadvalida bu tuz ""—"" bilan belgilangan: u suvli eritmada mavjud emas. Fe³⁺ va HCO₃⁻ ionlari birgalikda gidrolizlanadi — kation OH⁻ bilan temir(III) gidroksid cho'kmasini, anion esa H⁺ bilan CO₂ gazini hosil qiladi.",,
chokma-0044,ion-almashinish-chokma,Mis(II) sulfat va natriy sulfid eritmalarining o'zaro ta'siri (mis(II) sulfid cho'kmasi),yuqori,8-sinf,rules,CuSO4(aq) 0.1M + Na2S(aq) 0.1M,,CuSO4 + Na2S = CuS↓ + Na2SO4,Cu²⁺ + S²⁻ = CuS↓,Qora kukunsimon cho'kma tushadi.,CuS #151515 kukunsimon,,sezilarsiz,bir-zumda,,"Eritmalar aralashtirilganda Cu²⁺ va S²⁻ ionlari uchrashib, suvda erimaydigan mis(II) sulfid hosil qiladi; qolgan ionlar eritmada qoladi. Ion almashinish reaksiyasi cho'kma hosil bo'lgani uchun oxirigacha boradi.",,
chokma-0045,ion-almashinish-chokma,Qo'rg'oshin(II) nitrat va natriy sulfid eritmalarining o'zaro ta'siri (qo'rg'oshin(II) sulfid cho'kmasi),yuqori,8-sinf,rules,Pb(NO3)2(aq) 0.1M + Na2S(aq) 0.1M,,Pb(NO3)2 + Na2S = PbS↓ + 2NaNO3,Pb²⁺ + S²⁻ = PbS↓,Qora kukunsimon cho'kma tushadi.,PbS #151515 kukunsimon,,sezilarsiz,bir-zumda,,"Eritmalar aralashtirilganda Pb²⁺ va S²⁻ ionlari uchrashib, suvda erimaydigan qo'rg'oshin(II) sulfid hosil qiladi; qolgan ionlar eritmada qoladi. Ion almashinish reaksiyasi cho'kma hosil bo'lgani uchun oxirigacha boradi.",,
chokma-0046,ion-almashinish-chokma,Kumush nitrat va natriy sulfid eritmalarining o'zaro ta'siri (kumush sulfid cho'kmasi),yuqori,8-sinf,rules,AgNO3(aq) 0.1M + Na2S(aq) 0.1M,,2AgNO3 + Na2S = Ag2S↓ + 2NaNO3,2Ag⁺ + S²⁻ = Ag2S↓,Qora kukunsimon cho'kma tushadi.,Ag2S #151515 kukunsimon,,sezilarsiz,bir-zumda,,"Eritmalar aralashtirilganda Ag⁺ va S²⁻ ionlari uchrashib, suvda erimaydigan kumush sulfid hosil qiladi; qolgan ionlar eritmada qoladi. Ion almashinish reaksiyasi cho'kma hosil bo'lgani uchun oxirigacha boradi.",,
chokma-0047,ion-almashinish-chokma,Rux sulfat va natriy sulfid eritmalarining o'zaro ta'siri (rux sulfid cho'kmasi),yuqori,8-sinf,rules,ZnSO4(aq) 0.1M + Na2S(aq) 0.1M,,ZnSO4 + Na2S = ZnS↓ + Na2SO4,Zn²⁺ + S²⁻ = ZnS↓,Oq kukunsimon cho'kma tushadi.,ZnS #f4f4ee kukunsimon,,sezilarsiz,bir-zumda,,"Eritmalar aralashtirilganda Zn²⁺ va S²⁻ ionlari uchrashib, suvda erimaydigan rux sulfid hosil qiladi; qolgan ionlar eritmada qoladi. Ion almashinish reaksiyasi cho'kma hosil bo'lgani uchun oxirigacha boradi.",,
chokma-0048,ion-almashinish-chokma,Temir(II) sulfat va natriy sulfid eritmalarining o'zaro ta'siri (temir(II) sulfid cho'kmasi),yuqori,8-sinf,rules,FeSO4(aq) 0.1M + Na2S(aq) 0.1M,,FeSO4 + Na2S = FeS↓ + Na2SO4,Fe²⁺ + S²⁻ = FeS↓,Qora kukunsimon cho'kma tushadi.,FeS #1a1a18 kukunsimon,,sezilarsiz,bir-zumda,,"Eritmalar aralashtirilganda Fe²⁺ va S²⁻ ionlari uchrashib, suvda erimaydigan temir(II) sulfid hosil qiladi; qolgan ionlar eritmada qoladi. Ion almashinish reaksiyasi cho'kma hosil bo'lgani uchun oxirigacha boradi.",,
chokma-0049,ion-almashinish-chokma,Marganes(II) sulfat va natriy sulfid eritmalarining o'zaro ta'siri (marganes(II) sulfid cho'kmasi),yuqori,8-sinf,rules,MnSO4(aq) 0.1M + Na2S(aq) 0.1M,,MnSO4 + Na2S = MnS↓ + Na2SO4,Mn²⁺ + S²⁻ = MnS↓,Och pushti (badan rang) kukunsimon cho'kma tushadi.,MnS #e8b7a0 kukunsimon,,sezilarsiz,bir-zumda,,"Eritmalar aralashtirilganda Mn²⁺ va S²⁻ ionlari uchrashib, suvda erimaydigan marganes(II) sulfid hosil qiladi; qolgan ionlar eritmada qoladi. Ion almashinish reaksiyasi cho'kma hosil bo'lgani uchun oxirigacha boradi.",,
chokma-0050,ion-almashinish-chokma,Nikel(II) sulfat va natriy sulfid eritmalarining o'zaro ta'siri (nikel(II) sulfid cho'kmasi),yuqori,8-sinf,rules,NiSO4(aq) 0.1M + Na2S(aq) 0.1M,,NiSO4 + Na2S = NiS↓ + Na2SO4,Ni²⁺ + S²⁻ = NiS↓,Qora kukunsimon cho'kma tushadi.,NiS #151515 kukunsimon,,sezilarsiz,bir-zumda,,"Eritmalar aralashtirilganda Ni²⁺ va S²⁻ ionlari uchrashib, suvda erimaydigan nikel(II) sulfid hosil qiladi; qolgan ionlar eritmada qoladi. Ion almashinish reaksiyasi cho'kma hosil bo'lgani uchun oxirigacha boradi.",,
chokma-0051,ion-almashinish-chokma,Kobalt(II) xlorid va natriy sulfid eritmalarining o'zaro ta'siri (kobalt(II) sulfid cho'kmasi),yuqori,8-sinf,rules,CoCl2(aq) 0.1M + Na2S(aq) 0.1M,,CoCl2 + Na2S = CoS↓ + 2NaCl,Co²⁺ + S²⁻ = CoS↓,Qora kukunsimon cho'kma tushadi.,CoS #151515 kukunsimon,,sezilarsiz,bir-zumda,,"Eritmalar aralashtirilganda Co²⁺ va S²⁻ ionlari uchrashib, suvda erimaydigan kobalt(II) sulfid hosil qiladi; qolgan ionlar eritmada qoladi. Ion almashinish reaksiyasi cho'kma hosil bo'lgani uchun oxirigacha boradi.",,
chokma-0052,ion-almashinish-chokma,Qo'rg'oshin(II) nitrat va kaliy yodid eritmalarining o'zaro ta'siri (qo'rg'oshin(II) yodid cho'kmasi),yuqori,8-sinf,rules,Pb(NO3)2(aq) 0.1M + KI(aq) 0.1M,,Pb(NO3)2 + 2KI = PbI2↓ + 2KNO3,Pb²⁺ + 2I⁻ = PbI2↓,"Yorqin sariq yaltiroq oltinrang tangachalar (""oltin yomg'ir"") cho'kma tushadi.",PbI2 #ffd21a oltin-yomg'ir,,sezilarsiz,bir-zumda,,"Eritmalar aralashtirilganda Pb²⁺ va I⁻ ionlari uchrashib, suvda erimaydigan qo'rg'oshin(II) yodid hosil qiladi; qolgan ionlar eritmada qoladi. Ion almashinish reaksiyasi cho'kma hosil bo'lgani uchun oxirigacha boradi. PbI₂ issiq suvda eriydi; eritma sovitilganda oltinrang yaltiroq tangachalar ko'rinishida qayta kristallanadi (""oltin yomg'ir"").",,
chokma-0053,ion-almashinish-chokma,Qo'rg'oshin(II) nitrat va natriy xlorid eritmalarining o'zaro ta'siri (qo'rg'oshin(II) xlorid cho'kmasi),yuqori,8-sinf,rules,Pb(NO3)2(aq) 1M + NaCl(aq) 1M,,Pb(NO3)2 + 2NaCl = PbCl2↓ + 2NaNO3,Pb²⁺ + 2Cl⁻ = PbCl2↓,Oq kristall cho'kma tushadi.,PbCl2 #f6f6f2 kristall,,sezilarsiz,bir-zumda,,"Eritmalar aralashtirilganda Pb²⁺ va Cl⁻ ionlari uchrashib, suvda kam eriydigan qo'rg'oshin(II) xlorid hosil qiladi; qolgan ionlar eritmada qoladi. Ion almashinish reaksiyasi cho'kma hosil bo'lgani uchun oxirigacha boradi. PbCl₂ kam eriydi: cho'kma faqat yetarlicha konsentrlangan eritmalarda tushadi va qizdirilganda eriydi.",,
chokma-0054,ion-almashinish-chokma,Qo'rg'oshin(II) nitrat va kaliy bromid eritmalarining o'zaro ta'siri (qo'rg'oshin(II) bromid cho'kmasi),yuqori,8-sinf,rules,Pb(NO3)2(aq) 1M + KBr(aq) 1M,,Pb(NO3)2 + 2KBr = PbBr2↓ + 2KNO3,Pb²⁺ + 2Br⁻ = PbBr2↓,Oq kristall cho'kma tushadi.,PbBr2 #f6f6f2 kristall,,sezilarsiz,bir-zumda,,"Eritmalar aralashtirilganda Pb²⁺ va Br⁻ ionlari uchrashib, suvda kam eriydigan qo'rg'oshin(II) bromid hosil qiladi; qolgan ionlar eritmada qoladi. Ion almashinish reaksiyasi cho'kma hosil bo'lgani uchun oxirigacha boradi.",,
chokma-0055,ion-almashinish-chokma,Bariy xlorid va kaliy xromat eritmalarining o'zaro ta'siri (bariy xromat cho'kmasi),yuqori,9-sinf,rules,BaCl2(aq) 0.1M + K2CrO4(aq) 0.1M,,BaCl2 + K2CrO4 = BaCrO4↓ + 2KCl,Ba²⁺ + CrO4²⁻ = BaCrO4↓,Sariq mayda kristall cho'kma tushadi.,BaCrO4 #f5d31a mayda-kristall,,sezilarsiz,bir-zumda,,"Eritmalar aralashtirilganda Ba²⁺ va CrO₄²⁻ ionlari uchrashib, suvda erimaydigan bariy xromat hosil qiladi; qolgan ionlar eritmada qoladi. Ion almashinish reaksiyasi cho'kma hosil bo'lgani uchun oxirigacha boradi.",,
chokma-0056,ion-almashinish-chokma,Qo'rg'oshin(II) nitrat va kaliy xromat eritmalarining o'zaro ta'siri (qo'rg'oshin xromat cho'kmasi),yuqori,9-sinf,rules,Pb(NO3)2(aq) 0.1M + K2CrO4(aq) 0.1M,,Pb(NO3)2 + K2CrO4 = PbCrO4↓ + 2KNO3,Pb²⁺ + CrO4²⁻ = PbCrO4↓,Sariq mayda kristall cho'kma tushadi.,PbCrO4 #f7c400 mayda-kristall,,sezilarsiz,bir-zumda,,"Eritmalar aralashtirilganda Pb²⁺ va CrO₄²⁻ ionlari uchrashib, suvda erimaydigan qo'rg'oshin xromat hosil qiladi; qolgan ionlar eritmada qoladi. Ion almashinish reaksiyasi cho'kma hosil bo'lgani uchun oxirigacha boradi.",,
chokma-0057,ion-almashinish-chokma,Kumush nitrat va kaliy xromat eritmalarining o'zaro ta'siri (kumush xromat cho'kmasi),yuqori,9-sinf,rules,AgNO3(aq) 0.1M + K2CrO4(aq) 0.1M,,2AgNO3 + K2CrO4 = Ag2CrO4↓ + 2KNO3,2Ag⁺ + CrO4²⁻ = Ag2CrO4↓,G'isht-qizil mayda kristall cho'kma tushadi.,Ag2CrO4 #a8321e mayda-kristall,,sezilarsiz,bir-zumda,,"Eritmalar aralashtirilganda Ag⁺ va CrO₄²⁻ ionlari uchrashib, suvda erimaydigan kumush xromat hosil qiladi; qolgan ionlar eritmada qoladi. Ion almashinish reaksiyasi cho'kma hosil bo'lgani uchun oxirigacha boradi.",,
chokma-0058,ion-almashinish-chokma,Stronsiy nitrat va kaliy xromat eritmalarining o'zaro ta'siri (stronsiy xromat cho'kmasi),yuqori,9-sinf,rules,Sr(NO3)2(aq) 1M + K2CrO4(aq) 1M,,Sr(NO3)2 + K2CrO4 = SrCrO4↓ + 2KNO3,Sr²⁺ + CrO4²⁻ = SrCrO4↓,Oq mayda kristall cho'kma tushadi.,SrCrO4 #f2d830 mayda-kristall,,sezilarsiz,bir-zumda,,"Eritmalar aralashtirilganda Sr²⁺ va CrO₄²⁻ ionlari uchrashib, suvda kam eriydigan stronsiy xromat hosil qiladi; qolgan ionlar eritmada qoladi. Ion almashinish reaksiyasi cho'kma hosil bo'lgani uchun oxirigacha boradi.",,
chokma-0059,ion-almashinish-chokma,Kalsiy xlorid va natriy fosfat eritmalarining o'zaro ta'siri (kalsiy fosfat cho'kmasi),yuqori,9-sinf,rules,CaCl2(aq) 0.1M + Na3PO4(aq) 0.1M,,3CaCl2 + 2Na3PO4 = Ca3(PO4)2↓ + 6NaCl,3Ca²⁺ + 2PO4³⁻ = Ca3(PO4)2↓,Oq iviqsimon (dirildoq) cho'kma tushadi.,Ca3(PO4)2 #f6f6f2 iviqsimon,,sezilarsiz,bir-zumda,,"Eritmalar aralashtirilganda Ca²⁺ va PO₄³⁻ ionlari uchrashib, suvda erimaydigan kalsiy fosfat hosil qiladi; qolgan ionlar eritmada qoladi. Ion almashinish reaksiyasi cho'kma hosil bo'lgani uchun oxirigacha boradi.",,
chokma-0060,ion-almashinish-chokma,Bariy xlorid va natriy fosfat eritmalarining o'zaro ta'siri (bariy fosfat cho'kmasi),yuqori,9-sinf,rules,BaCl2(aq) 0.1M + Na3PO4(aq) 0.1M,,3BaCl2 + 2Na3PO4 = Ba3(PO4)2↓ + 6NaCl,3Ba²⁺ + 2PO4³⁻ = Ba3(PO4)2↓,Oq mayda kristall cho'kma tushadi.,Ba3(PO4)2 #f6f6f2 mayda-kristall,,sezilarsiz,bir-zumda,,"Eritmalar aralashtirilganda Ba²⁺ va PO₄³⁻ ionlari uchrashib, suvda erimaydigan bariy fosfat hosil qiladi; qolgan ionlar eritmada qoladi. Ion almashinish reaksiyasi cho'kma hosil bo'lgani uchun oxirigacha boradi.",,
chokma-0061,ion-almashinish-chokma,Kumush nitrat va natriy fosfat eritmalarining o'zaro ta'siri (kumush fosfat cho'kmasi),yuqori,9-sinf,rules,AgNO3(aq) 0.1M + Na3PO4(aq) 0.1M,,3AgNO3 + Na3PO4 = Ag3PO4↓ + 3NaNO3,3Ag⁺ + PO4³⁻ = Ag3PO4↓,Sariq mayda kristall cho'kma tushadi.,Ag3PO4 #f2d23a mayda-kristall,,sezilarsiz,bir-zumda,,"Eritmalar aralashtirilganda Ag⁺ va PO₄³⁻ ionlari uchrashib, suvda erimaydigan kumush fosfat hosil qiladi; qolgan ionlar eritmada qoladi. Ion almashinish reaksiyasi cho'kma hosil bo'lgani uchun oxirigacha boradi.",,
chokma-0062,ion-almashinish-chokma,Temir(III) xlorid va natriy fosfat eritmalarining o'zaro ta'siri (temir(III) fosfat cho'kmasi),yuqori,9-sinf,rules,FeCl3(aq) 0.1M + Na3PO4(aq) 0.1M,,FeCl3 + Na3PO4 = FePO4↓ + 3NaCl,Fe³⁺ + PO4³⁻ = FePO4↓,Oq-sarg'ish iviqsimon (dirildoq) cho'kma tushadi.,FePO4 #f0e6c0 iviqsimon,,sezilarsiz,bir-zumda,,"Eritmalar aralashtirilganda Fe³⁺ va PO₄³⁻ ionlari uchrashib, suvda erimaydigan temir(III) fosfat hosil qiladi; qolgan ionlar eritmada qoladi. Ion almashinish reaksiyasi cho'kma hosil bo'lgani uchun oxirigacha boradi.",,
chokma-0063,ion-almashinish-chokma,Alyuminiy xlorid va natriy fosfat eritmalarining o'zaro ta'siri (alyuminiy fosfat cho'kmasi),yuqori,9-sinf,rules,AlCl3(aq) 0.1M + Na3PO4(aq) 0.1M,,AlCl3 + Na3PO4 = AlPO4↓ + 3NaCl,Al³⁺ + PO4³⁻ = AlPO4↓,Oq iviqsimon (dirildoq) cho'kma tushadi.,AlPO4 #f4f6f6 iviqsimon,,sezilarsiz,bir-zumda,,"Eritmalar aralashtirilganda Al³⁺ va PO₄³⁻ ionlari uchrashib, suvda erimaydigan alyuminiy fosfat hosil qiladi; qolgan ionlar eritmada qoladi. Ion almashinish reaksiyasi cho'kma hosil bo'lgani uchun oxirigacha boradi.",,
chokma-0064,ion-almashinish-chokma,Rux sulfat va natriy fosfat eritmalarining o'zaro ta'siri (rux fosfat cho'kmasi),yuqori,9-sinf,rules,ZnSO4(aq) 0.1M + Na3PO4(aq) 0.1M,,3ZnSO4 + 2Na3PO4 = Zn3(PO4)2↓ + 3Na2SO4,3Zn²⁺ + 2PO4³⁻ = Zn3(PO4)2↓,Oq mayda kristall cho'kma tushadi.,Zn3(PO4)2 #f6f6f2 mayda-kristall,,sezilarsiz,bir-zumda,,"Eritmalar aralashtirilganda Zn²⁺ va PO₄³⁻ ionlari uchrashib, suvda erimaydigan rux fosfat hosil qiladi; qolgan ionlar eritmada qoladi. Ion almashinish reaksiyasi cho'kma hosil bo'lgani uchun oxirigacha boradi.",,
chokma-0065,ion-almashinish-chokma,Mis(II) sulfat va natriy fosfat eritmalarining o'zaro ta'siri (mis(II) fosfat cho'kmasi),yuqori,9-sinf,rules,CuSO4(aq) 0.1M + Na3PO4(aq) 0.1M,,3CuSO4 + 2Na3PO4 = Cu3(PO4)2↓ + 3Na2SO4,3Cu²⁺ + 2PO4³⁻ = Cu3(PO4)2↓,Ko'k iviqsimon (dirildoq) cho'kma tushadi.,Cu3(PO4)2 #6fb3e0 iviqsimon,,sezilarsiz,bir-zumda,,"Eritmalar aralashtirilganda Cu²⁺ va PO₄³⁻ ionlari uchrashib, suvda erimaydigan mis(II) fosfat hosil qiladi; qolgan ionlar eritmada qoladi. Ion almashinish reaksiyasi cho'kma hosil bo'lgani uchun oxirigacha boradi.",,
chokma-0066,ion-almashinish-chokma,Magniy xlorid va natriy fosfat eritmalarining o'zaro ta'siri (magniy fosfat cho'kmasi),yuqori,9-sinf,rules,MgCl2(aq) 0.1M + Na3PO4(aq) 0.1M,,3MgCl2 + 2Na3PO4 = Mg3(PO4)2↓ + 6NaCl,3Mg²⁺ + 2PO4³⁻ = Mg3(PO4)2↓,Oq mayda kristall cho'kma tushadi.,Mg3(PO4)2 #f6f6f2 mayda-kristall,,sezilarsiz,bir-zumda,,"Eritmalar aralashtirilganda Mg²⁺ va PO₄³⁻ ionlari uchrashib, suvda erimaydigan magniy fosfat hosil qiladi; qolgan ionlar eritmada qoladi. Ion almashinish reaksiyasi cho'kma hosil bo'lgani uchun oxirigacha boradi.",,
chokma-0067,ion-almashinish-chokma,Qo'rg'oshin(II) nitrat va natriy fosfat eritmalarining o'zaro ta'siri (qo'rg'oshin(II) fosfat cho'kmasi),yuqori,9-sinf,rules,Pb(NO3)2(aq) 0.1M + Na3PO4(aq) 0.1M,,3Pb(NO3)2 + 2Na3PO4 = Pb3(PO4)2↓ + 6NaNO3,3Pb²⁺ + 2PO4³⁻ = Pb3(PO4)2↓,Oq mayda kristall cho'kma tushadi.,Pb3(PO4)2 #f6f6f2 mayda-kristall,,sezilarsiz,bir-zumda,,"Eritmalar aralashtirilganda Pb²⁺ va PO₄³⁻ ionlari uchrashib, suvda erimaydigan qo'rg'oshin(II) fosfat hosil qiladi; qolgan ionlar eritmada qoladi. Ion almashinish reaksiyasi cho'kma hosil bo'lgani uchun oxirigacha boradi.",,
chokma-0072,ion-almashinish-chokma,Litiy xlorid va natriy fosfat eritmalarining o'zaro ta'siri (litiy fosfat cho'kmasi),yuqori,9-sinf,rules,LiCl(aq) 1M + Na3PO4(aq) 1M,,3LiCl + Na3PO4 = Li3PO4↓ + 3NaCl,3Li⁺ + PO4³⁻ = Li3PO4↓,Oq mayda kristall cho'kma tushadi.,Li3PO4 #f6f6f2 mayda-kristall,,sezilarsiz,bir-zumda,,"Eritmalar aralashtirilganda Li⁺ va PO₄³⁻ ionlari uchrashib, suvda kam eriydigan litiy fosfat hosil qiladi; qolgan ionlar eritmada qoladi. Ion almashinish reaksiyasi cho'kma hosil bo'lgani uchun oxirigacha boradi.",,
chokma-0075,ion-almashinish-chokma,Kalsiy xlorid va natriy gidrofosfat eritmalarining o'zaro ta'siri (kalsiy gidrofosfat cho'kmasi),yuqori,9-sinf,rules,CaCl2(aq) 0.1M + Na2HPO4(aq) 0.1M,,CaCl2 + Na2HPO4 = CaHPO4↓ + 2NaCl,Ca²⁺ + HPO4²⁻ = CaHPO4↓,Oq mayda kristall cho'kma tushadi.,CaHPO4 #f6f6f2 mayda-kristall,,sezilarsiz,bir-zumda,,"Eritmalar aralashtirilganda Ca²⁺ va HPO₄²⁻ ionlari uchrashib, suvda erimaydigan kalsiy gidrofosfat hosil qiladi; qolgan ionlar eritmada qoladi. Ion almashinish reaksiyasi cho'kma hosil bo'lgani uchun oxirigacha boradi.",,
chokma-0076,ion-almashinish-chokma,Bariy xlorid va natriy gidrofosfat eritmalarining o'zaro ta'siri (bariy gidrofosfat cho'kmasi),yuqori,9-sinf,rules,BaCl2(aq) 0.1M + Na2HPO4(aq) 0.1M,,BaCl2 + Na2HPO4 = BaHPO4↓ + 2NaCl,Ba²⁺ + HPO4²⁻ = BaHPO4↓,Oq mayda kristall cho'kma tushadi.,BaHPO4 #f6f6f2 mayda-kristall,,sezilarsiz,bir-zumda,,"Eritmalar aralashtirilganda Ba²⁺ va HPO₄²⁻ ionlari uchrashib, suvda erimaydigan bariy gidrofosfat hosil qiladi; qolgan ionlar eritmada qoladi. Ion almashinish reaksiyasi cho'kma hosil bo'lgani uchun oxirigacha boradi.",,
chokma-0077,ion-almashinish-chokma,Kalsiy xlorid va ammoniy oksalat eritmalarining o'zaro ta'siri (kalsiy oksalat cho'kmasi),yuqori,9-sinf,rules,CaCl2(aq) 0.1M + (NH4)2C2O4(aq) 0.1M,,CaCl2 + (NH4)2C2O4 = CaC2O4↓ + 2NH4Cl,Ca²⁺ + C2O4²⁻ = CaC2O4↓,Oq mayda kristall cho'kma tushadi.,CaC2O4 #f6f6f2 mayda-kristall,,sezilarsiz,bir-zumda,,"Eritmalar aralashtirilganda Ca²⁺ va C₂O₄²⁻ ionlari uchrashib, suvda erimaydigan kalsiy oksalat hosil qiladi; qolgan ionlar eritmada qoladi. Ion almashinish reaksiyasi cho'kma hosil bo'lgani uchun oxirigacha boradi. Bu reaksiya kalsiy ioni uchun sifat reaksiyasi: CaC₂O₄ sirka kislotada erimaydi, xlorid kislotada eriydi.",,
chokma-0078,ion-almashinish-chokma,Bariy xlorid va ammoniy oksalat eritmalarining o'zaro ta'siri (bariy oksalat cho'kmasi),yuqori,9-sinf,rules,BaCl2(aq) 0.1M + (NH4)2C2O4(aq) 0.1M,,BaCl2 + (NH4)2C2O4 = BaC2O4↓ + 2NH4Cl,Ba²⁺ + C2O4²⁻ = BaC2O4↓,Oq mayda kristall cho'kma tushadi.,BaC2O4 #f6f6f2 mayda-kristall,,sezilarsiz,bir-zumda,,"Eritmalar aralashtirilganda Ba²⁺ va C₂O₄²⁻ ionlari uchrashib, suvda erimaydigan bariy oksalat hosil qiladi; qolgan ionlar eritmada qoladi. Ion almashinish reaksiyasi cho'kma hosil bo'lgani uchun oxirigacha boradi.",,
chokma-0079,ion-almashinish-chokma,Stronsiy nitrat va ammoniy oksalat eritmalarining o'zaro ta'siri (stronsiy oksalat cho'kmasi),yuqori,9-sinf,rules,Sr(NO3)2(aq) 0.1M + (NH4)2C2O4(aq) 0.1M,,Sr(NO3)2 + (NH4)2C2O4 = SrC2O4↓ + 2NH4NO3,Sr²⁺ + C2O4²⁻ = SrC2O4↓,Oq mayda kristall cho'kma tushadi.,SrC2O4 #f6f6f2 mayda-kristall,,sezilarsiz,bir-zumda,,"Eritmalar aralashtirilganda Sr²⁺ va C₂O₄²⁻ ionlari uchrashib, suvda erimaydigan stronsiy oksalat hosil qiladi; qolgan ionlar eritmada qoladi. Ion almashinish reaksiyasi cho'kma hosil bo'lgani uchun oxirigacha boradi.",,
chokma-0080,ion-almashinish-chokma,Temir(II) sulfat va ammoniy oksalat eritmalarining o'zaro ta'siri (temir(II) oksalat cho'kmasi),yuqori,9-sinf,rules,FeSO4(aq) 0.1M + (NH4)2C2O4(aq) 0.1M,,FeSO4 + (NH4)2C2O4 = FeC2O4↓ + (NH4)2SO4,Fe²⁺ + C2O4²⁻ = FeC2O4↓,Sariq mayda kristall cho'kma tushadi.,FeC2O4 #f2d23a mayda-kristall,,sezilarsiz,bir-zumda,,"Eritmalar aralashtirilganda Fe²⁺ va C₂O₄²⁻ ionlari uchrashib, suvda erimaydigan temir(II) oksalat hosil qiladi; qolgan ionlar eritmada qoladi. Ion almashinish reaksiyasi cho'kma hosil bo'lgani uchun oxirigacha boradi.",,
chokma-0081,ion-almashinish-chokma,Rux sulfat va ammoniy oksalat eritmalarining o'zaro ta'siri (rux oksalat cho'kmasi),yuqori,9-sinf,rules,ZnSO4(aq) 0.1M + (NH4)2C2O4(aq) 0.1M,,ZnSO4 + (NH4)2C2O4 = ZnC2O4↓ + (NH4)2SO4,Zn²⁺ + C2O4²⁻ = ZnC2O4↓,Oq mayda kristall cho'kma tushadi.,ZnC2O4 #f6f6f2 mayda-kristall,,sezilarsiz,bir-zumda,,"Eritmalar aralashtirilganda Zn²⁺ va C₂O₄²⁻ ionlari uchrashib, suvda erimaydigan rux oksalat hosil qiladi; qolgan ionlar eritmada qoladi. Ion almashinish reaksiyasi cho'kma hosil bo'lgani uchun oxirigacha boradi.",,
chokma-0082,ion-almashinish-chokma,Mis(II) sulfat va ammoniy oksalat eritmalarining o'zaro ta'siri (mis(II) oksalat cho'kmasi),yuqori,9-sinf,rules,CuSO4(aq) 0.1M + (NH4)2C2O4(aq) 0.1M,,CuSO4 + (NH4)2C2O4 = CuC2O4↓ + (NH4)2SO4,Cu²⁺ + C2O4²⁻ = CuC2O4↓,Och havorang mayda kristall cho'kma tushadi.,CuC2O4 #8ec8e8 mayda-kristall,,sezilarsiz,bir-zumda,,"Eritmalar aralashtirilganda Cu²⁺ va C₂O₄²⁻ ionlari uchrashib, suvda erimaydigan mis(II) oksalat hosil qiladi; qolgan ionlar eritmada qoladi. Ion almashinish reaksiyasi cho'kma hosil bo'lgani uchun oxirigacha boradi.",,
chokma-0083,ion-almashinish-chokma,Qo'rg'oshin(II) nitrat va ammoniy oksalat eritmalarining o'zaro ta'siri (qo'rg'oshin(II) oksalat cho'kmasi),yuqori,9-sinf,rules,Pb(NO3)2(aq) 0.1M + (NH4)2C2O4(aq) 0.1M,,Pb(NO3)2 + (NH4)2C2O4 = PbC2O4↓ + 2NH4NO3,Pb²⁺ + C2O4²⁻ = PbC2O4↓,Oq mayda kristall cho'kma tushadi.,PbC2O4 #f6f6f2 mayda-kristall,,sezilarsiz,bir-zumda,,"Eritmalar aralashtirilganda Pb²⁺ va C₂O₄²⁻ ionlari uchrashib, suvda erimaydigan qo'rg'oshin(II) oksalat hosil qiladi; qolgan ionlar eritmada qoladi. Ion almashinish reaksiyasi cho'kma hosil bo'lgani uchun oxirigacha boradi.",,
chokma-0084,ion-almashinish-chokma,Kumush nitrat va ammoniy oksalat eritmalarining o'zaro ta'siri (kumush oksalat cho'kmasi),yuqori,9-sinf,rules,AgNO3(aq) 0.1M + (NH4)2C2O4(aq) 0.1M,,2AgNO3 + (NH4)2C2O4 = Ag2C2O4↓ + 2NH4NO3,2Ag⁺ + C2O4²⁻ = Ag2C2O4↓,Oq mayda kristall cho'kma tushadi.,Ag2C2O4 #f6f6f2 mayda-kristall,,sezilarsiz,bir-zumda,,"Eritmalar aralashtirilganda Ag⁺ va C₂O₄²⁻ ionlari uchrashib, suvda erimaydigan kumush oksalat hosil qiladi; qolgan ionlar eritmada qoladi. Ion almashinish reaksiyasi cho'kma hosil bo'lgani uchun oxirigacha boradi.",,
chokma-0085,ion-almashinish-chokma,Marganes(II) sulfat va ammoniy oksalat eritmalarining o'zaro ta'siri (marganes(II) oksalat cho'kmasi),yuqori,9-sinf,rules,MnSO4(aq) 0.1M + (NH4)2C2O4(aq) 0.1M,,MnSO4 + (NH4)2C2O4 = MnC2O4↓ + (NH4)2SO4,Mn²⁺ + C2O4²⁻ = MnC2O4↓,Och pushti mayda kristall cho'kma tushadi.,MnC2O4 #f4e4e4 mayda-kristall,,sezilarsiz,bir-zumda,,"Eritmalar aralashtirilganda Mn²⁺ va C₂O₄²⁻ ionlari uchrashib, suvda erimaydigan marganes(II) oksalat hosil qiladi; qolgan ionlar eritmada qoladi. Ion almashinish reaksiyasi cho'kma hosil bo'lgani uchun oxirigacha boradi.",,
chokma-0086,ion-almashinish-chokma,Nikel(II) sulfat va ammoniy oksalat eritmalarining o'zaro ta'siri (nikel(II) oksalat cho'kmasi),yuqori,9-sinf,rules,NiSO4(aq) 0.1M + (NH4)2C2O4(aq) 0.1M,,NiSO4 + (NH4)2C2O4 = NiC2O4↓ + (NH4)2SO4,Ni²⁺ + C2O4²⁻ = NiC2O4↓,Och yashil mayda kristall cho'kma tushadi.,NiC2O4 #b8e0b0 mayda-kristall,,sezilarsiz,bir-zumda,,"Eritmalar aralashtirilganda Ni²⁺ va C₂O₄²⁻ ionlari uchrashib, suvda erimaydigan nikel(II) oksalat hosil qiladi; qolgan ionlar eritmada qoladi. Ion almashinish reaksiyasi cho'kma hosil bo'lgani uchun oxirigacha boradi.",,
chokma-0087,ion-almashinish-chokma,Kobalt(II) xlorid va ammoniy oksalat eritmalarining o'zaro ta'siri (kobalt(II) oksalat cho'kmasi),yuqori,9-sinf,rules,CoCl2(aq) 0.1M + (NH4)2C2O4(aq) 0.1M,,CoCl2 + (NH4)2C2O4 = CoC2O4↓ + 2NH4Cl,Co²⁺ + C2O4²⁻ = CoC2O4↓,Och pushti mayda kristall cho'kma tushadi.,CoC2O4 #f0b8c8 mayda-kristall,,sezilarsiz,bir-zumda,,"Eritmalar aralashtirilganda Co²⁺ va C₂O₄²⁻ ionlari uchrashib, suvda erimaydigan kobalt(II) oksalat hosil qiladi; qolgan ionlar eritmada qoladi. Ion almashinish reaksiyasi cho'kma hosil bo'lgani uchun oxirigacha boradi.",,
chokma-0088,ion-almashinish-chokma,Kalsiy xlorid va natriy silikat eritmalarining o'zaro ta'siri (kalsiy silikat cho'kmasi),yuqori,9-sinf,rules,CaCl2(aq) 0.1M + Na2SiO3(aq) 0.1M,,CaCl2 + Na2SiO3 = CaSiO3↓ + 2NaCl,Ca²⁺ + SiO3²⁻ = CaSiO3↓,Oq iviqsimon (dirildoq) cho'kma tushadi.,CaSiO3 #f6f6f2 iviqsimon,,sezilarsiz,bir-zumda,,"Eritmalar aralashtirilganda Ca²⁺ va SiO₃²⁻ ionlari uchrashib, suvda erimaydigan kalsiy silikat hosil qiladi; qolgan ionlar eritmada qoladi. Ion almashinish reaksiyasi cho'kma hosil bo'lgani uchun oxirigacha boradi.",,
chokma-0089,ion-almashinish-chokma,Bariy xlorid va natriy silikat eritmalarining o'zaro ta'siri (bariy silikat cho'kmasi),yuqori,9-sinf,rules,BaCl2(aq) 0.1M + Na2SiO3(aq) 0.1M,,BaCl2 + Na2SiO3 = BaSiO3↓ + 2NaCl,Ba²⁺ + SiO3²⁻ = BaSiO3↓,Oq iviqsimon (dirildoq) cho'kma tushadi.,BaSiO3 #f6f6f2 iviqsimon,,sezilarsiz,bir-zumda,,"Eritmalar aralashtirilganda Ba²⁺ va SiO₃²⁻ ionlari uchrashib, suvda erimaydigan bariy silikat hosil qiladi; qolgan ionlar eritmada qoladi. Ion almashinish reaksiyasi cho'kma hosil bo'lgani uchun oxirigacha boradi.",,
chokma-0099,ion-almashinish-chokma,Bariy xlorid va natriy sulfit eritmalarining o'zaro ta'siri (bariy sulfit cho'kmasi),yuqori,9-sinf,rules,BaCl2(aq) 0.1M + Na2SO3(aq) 0.1M,,BaCl2 + Na2SO3 = BaSO3↓ + 2NaCl,Ba²⁺ + SO3²⁻ = BaSO3↓,Oq mayda kristall cho'kma tushadi.,BaSO3 #f6f6f2 mayda-kristall,,sezilarsiz,bir-zumda,,"Eritmalar aralashtirilganda Ba²⁺ va SO₃²⁻ ionlari uchrashib, suvda erimaydigan bariy sulfit hosil qiladi; qolgan ionlar eritmada qoladi. Ion almashinish reaksiyasi cho'kma hosil bo'lgani uchun oxirigacha boradi.",,
chokma-0100,ion-almashinish-chokma,Kalsiy xlorid va natriy sulfit eritmalarining o'zaro ta'siri (kalsiy sulfit cho'kmasi),yuqori,9-sinf,rules,CaCl2(aq) 0.1M + Na2SO3(aq) 0.1M,,CaCl2 + Na2SO3 = CaSO3↓ + 2NaCl,Ca²⁺ + SO3²⁻ = CaSO3↓,Oq mayda kristall cho'kma tushadi.,CaSO3 #f6f6f2 mayda-kristall,,sezilarsiz,bir-zumda,,"Eritmalar aralashtirilganda Ca²⁺ va SO₃²⁻ ionlari uchrashib, suvda erimaydigan kalsiy sulfit hosil qiladi; qolgan ionlar eritmada qoladi. Ion almashinish reaksiyasi cho'kma hosil bo'lgani uchun oxirigacha boradi.",,
chokma-0101,ion-almashinish-chokma,Stronsiy nitrat va natriy sulfit eritmalarining o'zaro ta'siri (stronsiy sulfit cho'kmasi),yuqori,9-sinf,rules,Sr(NO3)2(aq) 0.1M + Na2SO3(aq) 0.1M,,Sr(NO3)2 + Na2SO3 = SrSO3↓ + 2NaNO3,Sr²⁺ + SO3²⁻ = SrSO3↓,Oq mayda kristall cho'kma tushadi.,SrSO3 #f6f6f2 mayda-kristall,,sezilarsiz,bir-zumda,,"Eritmalar aralashtirilganda Sr²⁺ va SO₃²⁻ ionlari uchrashib, suvda erimaydigan stronsiy sulfit hosil qiladi; qolgan ionlar eritmada qoladi. Ion almashinish reaksiyasi cho'kma hosil bo'lgani uchun oxirigacha boradi.",,
chokma-0102,ion-almashinish-chokma,Kumush nitrat va natriy sulfit eritmalarining o'zaro ta'siri (kumush sulfit cho'kmasi),yuqori,9-sinf,rules,AgNO3(aq) 0.1M + Na2SO3(aq) 0.1M,,2AgNO3 + Na2SO3 = Ag2SO3↓ + 2NaNO3,2Ag⁺ + SO3²⁻ = Ag2SO3↓,Oq mayda kristall cho'kma tushadi.,Ag2SO3 #f6f6f2 mayda-kristall,,sezilarsiz,bir-zumda,,"Eritmalar aralashtirilganda Ag⁺ va SO₃²⁻ ionlari uchrashib, suvda erimaydigan kumush sulfit hosil qiladi; qolgan ionlar eritmada qoladi. Ion almashinish reaksiyasi cho'kma hosil bo'lgani uchun oxirigacha boradi.",,
chokma-0103,ion-almashinish-chokma,Qo'rg'oshin(II) nitrat va natriy sulfit eritmalarining o'zaro ta'siri (qo'rg'oshin(II) sulfit cho'kmasi),yuqori,9-sinf,rules,Pb(NO3)2(aq) 0.1M + Na2SO3(aq) 0.1M,,Pb(NO3)2 + Na2SO3 = PbSO3↓ + 2NaNO3,Pb²⁺ + SO3²⁻ = PbSO3↓,Oq mayda kristall cho'kma tushadi.,PbSO3 #f6f6f2 mayda-kristall,,sezilarsiz,bir-zumda,,"Eritmalar aralashtirilganda Pb²⁺ va SO₃²⁻ ionlari uchrashib, suvda erimaydigan qo'rg'oshin(II) sulfit hosil qiladi; qolgan ionlar eritmada qoladi. Ion almashinish reaksiyasi cho'kma hosil bo'lgani uchun oxirigacha boradi.",,
chokma-0104,ion-almashinish-chokma,Rux sulfat va natriy sulfit eritmalarining o'zaro ta'siri (rux sulfit cho'kmasi),yuqori,9-sinf,rules,ZnSO4(aq) 0.1M + Na2SO3(aq) 0.1M,,ZnSO4 + Na2SO3 = ZnSO3↓ + Na2SO4,Zn²⁺ + SO3²⁻ = ZnSO3↓,Oq mayda kristall cho'kma tushadi.,ZnSO3 #f6f6f2 mayda-kristall,,sezilarsiz,bir-zumda,,"Eritmalar aralashtirilganda Zn²⁺ va SO₃²⁻ ionlari uchrashib, suvda erimaydigan rux sulfit hosil qiladi; qolgan ionlar eritmada qoladi. Ion almashinish reaksiyasi cho'kma hosil bo'lgani uchun oxirigacha boradi.",,
chokma-0106,ion-almashinish-chokma,Kalsiy xlorid va natriy ftorid eritmalarining o'zaro ta'siri (kalsiy ftorid cho'kmasi),yuqori,9-sinf,rules,CaCl2(aq) 0.1M + NaF(aq) 0.1M,,CaCl2 + 2NaF = CaF2↓ + 2NaCl,Ca²⁺ + 2F⁻ = CaF2↓,Oq kukunsimon cho'kma tushadi.,CaF2 #f6f6f2 kukunsimon,,sezilarsiz,bir-zumda,,"Eritmalar aralashtirilganda Ca²⁺ va F⁻ ionlari uchrashib, suvda erimaydigan kalsiy ftorid hosil qiladi; qolgan ionlar eritmada qoladi. Ion almashinish reaksiyasi cho'kma hosil bo'lgani uchun oxirigacha boradi.",,
chokma-0107,ion-almashinish-chokma,Magniy xlorid va natriy ftorid eritmalarining o'zaro ta'siri (magniy ftorid cho'kmasi),yuqori,9-sinf,rules,MgCl2(aq) 0.1M + NaF(aq) 0.1M,,MgCl2 + 2NaF = MgF2↓ + 2NaCl,Mg²⁺ + 2F⁻ = MgF2↓,Oq kukunsimon cho'kma tushadi.,MgF2 #f6f6f2 kukunsimon,,sezilarsiz,bir-zumda,,"Eritmalar aralashtirilganda Mg²⁺ va F⁻ ionlari uchrashib, suvda erimaydigan magniy ftorid hosil qiladi; qolgan ionlar eritmada qoladi. Ion almashinish reaksiyasi cho'kma hosil bo'lgani uchun oxirigacha boradi.",,
chokma-0108,ion-almashinish-chokma,Stronsiy nitrat va natriy ftorid eritmalarining o'zaro ta'siri (stronsiy ftorid cho'kmasi),yuqori,9-sinf,rules,Sr(NO3)2(aq) 0.1M + NaF(aq) 0.1M,,Sr(NO3)2 + 2NaF = SrF2↓ + 2NaNO3,Sr²⁺ + 2F⁻ = SrF2↓,Oq kukunsimon cho'kma tushadi.,SrF2 #f6f6f2 kukunsimon,,sezilarsiz,bir-zumda,,"Eritmalar aralashtirilganda Sr²⁺ va F⁻ ionlari uchrashib, suvda erimaydigan stronsiy ftorid hosil qiladi; qolgan ionlar eritmada qoladi. Ion almashinish reaksiyasi cho'kma hosil bo'lgani uchun oxirigacha boradi.",,
chokma-0109,ion-almashinish-chokma,Bariy xlorid va natriy ftorid eritmalarining o'zaro ta'siri (bariy ftorid cho'kmasi),yuqori,9-sinf,rules,BaCl2(aq) 1M + NaF(aq) 1M,,BaCl2 + 2NaF = BaF2↓ + 2NaCl,Ba²⁺ + 2F⁻ = BaF2↓,Oq kukunsimon cho'kma tushadi.,BaF2 #f6f6f2 kukunsimon,,sezilarsiz,bir-zumda,,"Eritmalar aralashtirilganda Ba²⁺ va F⁻ ionlari uchrashib, suvda kam eriydigan bariy ftorid hosil qiladi; qolgan ionlar eritmada qoladi. Ion almashinish reaksiyasi cho'kma hosil bo'lgani uchun oxirigacha boradi.",,
chokma-0110,ion-almashinish-chokma,Qo'rg'oshin(II) nitrat va natriy ftorid eritmalarining o'zaro ta'siri (qo'rg'oshin(II) ftorid cho'kmasi),yuqori,9-sinf,rules,Pb(NO3)2(aq) 1M + NaF(aq) 1M,,Pb(NO3)2 + 2NaF = PbF2↓ + 2NaNO3,Pb²⁺ + 2F⁻ = PbF2↓,Oq kukunsimon cho'kma tushadi.,PbF2 #f6f6f2 kukunsimon,,sezilarsiz,bir-zumda,,"Eritmalar aralashtirilganda Pb²⁺ va F⁻ ionlari uchrashib, suvda kam eriydigan qo'rg'oshin(II) ftorid hosil qiladi; qolgan ionlar eritmada qoladi. Ion almashinish reaksiyasi cho'kma hosil bo'lgani uchun oxirigacha boradi.",,
chokma-0111,ion-almashinish-chokma,Litiy xlorid va natriy ftorid eritmalarining o'zaro ta'siri (litiy ftorid cho'kmasi),yuqori,9-sinf,rules,LiCl(aq) 1M + NaF(aq) 1M,,LiCl + NaF = LiF↓ + NaCl,Li⁺ + F⁻ = LiF↓,Oq kukunsimon cho'kma tushadi.,LiF #f6f6f2 kukunsimon,,sezilarsiz,bir-zumda,,"Eritmalar aralashtirilganda Li⁺ va F⁻ ionlari uchrashib, suvda kam eriydigan litiy ftorid hosil qiladi; qolgan ionlar eritmada qoladi. Ion almashinish reaksiyasi cho'kma hosil bo'lgani uchun oxirigacha boradi.",,
chokma-0112,ion-almashinish-chokma,Kumush nitrat va kaliy tiotsianat eritmalarining o'zaro ta'siri (kumush tiotsianat cho'kmasi),yuqori,9-sinf,rules,AgNO3(aq) 0.1M + KSCN(aq) 0.1M,,AgNO3 + KSCN = AgSCN↓ + KNO3,Ag⁺ + SCN⁻ = AgSCN↓,Oq suzmasimon cho'kma tushadi.,AgSCN #f6f6f2 suzmasimon,,sezilarsiz,bir-zumda,,"Eritmalar aralashtirilganda Ag⁺ va SCN⁻ ionlari uchrashib, suvda erimaydigan kumush tiotsianat hosil qiladi; qolgan ionlar eritmada qoladi. Ion almashinish reaksiyasi cho'kma hosil bo'lgani uchun oxirigacha boradi.",,
chokma-0116,ion-almashinish-chokma,Stronsiy nitrat va natriy gidrofosfat eritmalarining o'zaro ta'siri (stronsiy gidrofosfat cho'kmasi),yuqori,9-sinf,rules,Sr(NO3)2(aq) 0.1M + Na2HPO4(aq) 0.1M,,Sr(NO3)2 + Na2HPO4 = SrHPO4↓ + 2NaNO3,Sr²⁺ + HPO4²⁻ = SrHPO4↓,Oq mayda kristall cho'kma tushadi.,SrHPO4 #f6f6f2 mayda-kristall,,sezilarsiz,bir-zumda,,"Eritmalar aralashtirilganda Sr²⁺ va HPO₄²⁻ ionlari uchrashib, suvda erimaydigan stronsiy gidrofosfat hosil qiladi; qolgan ionlar eritmada qoladi. Ion almashinish reaksiyasi cho'kma hosil bo'lgani uchun oxirigacha boradi.",,
chokma-0117,ion-almashinish-chokma,Magniy xlorid va natriy gidrofosfat eritmalarining o'zaro ta'siri (magniy gidrofosfat cho'kmasi),yuqori,9-sinf,rules,MgCl2(aq) 1M + Na2HPO4(aq) 1M,,MgCl2 + Na2HPO4 = MgHPO4↓ + 2NaCl,Mg²⁺ + HPO4²⁻ = MgHPO4↓,Oq mayda kristall cho'kma tushadi.,MgHPO4 #f6f6f2 mayda-kristall,,sezilarsiz,bir-zumda,,"Eritmalar aralashtirilganda Mg²⁺ va HPO₄²⁻ ionlari uchrashib, suvda kam eriydigan magniy gidrofosfat hosil qiladi; qolgan ionlar eritmada qoladi. Ion almashinish reaksiyasi cho'kma hosil bo'lgani uchun oxirigacha boradi.",,
chokma-0118,ion-almashinish-chokma,Kumush nitrat va natriy tiosulfat eritmalarining o'zaro ta'siri (kumush tiosulfat cho'kmasi),yuqori,8-sinf,rules,AgNO3(aq) 0.1M + Na2S2O3(aq) 0.1M,,2AgNO3 + Na2S2O3 = Ag2S2O3↓ + 2NaNO3,2Ag⁺ + S2O3²⁻ = Ag2S2O3↓,Oq kukunsimon cho'kma tushadi.,Ag2S2O3 #f6f6f2 kukunsimon,,sezilarsiz,bir-zumda,,"Eritmalar aralashtirilganda Ag⁺ va S₂O₃²⁻ ionlari uchrashib, suvda erimaydigan kumush tiosulfat hosil qiladi; qolgan ionlar eritmada qoladi. Ion almashinish reaksiyasi cho'kma hosil bo'lgani uchun oxirigacha boradi.",,
chokma-0119,ion-almashinish-chokma,Bariy xlorid va sulfat kislota eritmalarining o'zaro ta'siri (bariy sulfat cho'kmasi),yuqori,8-sinf,rules,BaCl2(aq) 0.1M + H2SO4(aq) 0.1M,,BaCl2 + H2SO4 = BaSO4↓ + 2HCl,Ba²⁺ + SO4²⁻ = BaSO4↓,Oq mayda kristall cho'kma tushadi.,BaSO4 #f4f4ee mayda-kristall,,sezilarsiz,bir-zumda,,"Eritmalar aralashtirilganda Ba²⁺ va SO₄²⁻ ionlari uchrashib, suvda erimaydigan bariy sulfat hosil qiladi; qolgan ionlar eritmada qoladi. Ion almashinish reaksiyasi cho'kma hosil bo'lgani uchun oxirigacha boradi. BaSO₄ kislotalarda ham erimaydi — bu sulfat ioni uchun sifat reaksiyasi.",,
chokma-0120,ion-almashinish-chokma,Kumush nitrat va xlorid kislota eritmalarining o'zaro ta'siri (kumush xlorid cho'kmasi),yuqori,8-sinf,rules,AgNO3(aq) 0.1M + HCl(aq) 0.1M,,AgNO3 + HCl = AgCl↓ + HNO3,Ag⁺ + Cl⁻ = AgCl↓,Oq suzmasimon cho'kma tushadi.,AgCl #f8f8f4 suzmasimon,,sezilarsiz,bir-zumda,,"Eritmalar aralashtirilganda Ag⁺ va Cl⁻ ionlari uchrashib, suvda erimaydigan kumush xlorid hosil qiladi; qolgan ionlar eritmada qoladi. Ion almashinish reaksiyasi cho'kma hosil bo'lgani uchun oxirigacha boradi. AgCl yorug'likda asta qorayadi (kumush ajraladi).",,
elektro-0001,elektrokimyo,Mis(II) xlorid eritmasining elektrolizi (inert elektrodlar),yuqori,9-sinf,rules,CuCl2(aq) 0.5M,"elektr toki; O'zgarmas tok, grafit (yoki platina) elektrodlar.",CuCl2 = Cu + Cl2↑,,"Katodda qizg'ish mis qatlami o'tiradi, anodda sarg'ish-yashil, bo'g'uvchi hidli gaz (xlor) ajraladi; eritmaning ko'k rangi asta kamayadi.",,Cl2,sezilarsiz,o'rtacha,,"Elektrolizda katodda qaytarilish, anodda oksidlanish boradi. Katodda: Cu²⁺ + 2e⁻ = Cu; anodda: 2Cl⁻ − 2e⁻ = Cl2.",,
elektro-0002,elektrokimyo,Mis(II) sulfat eritmasining elektrolizi (inert elektrodlar),yuqori,9-sinf,rules,CuSO4(aq) 0.5M,"elektr toki; O'zgarmas tok, grafit (yoki platina) elektrodlar.",2CuSO4 + 2H2O = 2Cu + O2↑ + 2H2SO4,,"Katodda mis o'tiradi, anodda rangsiz gaz (kislorod) pufakchalari ajraladi; eritma kislotali bo'lib boradi.",,O2,sezilarsiz,o'rtacha,,"Elektrolizda katodda qaytarilish, anodda oksidlanish boradi. Sulfat ioni suvli eritmada oksidlanmaydi — anodda suv oksidlanadi. Katodda: Cu²⁺ + 2e⁻ = Cu; anodda: 2H2O − 4e⁻ = O2 + 4H⁺.",,
elektro-0003,elektrokimyo,Natriy xlorid eritmasining elektrolizi (inert elektrodlar),yuqori,9-sinf,rules,NaCl(aq) 1M,"elektr toki; O'zgarmas tok, grafit (yoki platina) elektrodlar.",2NaCl + 2H2O = H2↑ + Cl2↑ + 2NaOH,,"Ikkala elektrodda gaz ajraladi; katod atrofidagi eritma fenolftaleindan pushti rangga kiradi (NaOH), anodda xlor hidi seziladi.",,Cl2,sezilarsiz,o'rtacha,,"Elektrolizda katodda qaytarilish, anodda oksidlanish boradi. Natriy ionlari suvli eritmada qaytarilmaydi — katodda suv qaytariladi. Bu jarayon sanoatda NaOH, Cl₂ va H₂ olishda qo'llaniladi. Katodda: 2H2O + 2e⁻ = H2 + 2OH⁻; anodda: 2Cl⁻ − 2e⁻ = Cl2.",,
elektro-0004,elektrokimyo,Kaliy yodid eritmasining elektrolizi (inert elektrodlar),yuqori,9-sinf,rules,KI(aq) 0.5M,"elektr toki; O'zgarmas tok, grafit (yoki platina) elektrodlar.",2KI + 2H2O = H2↑ + I2 + 2KOH,,"Anod atrofida eritma qo'ng'ir rangga kiradi (yod; kraxmal qo'shilsa ko'karadi), katodda gaz ajraladi va eritma ishqoriy bo'ladi.",,H2,sezilarsiz,o'rtacha,,"Elektrolizda katodda qaytarilish, anodda oksidlanish boradi. Katodda: 2H2O + 2e⁻ = H2 + 2OH⁻; anodda: 2I⁻ − 2e⁻ = I2.",,
elektro-0005,elektrokimyo,Kaliy bromid eritmasining elektrolizi (inert elektrodlar),yuqori,9-sinf,rules,KBr(aq) 0.5M,"elektr toki; O'zgarmas tok, grafit (yoki platina) elektrodlar.",2KBr + 2H2O = H2↑ + Br2 + 2KOH,,"Anod atrofida eritma sarg'ish-to'q sariq rangga kiradi (brom), katodda vodorod ajraladi.",,H2,sezilarsiz,o'rtacha,,"Elektrolizda katodda qaytarilish, anodda oksidlanish boradi. Katodda: 2H2O + 2e⁻ = H2 + 2OH⁻; anodda: 2Br⁻ − 2e⁻ = Br2.",,
elektro-0006,elektrokimyo,Natriy sulfat eritmasining elektrolizi (inert elektrodlar),yuqori,9-sinf,rules,Na2SO4(aq) 0.5M,"elektr toki; O'zgarmas tok, grafit (yoki platina) elektrodlar.",2H2O = 2H2↑ + O2↑,,"Katodda anoddagiga nisbatan ikki marta ko'p gaz ajraladi; universal indikator katod atrofida ko'k, anod atrofida qizil rangga kiradi.",,H2,sezilarsiz,o'rtacha,,"Elektrolizda katodda qaytarilish, anodda oksidlanish boradi. Na⁺ va SO₄²⁻ ionlari o'zgarmaydi — aslida suv parchalanadi, tuz esa elektr o'tkazuvchanlikni ta'minlaydi. Katodda: 2H2O + 2e⁻ = H2 + 2OH⁻; anodda: 2H2O − 4e⁻ = O2 + 4H⁺.",,
elektro-0007,elektrokimyo,Sulfat kislota eritmasining elektrolizi (inert elektrodlar),yuqori,9-sinf,rules,H2SO4(aq) 0.5M,"elektr toki; O'zgarmas tok, grafit (yoki platina) elektrodlar.",2H2O = 2H2↑ + O2↑,,Gofman apparatida katod tirsagida anoddagiga nisbatan 2 marta ko'p gaz (vodorod) yig'iladi.,,H2,sezilarsiz,o'rtacha,,"Elektrolizda katodda qaytarilish, anodda oksidlanish boradi. Suvning hajmiy tarkibi H₂ : O₂ = 2 : 1 ekanini ko'rsatadi. Katodda: 2H⁺ + 2e⁻ = H2; anodda: 2H2O − 4e⁻ = O2 + 4H⁺.",,
elektro-0008,elektrokimyo,Natriy gidroksid eritmasining elektrolizi (inert elektrodlar),yuqori,9-sinf,rules,NaOH(aq) 1M,"elektr toki; O'zgarmas tok, grafit (yoki platina) elektrodlar.",2H2O = 2H2↑ + O2↑,,"Ikkala elektrodda gaz ajraladi, katoddagi gaz hajmi ikki baravar ko'p.",,H2,sezilarsiz,o'rtacha,,"Elektrolizda katodda qaytarilish, anodda oksidlanish boradi. Ishqor eritmasida anodda OH⁻ ionlari oksidlanadi. Katodda: 2H2O + 2e⁻ = H2 + 2OH⁻; anodda: 4OH⁻ − 4e⁻ = O2 + 2H2O.",,
elektro-0009,elektrokimyo,Kaliy gidroksid eritmasining elektrolizi (inert elektrodlar),yuqori,9-sinf,rules,KOH(aq) 1M,"elektr toki; O'zgarmas tok, grafit (yoki platina) elektrodlar.",2H2O = 2H2↑ + O2↑,,Gofman apparatida vodorod va kislorod 2 : 1 hajmiy nisbatda yig'iladi.,,H2,sezilarsiz,o'rtacha,,"Elektrolizda katodda qaytarilish, anodda oksidlanish boradi. Katodda: 2H2O + 2e⁻ = H2 + 2OH⁻; anodda: 4OH⁻ − 4e⁻ = O2 + 2H2O.",,
elektro-0010,elektrokimyo,Kumush nitrat eritmasining elektrolizi (inert elektrodlar),yuqori,9-sinf,rules,AgNO3(aq) 0.2M,"elektr toki; O'zgarmas tok, grafit (yoki platina) elektrodlar.",4AgNO3 + 2H2O = 4Ag + O2↑ + 4HNO3,,"Katodda kulrang-oq kumush kristallari o'tiradi, anodda kislorod ajraladi.",,O2,sezilarsiz,o'rtacha,,"Elektrolizda katodda qaytarilish, anodda oksidlanish boradi. Kumush faollik qatorida vodoroddan keyin turadi — katodda faqat metall ajraladi. Katodda: Ag⁺ + 1e⁻ = Ag; anodda: 2H2O − 4e⁻ = O2 + 4H⁺.",,
elektro-0015,elektrokimyo,Kaliy nitrat eritmasining elektrolizi (inert elektrodlar),yuqori,9-sinf,rules,KNO3(aq) 1M,"elektr toki; O'zgarmas tok, grafit (yoki platina) elektrodlar.",2H2O = 2H2↑ + O2↑,,"Ikkala elektrodda gaz ajraladi; K⁺ va NO₃⁻ ionlari o'zgarmaydi.",,H2,sezilarsiz,o'rtacha,,"Elektrolizda katodda qaytarilish, anodda oksidlanish boradi. Katodda: 2H2O + 2e⁻ = H2 + 2OH⁻; anodda: 2H2O − 4e⁻ = O2 + 4H⁺.",,
elektro-0016,elektrokimyo,Xlorid kislota eritmasining elektrolizi (inert elektrodlar),yuqori,9-sinf,rules,HCl(aq) 1M,"elektr toki; O'zgarmas tok, grafit (yoki platina) elektrodlar.",2HCl = H2↑ + Cl2↑,,"Katodda vodorod, anodda xlor ajraladi.",,Cl2,sezilarsiz,o'rtacha,,"Elektrolizda katodda qaytarilish, anodda oksidlanish boradi. Katodda: 2H⁺ + 2e⁻ = H2; anodda: 2Cl⁻ − 2e⁻ = Cl2.",,
elektro-0017,elektrokimyo,Magniy xlorid eritmasining elektrolizi (inert elektrodlar),yuqori,9-sinf,rules,MgCl2(aq) 0.5M,"elektr toki; O'zgarmas tok, grafit (yoki platina) elektrodlar.",MgCl2 + 2H2O = Mg(OH)2↓ + H2↑ + Cl2↑,,"Katod atrofida oq Mg(OH)₂ cho'kmasi hosil bo'ladi, ikkala elektrodda gaz ajraladi.",Mg(OH)2 #f6f6f2 iviqsimon,Cl2,sezilarsiz,o'rtacha,,"Elektrolizda katodda qaytarilish, anodda oksidlanish boradi. Katodda hosil bo'lgan OH⁻ ionlari Mg²⁺ bilan erimaydigan gidroksid beradi. Katodda: 2H2O + 2e⁻ = H2 + 2OH⁻; anodda: 2Cl⁻ − 2e⁻ = Cl2.",,
elektro-0021,elektrokimyo,Mis(II) sulfat eritmasining mis anod bilan elektrolizi (misni tozalash),yuqori,10-sinf,rules,CuSO4(aq) 0.5M,"elektr toki; Anod — mis plastinka, katod — grafit.",,,"Mis anod asta yupqalashadi, katodda qizg'ish mis qatlami o'sadi; gaz ajralmaydi.",,,sezilarsiz,sekin,,"Anod material sifatida mis olinsa, anodda suv yoki sulfat ioni emas, misning o'zi oksidlanadi (u osonroq oksidlanadi). Sanoatda xom mis shu usulda tozalanadi (elektroliz bilan rafinatsiya).",,
elektro-0022,elektrokimyo,Temir buyumni mis bilan qoplash (galvanostegiya),yuqori,10-sinf,rules,CuSO4(aq) 0.5M,"elektr toki; Katod — tozalangan temir plastinka (buyum), anod — mis.",,,Temir plastinka bir tekis qizg'ish mis qatlami bilan qoplanadi.,,,sezilarsiz,sekin,,Galvanostegiyada qoplanadigan buyum katod bo'ladi: unda qoplovchi metall ionlari qaytariladi. Anod sifatida qoplovchi metallning o'zi olinadi.,,
elektro-0023,elektrokimyo,Daniel–Yakobi galvanik elementi (Zn–Cu),yuqori,10-sinf,rules,Zn(s) plastinka + ZnSO4(aq) 1M + CuSO4(aq) 1M,"Ikki yarim element tuz ko'prigi bilan tutashtiriladi, elektrodlar voltmetrga ulanadi.",Zn + CuSO4 = ZnSO4 + Cu,Zn + Cu²⁺ = Zn²⁺ + Cu,"Voltmetr taxminan 1,1 V ko'rsatadi; vaqt o'tishi bilan mis elektrod sirtida metall o'tiradi.",,,sezilarsiz,sekin,,"Faolroq metall (rux) anod bo'lib oksidlanadi, kam faol metall ionlari katodda qaytariladi. Standart sharoitda EYuK standart elektrod potensiallari farqiga teng; konsentratsiya o'zgarsa, Nernst tenglamasiga ko'ra EYuK ham o'zgaradi. Bu holda hisoblangan EYuK ≈ 1,1 V.",,
elektro-0024,elektrokimyo,Temir–mis galvanik elementi,yuqori,10-sinf,rules,Fe(s) plastinka + FeSO4(aq) 1M + CuSO4(aq) 1M,"Ikki yarim element tuz ko'prigi bilan tutashtiriladi, elektrodlar voltmetrga ulanadi.",Fe + CuSO4 = FeSO4 + Cu,Fe + Cu²⁺ = Fe²⁺ + Cu,"Voltmetr taxminan 0,78 V ko'rsatadi; vaqt o'tishi bilan mis elektrod sirtida metall o'tiradi.",,,sezilarsiz,sekin,,"Faolroq metall (temir) anod bo'lib oksidlanadi, kam faol metall ionlari katodda qaytariladi. Standart sharoitda EYuK standart elektrod potensiallari farqiga teng; konsentratsiya o'zgarsa, Nernst tenglamasiga ko'ra EYuK ham o'zgaradi. Bu holda hisoblangan EYuK ≈ 0,78 V.",,
elektro-0025,elektrokimyo,Rux–temir galvanik elementi,yuqori,10-sinf,rules,Zn(s) plastinka + ZnSO4(aq) 1M + FeSO4(aq) 1M,"Ikki yarim element tuz ko'prigi bilan tutashtiriladi, elektrodlar voltmetrga ulanadi.",Zn + FeSO4 = ZnSO4 + Fe,Zn + Fe²⁺ = Zn²⁺ + Fe,"Voltmetr taxminan 0,32 V ko'rsatadi; vaqt o'tishi bilan temir elektrod sirtida metall o'tiradi.",,,sezilarsiz,sekin,,"Faolroq metall (rux) anod bo'lib oksidlanadi, kam faol metall ionlari katodda qaytariladi. Standart sharoitda EYuK standart elektrod potensiallari farqiga teng; konsentratsiya o'zgarsa, Nernst tenglamasiga ko'ra EYuK ham o'zgaradi. Bu holda hisoblangan EYuK ≈ 0,32 V.",,
elektro-0027,elektrokimyo,Natriy xlorid eritmasining elektr o'tkazuvchanligi,yuqori,9-sinf,rules,NaCl(aq) 0.1M,,NaCl = Na⁺ + Cl⁻,,Lampochka yorqin yonadi.,,,sezilarsiz,bir-zumda,,"Natriy xlorid kuchli elektrolit: eritmada ionlarga to'liq dissotsilanadi, ionlar elektr tokini o'tkazadi.",,
elektro-0028,elektrokimyo,Saxaroza eritmasining elektr o'tkazuvchanligi,yuqori,9-sinf,rules,C12H22O11(aq) 0.3M,,,,Lampochka yonmaydi.,,,sezilarsiz,bir-zumda,,"Saxaroza noelektrolit: eritmada molekula holida bo'ladi, ion hosil qilmaydi — tok o'tmaydi.",,
elektro-0029,elektrokimyo,Sirka kislota eritmasining elektr o'tkazuvchanligi,yuqori,9-sinf,rules,CH3COOH(aq) 0.1M,,,,Lampochka xira yonadi.,,,sezilarsiz,bir-zumda,,"Sirka kislota kuchsiz elektrolit: molekulalarning ozgina qismigina ionlarga dissotsilanadi, shuning uchun eritma tokni yomon o'tkazadi.",,
elektro-0030,elektrokimyo,Suv (distillangan)ning elektr o'tkazuvchanligi,yuqori,9-sinf,rules,H2O(l),,,,Lampochka yonmaydi.,,,sezilarsiz,bir-zumda,,"Distillangan suv juda kuchsiz elektrolit — undagi H⁺ va OH⁻ ionlari juda kam, lampochka yonishi uchun yetarli tok o'tmaydi.",,
gaz-0001,ion-almashinish-gaz,Natriy karbonatning xlorid kislota bilan reaksiyasi (CO₂ ajralishi),yuqori,8-sinf,rules,Na2CO3(aq) 1M + HCl(aq) 2M,,Na2CO3 + 2HCl = 2NaCl + CO2↑ + H2O,CO3²⁻ + 2H⁺ = CO2↑ + H2O,"Rangsiz, hidsiz gaz pufakchalari jadal ajraladi (eritma ""qaynayotgandek"" ko'piradi).",,CO2,sezilarsiz,bir-zumda,,"Kuchli kislota kuchsiz karbonat kislotani uning tuzidan siqib chiqaradi. H₂CO₃ beqaror bo'lib, darhol CO₂ va H₂O ga parchalanadi, shuning uchun gaz ajralib chiqadi va reaksiya oxirigacha boradi.",,
gaz-0002,ion-almashinish-gaz,Natriy karbonatning nitrat kislota bilan reaksiyasi (CO₂ ajralishi),yuqori,8-sinf,rules,Na2CO3(aq) 1M + HNO3(aq) 2M,,Na2CO3 + 2HNO3 = 2NaNO3 + CO2↑ + H2O,CO3²⁻ + 2H⁺ = CO2↑ + H2O,"Rangsiz, hidsiz gaz pufakchalari jadal ajraladi (eritma ""qaynayotgandek"" ko'piradi).",,CO2,sezilarsiz,bir-zumda,,"Kuchli kislota kuchsiz karbonat kislotani uning tuzidan siqib chiqaradi. H₂CO₃ beqaror bo'lib, darhol CO₂ va H₂O ga parchalanadi, shuning uchun gaz ajralib chiqadi va reaksiya oxirigacha boradi.",,
gaz-0003,ion-almashinish-gaz,Natriy karbonatning sulfat kislota bilan reaksiyasi (CO₂ ajralishi),yuqori,8-sinf,rules,Na2CO3(aq) 1M + H2SO4(aq) 2M,,Na2CO3 + H2SO4 = Na2SO4 + CO2↑ + H2O,CO3²⁻ + 2H⁺ = CO2↑ + H2O,"Rangsiz, hidsiz gaz pufakchalari jadal ajraladi (eritma ""qaynayotgandek"" ko'piradi).",,CO2,sezilarsiz,bir-zumda,,"Kuchli kislota kuchsiz karbonat kislotani uning tuzidan siqib chiqaradi. H₂CO₃ beqaror bo'lib, darhol CO₂ va H₂O ga parchalanadi, shuning uchun gaz ajralib chiqadi va reaksiya oxirigacha boradi.",,
gaz-0004,ion-almashinish-gaz,Natriy karbonatning sirka kislota bilan reaksiyasi (CO₂ ajralishi),yuqori,9-sinf,rules,Na2CO3(aq) 1M + CH3COOH(aq) 2M,,Na2CO3 + 2CH3COOH = 2CH3COONa + CO2↑ + H2O,CO3²⁻ + 2CH3COOH = 2CH3COO⁻ + CO2↑ + H2O,"Rangsiz, hidsiz gaz pufakchalari jadal ajraladi (eritma ""qaynayotgandek"" ko'piradi).",,CO2,sezilarsiz,tez,,"Sirka kislota kuchsiz bo'lsa-da, karbonat kislotadan kuchliroq, shuning uchun uni tuzidan siqib chiqaradi. H₂CO₃ beqaror bo'lib, darhol CO₂ va H₂O ga parchalanadi, shuning uchun gaz ajralib chiqadi va reaksiya oxirigacha boradi.",,
gaz-0006,ion-almashinish-gaz,Kaliy karbonatning xlorid kislota bilan reaksiyasi (CO₂ ajralishi),yuqori,8-sinf,rules,K2CO3(aq) 1M + HCl(aq) 2M,,K2CO3 + 2HCl = 2KCl + CO2↑ + H2O,CO3²⁻ + 2H⁺ = CO2↑ + H2O,"Rangsiz, hidsiz gaz pufakchalari jadal ajraladi (eritma ""qaynayotgandek"" ko'piradi).",,CO2,sezilarsiz,bir-zumda,,"Kuchli kislota kuchsiz karbonat kislotani uning tuzidan siqib chiqaradi. H₂CO₃ beqaror bo'lib, darhol CO₂ va H₂O ga parchalanadi, shuning uchun gaz ajralib chiqadi va reaksiya oxirigacha boradi.",,
gaz-0007,ion-almashinish-gaz,Kaliy karbonatning sulfat kislota bilan reaksiyasi (CO₂ ajralishi),yuqori,8-sinf,rules,K2CO3(aq) 1M + H2SO4(aq) 2M,,K2CO3 + H2SO4 = K2SO4 + CO2↑ + H2O,CO3²⁻ + 2H⁺ = CO2↑ + H2O,"Rangsiz, hidsiz gaz pufakchalari jadal ajraladi (eritma ""qaynayotgandek"" ko'piradi).",,CO2,sezilarsiz,bir-zumda,,"Kuchli kislota kuchsiz karbonat kislotani uning tuzidan siqib chiqaradi. H₂CO₃ beqaror bo'lib, darhol CO₂ va H₂O ga parchalanadi, shuning uchun gaz ajralib chiqadi va reaksiya oxirigacha boradi.",,
gaz-0008,ion-almashinish-gaz,Kaliy karbonatning nitrat kislota bilan reaksiyasi (CO₂ ajralishi),yuqori,8-sinf,rules,K2CO3(aq) 1M + HNO3(aq) 2M,,K2CO3 + 2HNO3 = 2KNO3 + CO2↑ + H2O,CO3²⁻ + 2H⁺ = CO2↑ + H2O,"Rangsiz, hidsiz gaz pufakchalari jadal ajraladi (eritma ""qaynayotgandek"" ko'piradi).",,CO2,sezilarsiz,bir-zumda,,"Kuchli kislota kuchsiz karbonat kislotani uning tuzidan siqib chiqaradi. H₂CO₃ beqaror bo'lib, darhol CO₂ va H₂O ga parchalanadi, shuning uchun gaz ajralib chiqadi va reaksiya oxirigacha boradi.",,
gaz-0009,ion-almashinish-gaz,Natriy gidrokarbonatning xlorid kislota bilan reaksiyasi (CO₂ ajralishi),yuqori,8-sinf,rules,NaHCO3(aq) 1M + HCl(aq) 2M,,NaHCO3 + HCl = NaCl + CO2↑ + H2O,HCO3⁻ + H⁺ = CO2↑ + H2O,"Rangsiz, hidsiz gaz pufakchalari jadal ajraladi (eritma ""qaynayotgandek"" ko'piradi).",,CO2,sezilarsiz,bir-zumda,,"Kuchli kislota kuchsiz karbonat kislotani uning tuzidan siqib chiqaradi. H₂CO₃ beqaror bo'lib, darhol CO₂ va H₂O ga parchalanadi, shuning uchun gaz ajralib chiqadi va reaksiya oxirigacha boradi.",,
gaz-0010,ion-almashinish-gaz,Natriy gidrokarbonatning sulfat kislota bilan reaksiyasi (CO₂ ajralishi),yuqori,8-sinf,rules,NaHCO3(aq) 1M + H2SO4(aq) 2M,,2NaHCO3 + H2SO4 = Na2SO4 + 2CO2↑ + 2H2O,HCO3⁻ + H⁺ = CO2↑ + H2O,"Rangsiz, hidsiz gaz pufakchalari jadal ajraladi (eritma ""qaynayotgandek"" ko'piradi).",,CO2,sezilarsiz,bir-zumda,,"Kuchli kislota kuchsiz karbonat kislotani uning tuzidan siqib chiqaradi. H₂CO₃ beqaror bo'lib, darhol CO₂ va H₂O ga parchalanadi, shuning uchun gaz ajralib chiqadi va reaksiya oxirigacha boradi.",,
gaz-0011,ion-almashinish-gaz,Natriy gidrokarbonatning sirka kislota bilan reaksiyasi (CO₂ ajralishi),yuqori,9-sinf,rules,NaHCO3(aq) 1M + CH3COOH(aq) 2M,,NaHCO3 + CH3COOH = CH3COONa + CO2↑ + H2O,HCO3⁻ + CH3COOH = CH3COO⁻ + CO2↑ + H2O,"Rangsiz, hidsiz gaz pufakchalari jadal ajraladi (eritma ""qaynayotgandek"" ko'piradi).",,CO2,sezilarsiz,tez,,"Sirka kislota kuchsiz bo'lsa-da, karbonat kislotadan kuchliroq, shuning uchun uni tuzidan siqib chiqaradi. H₂CO₃ beqaror bo'lib, darhol CO₂ va H₂O ga parchalanadi, shuning uchun gaz ajralib chiqadi va reaksiya oxirigacha boradi.",,
gaz-0012,ion-almashinish-gaz,Natriy gidrokarbonatning limon kislota bilan reaksiyasi (CO₂ ajralishi),yuqori,9-sinf,rules,NaHCO3(aq) 1M + C3H5O(COOH)3(aq) 0.5M,,3NaHCO3 + C3H5O(COOH)3 = C3H5O(COONa)3 + 3CO2↑ + 3H2O,3HCO3⁻ + C3H5O(COOH)3 = C3H5O(COO)3³⁻ + 3CO2↑ + 3H2O,"Rangsiz, hidsiz gaz pufakchalari jadal ajraladi (eritma ""qaynayotgandek"" ko'piradi).",,CO2,sezilarsiz,tez,,"Limon kislota kuchsiz bo'lsa-da, karbonat kislotadan kuchliroq, shuning uchun uni tuzidan siqib chiqaradi. H₂CO₃ beqaror bo'lib, darhol CO₂ va H₂O ga parchalanadi, shuning uchun gaz ajralib chiqadi va reaksiya oxirigacha boradi.",,
gaz-0014,ion-almashinish-gaz,Natriy gidrokarbonatning chumoli kislota bilan reaksiyasi (CO₂ ajralishi),yuqori,9-sinf,rules,NaHCO3(aq) 1M + HCOOH(aq) 2M,,NaHCO3 + HCOOH = HCOONa + CO2↑ + H2O,HCO3⁻ + HCOOH = HCOO⁻ + CO2↑ + H2O,"Rangsiz, hidsiz gaz pufakchalari jadal ajraladi (eritma ""qaynayotgandek"" ko'piradi).",,CO2,sezilarsiz,tez,,"Chumoli kislota kuchsiz bo'lsa-da, karbonat kislotadan kuchliroq, shuning uchun uni tuzidan siqib chiqaradi. H₂CO₃ beqaror bo'lib, darhol CO₂ va H₂O ga parchalanadi, shuning uchun gaz ajralib chiqadi va reaksiya oxirigacha boradi.",,
gaz-0015,ion-almashinish-gaz,Kaliy gidrokarbonatning xlorid kislota bilan reaksiyasi (CO₂ ajralishi),yuqori,8-sinf,rules,KHCO3(aq) 1M + HCl(aq) 2M,,KHCO3 + HCl = KCl + CO2↑ + H2O,HCO3⁻ + H⁺ = CO2↑ + H2O,"Rangsiz, hidsiz gaz pufakchalari jadal ajraladi (eritma ""qaynayotgandek"" ko'piradi).",,CO2,sezilarsiz,bir-zumda,,"Kuchli kislota kuchsiz karbonat kislotani uning tuzidan siqib chiqaradi. H₂CO₃ beqaror bo'lib, darhol CO₂ va H₂O ga parchalanadi, shuning uchun gaz ajralib chiqadi va reaksiya oxirigacha boradi.",,
gaz-0016,ion-almashinish-gaz,Kaliy gidrokarbonatning sulfat kislota bilan reaksiyasi (CO₂ ajralishi),yuqori,8-sinf,rules,KHCO3(aq) 1M + H2SO4(aq) 2M,,2KHCO3 + H2SO4 = K2SO4 + 2CO2↑ + 2H2O,HCO3⁻ + H⁺ = CO2↑ + H2O,"Rangsiz, hidsiz gaz pufakchalari jadal ajraladi (eritma ""qaynayotgandek"" ko'piradi).",,CO2,sezilarsiz,bir-zumda,,"Kuchli kislota kuchsiz karbonat kislotani uning tuzidan siqib chiqaradi. H₂CO₃ beqaror bo'lib, darhol CO₂ va H₂O ga parchalanadi, shuning uchun gaz ajralib chiqadi va reaksiya oxirigacha boradi.",,
gaz-0017,ion-almashinish-gaz,Kalsiy karbonatning xlorid kislota bilan reaksiyasi (CO₂ ajralishi),yuqori,9-sinf,rules,CaCO3(s) kukun + HCl(aq) 2M,,CaCO3 + 2HCl = CaCl2 + CO2↑ + H2O,CaCO3 + 2H⁺ = Ca²⁺ + CO2↑ + H2O,"Rangsiz, hidsiz gaz pufakchalari jadal ajraladi (eritma ""qaynayotgandek"" ko'piradi).",,CO2,sezilarsiz,tez,,"Kuchli kislota kuchsiz karbonat kislotani uning tuzidan siqib chiqaradi. H₂CO₃ beqaror bo'lib, darhol CO₂ va H₂O ga parchalanadi, shuning uchun gaz ajralib chiqadi va reaksiya oxirigacha boradi. Erimaydigan kalsiy karbonat ham kislotada eriydi.",,
gaz-0018,ion-almashinish-gaz,Kalsiy karbonatning nitrat kislota bilan reaksiyasi (CO₂ ajralishi),yuqori,9-sinf,rules,CaCO3(s) kukun + HNO3(aq) 2M,,CaCO3 + 2HNO3 = Ca(NO3)2 + CO2↑ + H2O,CaCO3 + 2H⁺ = Ca²⁺ + CO2↑ + H2O,"Rangsiz, hidsiz gaz pufakchalari jadal ajraladi (eritma ""qaynayotgandek"" ko'piradi).",,CO2,sezilarsiz,tez,,"Kuchli kislota kuchsiz karbonat kislotani uning tuzidan siqib chiqaradi. H₂CO₃ beqaror bo'lib, darhol CO₂ va H₂O ga parchalanadi, shuning uchun gaz ajralib chiqadi va reaksiya oxirigacha boradi. Erimaydigan kalsiy karbonat ham kislotada eriydi.",,
gaz-0019,ion-almashinish-gaz,Kalsiy karbonatning sirka kislota bilan reaksiyasi (CO₂ ajralishi),yuqori,9-sinf,rules,CaCO3(s) kukun + CH3COOH(aq) 2M,,CaCO3 + 2CH3COOH = (CH3COO)2Ca + CO2↑ + H2O,CaCO3 + 2CH3COOH = Ca²⁺ + 2CH3COO⁻ + CO2↑ + H2O,"Rangsiz, hidsiz gaz pufakchalari jadal ajraladi (eritma ""qaynayotgandek"" ko'piradi).",,CO2,sezilarsiz,tez,,"Sirka kislota kuchsiz bo'lsa-da, karbonat kislotadan kuchliroq, shuning uchun uni tuzidan siqib chiqaradi. H₂CO₃ beqaror bo'lib, darhol CO₂ va H₂O ga parchalanadi, shuning uchun gaz ajralib chiqadi va reaksiya oxirigacha boradi. Erimaydigan kalsiy karbonat ham kislotada eriydi.",,
gaz-0020,ion-almashinish-gaz,Kalsiy karbonatning chumoli kislota bilan reaksiyasi (CO₂ ajralishi),yuqori,9-sinf,rules,CaCO3(s) kukun + HCOOH(aq) 2M,,CaCO3 + 2HCOOH = (HCOO)2Ca + CO2↑ + H2O,CaCO3 + 2HCOOH = Ca²⁺ + 2HCOO⁻ + CO2↑ + H2O,"Rangsiz, hidsiz gaz pufakchalari jadal ajraladi (eritma ""qaynayotgandek"" ko'piradi).",,CO2,sezilarsiz,tez,,"Chumoli kislota kuchsiz bo'lsa-da, karbonat kislotadan kuchliroq, shuning uchun uni tuzidan siqib chiqaradi. H₂CO₃ beqaror bo'lib, darhol CO₂ va H₂O ga parchalanadi, shuning uchun gaz ajralib chiqadi va reaksiya oxirigacha boradi. Erimaydigan kalsiy karbonat ham kislotada eriydi.",,
gaz-0021,ion-almashinish-gaz,Magniy karbonatning xlorid kislota bilan reaksiyasi (CO₂ ajralishi),yuqori,9-sinf,rules,MgCO3(s) kukun + HCl(aq) 2M,,MgCO3 + 2HCl = MgCl2 + CO2↑ + H2O,MgCO3 + 2H⁺ = Mg²⁺ + CO2↑ + H2O,"Rangsiz, hidsiz gaz pufakchalari jadal ajraladi (eritma ""qaynayotgandek"" ko'piradi).",,CO2,sezilarsiz,tez,,"Kuchli kislota kuchsiz karbonat kislotani uning tuzidan siqib chiqaradi. H₂CO₃ beqaror bo'lib, darhol CO₂ va H₂O ga parchalanadi, shuning uchun gaz ajralib chiqadi va reaksiya oxirigacha boradi. Erimaydigan magniy karbonat ham kislotada eriydi.",,
gaz-0022,ion-almashinish-gaz,Magniy karbonatning nitrat kislota bilan reaksiyasi (CO₂ ajralishi),yuqori,9-sinf,rules,MgCO3(s) kukun + HNO3(aq) 2M,,MgCO3 + 2HNO3 = Mg(NO3)2 + CO2↑ + H2O,MgCO3 + 2H⁺ = Mg²⁺ + CO2↑ + H2O,"Rangsiz, hidsiz gaz pufakchalari jadal ajraladi (eritma ""qaynayotgandek"" ko'piradi).",,CO2,sezilarsiz,tez,,"Kuchli kislota kuchsiz karbonat kislotani uning tuzidan siqib chiqaradi. H₂CO₃ beqaror bo'lib, darhol CO₂ va H₂O ga parchalanadi, shuning uchun gaz ajralib chiqadi va reaksiya oxirigacha boradi. Erimaydigan magniy karbonat ham kislotada eriydi.",,
gaz-0023,ion-almashinish-gaz,Bariy karbonatning xlorid kislota bilan reaksiyasi (CO₂ ajralishi),yuqori,9-sinf,rules,BaCO3(s) kukun + HCl(aq) 2M,,BaCO3 + 2HCl = BaCl2 + CO2↑ + H2O,BaCO3 + 2H⁺ = Ba²⁺ + CO2↑ + H2O,"Rangsiz, hidsiz gaz pufakchalari jadal ajraladi (eritma ""qaynayotgandek"" ko'piradi).",,CO2,sezilarsiz,tez,,"Kuchli kislota kuchsiz karbonat kislotani uning tuzidan siqib chiqaradi. H₂CO₃ beqaror bo'lib, darhol CO₂ va H₂O ga parchalanadi, shuning uchun gaz ajralib chiqadi va reaksiya oxirigacha boradi. Erimaydigan bariy karbonat ham kislotada eriydi.",,
gaz-0024,ion-almashinish-gaz,Bariy karbonatning nitrat kislota bilan reaksiyasi (CO₂ ajralishi),yuqori,9-sinf,rules,BaCO3(s) kukun + HNO3(aq) 2M,,BaCO3 + 2HNO3 = Ba(NO3)2 + CO2↑ + H2O,BaCO3 + 2H⁺ = Ba²⁺ + CO2↑ + H2O,"Rangsiz, hidsiz gaz pufakchalari jadal ajraladi (eritma ""qaynayotgandek"" ko'piradi).",,CO2,sezilarsiz,tez,,"Kuchli kislota kuchsiz karbonat kislotani uning tuzidan siqib chiqaradi. H₂CO₃ beqaror bo'lib, darhol CO₂ va H₂O ga parchalanadi, shuning uchun gaz ajralib chiqadi va reaksiya oxirigacha boradi. Erimaydigan bariy karbonat ham kislotada eriydi.",,
gaz-0025,ion-almashinish-gaz,Rux karbonatning xlorid kislota bilan reaksiyasi (CO₂ ajralishi),yuqori,9-sinf,rules,ZnCO3(s) kukun + HCl(aq) 2M,,ZnCO3 + 2HCl = ZnCl2 + CO2↑ + H2O,ZnCO3 + 2H⁺ = Zn²⁺ + CO2↑ + H2O,"Rangsiz, hidsiz gaz pufakchalari jadal ajraladi (eritma ""qaynayotgandek"" ko'piradi).",,CO2,sezilarsiz,tez,,"Kuchli kislota kuchsiz karbonat kislotani uning tuzidan siqib chiqaradi. H₂CO₃ beqaror bo'lib, darhol CO₂ va H₂O ga parchalanadi, shuning uchun gaz ajralib chiqadi va reaksiya oxirigacha boradi. Erimaydigan rux karbonat ham kislotada eriydi.",,
gaz-0028,ion-almashinish-gaz,Litiy karbonatning xlorid kislota bilan reaksiyasi (CO₂ ajralishi),yuqori,9-sinf,rules,Li2CO3(s) kukun + HCl(aq) 2M,,Li2CO3 + 2HCl = 2LiCl + CO2↑ + H2O,Li2CO3 + 2H⁺ = 2Li⁺ + CO2↑ + H2O,"Rangsiz, hidsiz gaz pufakchalari jadal ajraladi (eritma ""qaynayotgandek"" ko'piradi).",,CO2,sezilarsiz,tez,,"Kuchli kislota kuchsiz karbonat kislotani uning tuzidan siqib chiqaradi. H₂CO₃ beqaror bo'lib, darhol CO₂ va H₂O ga parchalanadi, shuning uchun gaz ajralib chiqadi va reaksiya oxirigacha boradi. Erimaydigan litiy karbonat ham kislotada eriydi.",,
gaz-0029,ion-almashinish-gaz,Natriy sulfitning xlorid kislota bilan reaksiyasi (SO₂ ajralishi),yuqori,8-sinf,rules,Na2SO3(aq) 1M + HCl(aq) 2M,,Na2SO3 + 2HCl = 2NaCl + SO2↑ + H2O,SO3²⁻ + 2H⁺ = SO2↑ + H2O,Yongan oltingugurtning o'tkir hidli rangsiz gazi ajraladi.,,SO2,sezilarsiz,bir-zumda,,"Kuchli kislota kuchsiz sulfit kislotani uning tuzidan siqib chiqaradi. H₂SO₃ beqaror bo'lib, SO₂ va H₂O ga parchalanadi, shuning uchun gaz ajralib chiqadi va reaksiya oxirigacha boradi.",,
gaz-0030,ion-almashinish-gaz,Natriy sulfitning sulfat kislota bilan reaksiyasi (SO₂ ajralishi),yuqori,8-sinf,rules,Na2SO3(aq) 1M + H2SO4(aq) 2M,,Na2SO3 + H2SO4 = Na2SO4 + SO2↑ + H2O,SO3²⁻ + 2H⁺ = SO2↑ + H2O,Yongan oltingugurtning o'tkir hidli rangsiz gazi ajraladi.,,SO2,sezilarsiz,bir-zumda,,"Kuchli kislota kuchsiz sulfit kislotani uning tuzidan siqib chiqaradi. H₂SO₃ beqaror bo'lib, SO₂ va H₂O ga parchalanadi, shuning uchun gaz ajralib chiqadi va reaksiya oxirigacha boradi.",,
gaz-0031,ion-almashinish-gaz,Kaliy sulfitning xlorid kislota bilan reaksiyasi (SO₂ ajralishi),yuqori,8-sinf,rules,K2SO3(aq) 1M + HCl(aq) 2M,,K2SO3 + 2HCl = 2KCl + SO2↑ + H2O,SO3²⁻ + 2H⁺ = SO2↑ + H2O,Yongan oltingugurtning o'tkir hidli rangsiz gazi ajraladi.,,SO2,sezilarsiz,bir-zumda,,"Kuchli kislota kuchsiz sulfit kislotani uning tuzidan siqib chiqaradi. H₂SO₃ beqaror bo'lib, SO₂ va H₂O ga parchalanadi, shuning uchun gaz ajralib chiqadi va reaksiya oxirigacha boradi.",,
gaz-0032,ion-almashinish-gaz,Natriy gidrosulfitning xlorid kislota bilan reaksiyasi (SO₂ ajralishi),yuqori,8-sinf,rules,NaHSO3(aq) 0.5M + HCl(aq) 2M,,NaHSO3 + HCl = NaCl + SO2↑ + H2O,HSO3⁻ + H⁺ = SO2↑ + H2O,Yongan oltingugurtning o'tkir hidli rangsiz gazi ajraladi.,,SO2,sezilarsiz,bir-zumda,,"Kuchli kislota kuchsiz sulfit kislotani uning tuzidan siqib chiqaradi. H₂SO₃ beqaror bo'lib, SO₂ va H₂O ga parchalanadi, shuning uchun gaz ajralib chiqadi va reaksiya oxirigacha boradi.",,
gaz-0033,ion-almashinish-gaz,Natriy gidrosulfitning sulfat kislota bilan reaksiyasi (SO₂ ajralishi),yuqori,8-sinf,rules,NaHSO3(aq) 0.5M + H2SO4(aq) 2M,,2NaHSO3 + H2SO4 = Na2SO4 + 2SO2↑ + 2H2O,HSO3⁻ + H⁺ = SO2↑ + H2O,Yongan oltingugurtning o'tkir hidli rangsiz gazi ajraladi.,,SO2,sezilarsiz,bir-zumda,,"Kuchli kislota kuchsiz sulfit kislotani uning tuzidan siqib chiqaradi. H₂SO₃ beqaror bo'lib, SO₂ va H₂O ga parchalanadi, shuning uchun gaz ajralib chiqadi va reaksiya oxirigacha boradi.",,
gaz-0036,ion-almashinish-gaz,Natriy sulfidning xlorid kislota bilan reaksiyasi (H₂S ajralishi),yuqori,8-sinf,rules,Na2S(aq) 1M + HCl(aq) 2M,,Na2S + 2HCl = 2NaCl + H2S↑,S²⁻ + 2H⁺ = H2S↑,Palag'da tuxum hidli rangsiz gaz ajraladi.,,H2S,sezilarsiz,bir-zumda,,"Kuchli kislota kuchsiz vodorod sulfid kislotani uning tuzidan siqib chiqaradi. H₂S kuchsiz kislota bo'lib, eritmadan gaz holida chiqadi, shuning uchun gaz ajralib chiqadi va reaksiya oxirigacha boradi.",,
gaz-0037,ion-almashinish-gaz,Natriy sulfidning sulfat kislota bilan reaksiyasi (H₂S ajralishi),yuqori,8-sinf,rules,Na2S(aq) 1M + H2SO4(aq) 2M,,Na2S + H2SO4 = Na2SO4 + H2S↑,S²⁻ + 2H⁺ = H2S↑,Palag'da tuxum hidli rangsiz gaz ajraladi.,,H2S,sezilarsiz,bir-zumda,,"Kuchli kislota kuchsiz vodorod sulfid kislotani uning tuzidan siqib chiqaradi. H₂S kuchsiz kislota bo'lib, eritmadan gaz holida chiqadi, shuning uchun gaz ajralib chiqadi va reaksiya oxirigacha boradi.",,
gaz-0038,ion-almashinish-gaz,Kaliy sulfidning xlorid kislota bilan reaksiyasi (H₂S ajralishi),yuqori,8-sinf,rules,K2S(aq) 1M + HCl(aq) 2M,,K2S + 2HCl = 2KCl + H2S↑,S²⁻ + 2H⁺ = H2S↑,Palag'da tuxum hidli rangsiz gaz ajraladi.,,H2S,sezilarsiz,bir-zumda,,"Kuchli kislota kuchsiz vodorod sulfid kislotani uning tuzidan siqib chiqaradi. H₂S kuchsiz kislota bo'lib, eritmadan gaz holida chiqadi, shuning uchun gaz ajralib chiqadi va reaksiya oxirigacha boradi.",,
gaz-0039,ion-almashinish-gaz,Natriy sulfidning sirka kislota bilan reaksiyasi (H₂S ajralishi),yuqori,9-sinf,rules,Na2S(aq) 1M + CH3COOH(aq) 2M,,Na2S + 2CH3COOH = 2CH3COONa + H2S↑,S²⁻ + 2CH3COOH = 2CH3COO⁻ + H2S↑,Palag'da tuxum hidli rangsiz gaz ajraladi.,,H2S,sezilarsiz,tez,,"Sirka kislota kuchsiz bo'lsa-da, vodorod sulfid kislotadan kuchliroq, shuning uchun uni tuzidan siqib chiqaradi. H₂S kuchsiz kislota bo'lib, eritmadan gaz holida chiqadi, shuning uchun gaz ajralib chiqadi va reaksiya oxirigacha boradi.",,
gaz-0040,ion-almashinish-gaz,Temir(II) sulfidning xlorid kislota bilan reaksiyasi (H₂S ajralishi),yuqori,9-sinf,rules,FeS(s) kukun + HCl(aq) 2M,,FeS + 2HCl = FeCl2 + H2S↑,FeS + 2H⁺ = Fe²⁺ + H2S↑,Palag'da tuxum hidli rangsiz gaz ajraladi.,,H2S,sezilarsiz,tez,,"Kuchli kislota kuchsiz vodorod sulfid kislotani uning tuzidan siqib chiqaradi. H₂S kuchsiz kislota bo'lib, eritmadan gaz holida chiqadi, shuning uchun gaz ajralib chiqadi va reaksiya oxirigacha boradi. Erimaydigan temir(II) sulfid ham kislotada eriydi.",,
gaz-0041,ion-almashinish-gaz,Temir(II) sulfidning sulfat kislota bilan reaksiyasi (H₂S ajralishi),yuqori,9-sinf,rules,FeS(s) kukun + H2SO4(aq) 2M,,FeS + H2SO4 = FeSO4 + H2S↑,FeS + 2H⁺ = Fe²⁺ + H2S↑,Palag'da tuxum hidli rangsiz gaz ajraladi.,,H2S,sezilarsiz,tez,,"Kuchli kislota kuchsiz vodorod sulfid kislotani uning tuzidan siqib chiqaradi. H₂S kuchsiz kislota bo'lib, eritmadan gaz holida chiqadi, shuning uchun gaz ajralib chiqadi va reaksiya oxirigacha boradi. Erimaydigan temir(II) sulfid ham kislotada eriydi.",,
gaz-0042,ion-almashinish-gaz,Rux sulfidning xlorid kislota bilan reaksiyasi (H₂S ajralishi),yuqori,9-sinf,rules,ZnS(s) kukun + HCl(aq) 2M,,ZnS + 2HCl = ZnCl2 + H2S↑,ZnS + 2H⁺ = Zn²⁺ + H2S↑,Palag'da tuxum hidli rangsiz gaz ajraladi.,,H2S,sezilarsiz,tez,,"Kuchli kislota kuchsiz vodorod sulfid kislotani uning tuzidan siqib chiqaradi. H₂S kuchsiz kislota bo'lib, eritmadan gaz holida chiqadi, shuning uchun gaz ajralib chiqadi va reaksiya oxirigacha boradi. Erimaydigan rux sulfid ham kislotada eriydi.",,
gaz-0044,ion-almashinish-gaz,Ammoniy xloridning natriy gidroksid bilan qizdirilganda ammiak ajralishi,yuqori,9-sinf,rules,NH4Cl(aq) 1M + NaOH(aq) 2M,"qizdirish; ≥60°C; Ammiak qizdirilganda jadal ajraladi.",NH4Cl + NaOH = NaCl + NH3↑ + H2O,NH4⁺ + OH⁻ = NH3↑ + H2O,Qizdirilganda o'tkir (novshadil spirti) hidli gaz ajraladi.,,NH3,sezilarsiz,bir-zumda,,"Ammoniy ioni kuchsiz asos (NH₃) ning kislotasi: kuchli ishqorning OH⁻ ionlari NH₄⁺ dan protonni tortib oladi va NH₃·H₂O hosil bo'ladi. NH₃·H₂O beqaror bo'lib, qizdirilganda NH₃ va H₂O ga parchalanadi. Bu reaksiya ammoniy tuzlarini aniqlashda (NH₄⁺ ioniga sifat reaksiyasi) qo'llaniladi.",,
gaz-0045,ion-almashinish-gaz,Ammoniy xloridning kaliy gidroksid bilan qizdirilganda ammiak ajralishi,yuqori,9-sinf,rules,NH4Cl(aq) 1M + KOH(aq) 2M,"qizdirish; ≥60°C; Ammiak qizdirilganda jadal ajraladi.",NH4Cl + KOH = KCl + NH3↑ + H2O,NH4⁺ + OH⁻ = NH3↑ + H2O,Qizdirilganda o'tkir (novshadil spirti) hidli gaz ajraladi.,,NH3,sezilarsiz,bir-zumda,,"Ammoniy ioni kuchsiz asos (NH₃) ning kislotasi: kuchli ishqorning OH⁻ ionlari NH₄⁺ dan protonni tortib oladi va NH₃·H₂O hosil bo'ladi. NH₃·H₂O beqaror bo'lib, qizdirilganda NH₃ va H₂O ga parchalanadi. Bu reaksiya ammoniy tuzlarini aniqlashda (NH₄⁺ ioniga sifat reaksiyasi) qo'llaniladi.",,
gaz-0046,ion-almashinish-gaz,Ammoniy sulfatning natriy gidroksid bilan qizdirilganda ammiak ajralishi,yuqori,9-sinf,rules,(NH4)2SO4(aq) 1M + NaOH(aq) 2M,"qizdirish; ≥60°C; Ammiak qizdirilganda jadal ajraladi.",(NH4)2SO4 + 2NaOH = Na2SO4 + 2NH3↑ + 2H2O,NH4⁺ + OH⁻ = NH3↑ + H2O,Qizdirilganda o'tkir (novshadil spirti) hidli gaz ajraladi.,,NH3,sezilarsiz,bir-zumda,,"Ammoniy ioni kuchsiz asos (NH₃) ning kislotasi: kuchli ishqorning OH⁻ ionlari NH₄⁺ dan protonni tortib oladi va NH₃·H₂O hosil bo'ladi. NH₃·H₂O beqaror bo'lib, qizdirilganda NH₃ va H₂O ga parchalanadi. Bu reaksiya ammoniy tuzlarini aniqlashda (NH₄⁺ ioniga sifat reaksiyasi) qo'llaniladi.",,
gaz-0047,ion-almashinish-gaz,Ammoniy nitratning natriy gidroksid bilan qizdirilganda ammiak ajralishi,yuqori,9-sinf,rules,NH4NO3(aq) 1M + NaOH(aq) 2M,"qizdirish; ≥60°C; Ammiak qizdirilganda jadal ajraladi.",NH4NO3 + NaOH = NaNO3 + NH3↑ + H2O,NH4⁺ + OH⁻ = NH3↑ + H2O,Qizdirilganda o'tkir (novshadil spirti) hidli gaz ajraladi.,,NH3,sezilarsiz,bir-zumda,,"Ammoniy ioni kuchsiz asos (NH₃) ning kislotasi: kuchli ishqorning OH⁻ ionlari NH₄⁺ dan protonni tortib oladi va NH₃·H₂O hosil bo'ladi. NH₃·H₂O beqaror bo'lib, qizdirilganda NH₃ va H₂O ga parchalanadi. Bu reaksiya ammoniy tuzlarini aniqlashda (NH₄⁺ ioniga sifat reaksiyasi) qo'llaniladi.",,
gaz-0048,ion-almashinish-gaz,Ammoniy sulfatning kaliy gidroksid bilan qizdirilganda ammiak ajralishi,yuqori,9-sinf,rules,(NH4)2SO4(aq) 1M + KOH(aq) 2M,"qizdirish; ≥60°C; Ammiak qizdirilganda jadal ajraladi.",(NH4)2SO4 + 2KOH = K2SO4 + 2NH3↑ + 2H2O,NH4⁺ + OH⁻ = NH3↑ + H2O,Qizdirilganda o'tkir (novshadil spirti) hidli gaz ajraladi.,,NH3,sezilarsiz,bir-zumda,,"Ammoniy ioni kuchsiz asos (NH₃) ning kislotasi: kuchli ishqorning OH⁻ ionlari NH₄⁺ dan protonni tortib oladi va NH₃·H₂O hosil bo'ladi. NH₃·H₂O beqaror bo'lib, qizdirilganda NH₃ va H₂O ga parchalanadi. Bu reaksiya ammoniy tuzlarini aniqlashda (NH₄⁺ ioniga sifat reaksiyasi) qo'llaniladi.",,
gaz-0049,ion-almashinish-gaz,Ammoniy atsetatning natriy gidroksid bilan qizdirilganda ammiak ajralishi,yuqori,9-sinf,rules,CH3COONH4(aq) 1M + NaOH(aq) 2M,"qizdirish; ≥60°C; Ammiak qizdirilganda jadal ajraladi.",CH3COONH4 + NaOH = CH3COONa + NH3↑ + H2O,NH4⁺ + OH⁻ = NH3↑ + H2O,Qizdirilganda o'tkir (novshadil spirti) hidli gaz ajraladi.,,NH3,sezilarsiz,bir-zumda,,"Ammoniy ioni kuchsiz asos (NH₃) ning kislotasi: kuchli ishqorning OH⁻ ionlari NH₄⁺ dan protonni tortib oladi va NH₃·H₂O hosil bo'ladi. NH₃·H₂O beqaror bo'lib, qizdirilganda NH₃ va H₂O ga parchalanadi. Bu reaksiya ammoniy tuzlarini aniqlashda (NH₄⁺ ioniga sifat reaksiyasi) qo'llaniladi.",,
gaz-0050,ion-almashinish-gaz,Ammoniy bromidning kaliy gidroksid bilan qizdirilganda ammiak ajralishi,yuqori,9-sinf,rules,NH4Br(aq) 1M + KOH(aq) 2M,"qizdirish; ≥60°C; Ammiak qizdirilganda jadal ajraladi.",NH4Br + KOH = KBr + NH3↑ + H2O,NH4⁺ + OH⁻ = NH3↑ + H2O,Qizdirilganda o'tkir (novshadil spirti) hidli gaz ajraladi.,,NH3,sezilarsiz,bir-zumda,,"Ammoniy ioni kuchsiz asos (NH₃) ning kislotasi: kuchli ishqorning OH⁻ ionlari NH₄⁺ dan protonni tortib oladi va NH₃·H₂O hosil bo'ladi. NH₃·H₂O beqaror bo'lib, qizdirilganda NH₃ va H₂O ga parchalanadi. Bu reaksiya ammoniy tuzlarini aniqlashda (NH₄⁺ ioniga sifat reaksiyasi) qo'llaniladi.",,
gazolish-0001,gazlar,Vodorodni Kipp apparatida olish va suv ostida yig'ish,yuqori,8-sinf,rules,Zn(s) granula + HCl(aq) 5M,"Rux granulalari Kipp apparatining o'rta sharida, xlorid kislota (taxminan 17% li) yuqori voronkada bo'ladi.",Zn + 2HCl = ZnCl2 + H2↑,Zn + 2H⁺ = Zn²⁺ + H2↑,"Rux granulalari sirtida jadal pufakchalar ajraladi; suv bilan to'ldirilgan probirkadan suvni siqib chiqarib, rangsiz gaz to'planadi.",,H2,ekzotermik,tez,,Rux vodoroddan faol metall bo'lgani uchun oksidlovchi bo'lmagan kislotalardan vodorodni siqib chiqaradi. Kipp apparati gazni kerak paytda olish va jo'mrakni yopib reaksiyani to'xtatish imkonini beradi. Vodorod suvda deyarli erimagani uchun suv ostida yig'iladi.,,
gazolish-0002,gazlar,Vodorodning tozaligini tekshirish (qarsillash sinovi),yuqori,8-sinf,record,H2(g) + O2(g),"yondirish; Og'zi pastga qaratilgan, vodorod to'ldirilgan probirka spirt lampasi alangasiga yaqinlashtiriladi; kislorod — havodagi kislorod.",2H2 + O2 = 2H2O,,"Toza vodorod bo'g'iq ""puq"" tovushi bilan yonadi; havo aralashgan bo'lsa qattiq qarsillaydi. Probirka devorida suv tomchilari paydo bo'ladi.",,,kuchli-ekzotermik,bir-zumda,,"Vodorod kislorod bilan birikib suv hosil qiladi va ko'p issiqlik ajraladi. Havo bilan aralashgan vodorod butun hajmda bir zumda yonib qarsillaydi, shuning uchun vodorodni yondirishdan oldin har doim uning tozaligi shu usulda tekshiriladi.",,
gazolish-0003,gazlar,Vodorodning qizdirilgan mis(II) oksidni qaytarishi,yuqori,8-sinf,record,CuO(s) + H2(g),"qizdirish; ≥200°C; Quruq vodorod qizdirilgan mis(II) oksid ustidan o'tkaziladi; avval apparatdagi havo vodorod bilan siqib chiqariladi.",CuO + H2 = Cu + H2O↑,,"Qora mis(II) oksid qizil-mis rangga kiradi, probirka devorida suv tomchilari to'planadi.",,,ekzotermik,o'rtacha,,"Vodorod qizdirilganda metallarni oksidlaridan qaytaradi, o'zi esa suvgacha oksidlanadi. Mis(II) oksid qora, hosil bo'lgan mis esa qizil rangli bo'lgani uchun reaksiya yaqqol ko'rinadi. Bu usul ba'zi metallarni oksidlaridan olishda qo'llaniladi.",,
gazolish-0004,gazlar,Kislorodni kaliy permanganatni qizdirib olish,yuqori,8-sinf,record,KMnO4(s) kristall,"qizdirish; ≥200°C; Quruq probirkada qizdiriladi; og'ziga paxta tiqiladi.",2KMnO4 = K2MnO4 + MnO2 + O2↑,,"Binafsha kristallar chirsillab qorayadi; naycha uchidan suv ostidagi probirkaga rangsiz gaz pufakchalari o'tadi. Cho'g'langan cho'p gazda alangalanadi.",,O2,endotermik,o'rtacha,,"Kaliy permanganat qizdirilganda parchalanib kislorod ajratadi; bu ichki molekulyar oksidlanish-qaytarilish reaksiyasi. Kislorod suvda kam erigani uchun suv ostida yig'iladi va uni cho'g'langan cho'pning alangalanishidan bilib olinadi.",,
gazolish-0005,gazlar,Vodorod peroksidning marganes(IV) oksid ishtirokida parchalanishi — kislorod olish,yuqori,8-sinf,record,H2O2(aq) 0.88M,"katalizator: MnO2; 3% li vodorod peroksid eritmasiga bir chimdim marganes(IV) oksid kukuni solinadi.",2H2O2 = 2H2O + O2↑,,"Qora kukun qo'shilishi bilan eritma ""qaynab"" ketgandek ko'piklanadi; idish og'ziga tutilgan cho'g'langan cho'p alangalanadi. Qora kukun reaksiyadan keyin o'zgarmay qoladi.",,O2,ekzotermik,tez,,"Vodorod peroksid oddiy sharoitda juda sekin parchalanadi, marganes(IV) oksid esa bu jarayonni keskin tezlashtiradi. MnO₂ reaksiyada sarflanmaydi — u katalizator. Ajralgan kislorod yonishni quvvatlaydi.",,
gazolish-0006,gazlar,Kislorodni kaliy xloratni marganes(IV) oksid ishtirokida qizdirib olish,yuqori,8-sinf,record,KClO3(s) kristall,"qizdirish; ≥200°C; katalizator: MnO2; Bertolle tuziga katalizator sifatida oz miqdorda MnO₂ aralashtiriladi (ezmasdan, qog'oz ustida ehtiyotkorlik bilan).",2KClO3 = 2KCl + 3O2↑,,"Qizdirilganda aralashma suyuqlanib, rangsiz gaz jadal ajraladi; cho'g'langan cho'p yig'ilgan gazda yorqin alangalanadi.",,O2,ekzotermik,o'rtacha,,Kaliy xlorat qizdirilganda kaliy xlorid va kislorodga parchalanadi. MnO₂ katalizator sifatida parchalanishni ancha past haroratda ketkazadi va o'zi sarflanmaydi. Bu kislorod olishning klassik laboratoriya usuli.,,
gazolish-0007,gazlar,Cho'g'langan cho'pning kislorodda alangalanishi,yuqori,8-sinf,record,C(s) bo'lak + O2(g),"yondirish; Cho'g'langan (alangasiz cho'g'lanib turgan) yog'och cho'p kislorodli idishga tushiriladi.",C + O2 = CO2,,Kislorodli idishga tushirilgan cho'g'langan cho'p birdan yorqin alanga bilan yonib ketadi.,,CO2,kuchli-ekzotermik,bir-zumda,,Kislorod yonishni quvvatlaydi: toza kislorodda moddalar havodagiga qaraganda ancha shiddatli yonadi. Cho'g'langan cho'pning alangalanishi kislorodni aniqlashning oddiy sifat usulidir.,,
gazolish-0008,gazlar,Temir simning kislorodda yonishi,yuqori,8-sinf,record,Fe(s) sim + O2(g),"yondirish; Po'lat sim uchiga cho'g'langan gugurt cho'pi bog'lanib, tubiga qum yoki suv solingan kislorodli silindrga tushiriladi.",3Fe + 2O2 = Fe3O4,,"Temir sim ko'zni qamashtiruvchi uchqunlar sochib yonadi; silindr tubiga qora-qo'ng'ir temir kuyindisi tomchilari tushadi.",,,kuchli-ekzotermik,tez,,"Havoda yonmaydigan temir toza kislorodda shiddat bilan yonib, temir kuyindisi Fe₃O₄ ni hosil qiladi. Bu reaksiya kislorodning havoga nisbatan ancha kuchli oksidlovchi muhit yaratishini ko'rsatadi.",,
gazolish-0009,gazlar,Karbonat angidridni Kipp apparatida olish va havoni siqib chiqarib yig'ish,yuqori,8-sinf,rules,CaCO3(s) bo'lak + HCl(aq) 3M,"Marmar bo'laklari Kipp apparatining o'rta sharida, xlorid kislota (taxminan 10% li) yuqori voronkada.",CaCO3 + 2HCl = CaCl2 + CO2↑ + H2O,CaCO3 + 2H⁺ = Ca²⁺ + CO2↑ + H2O,"Marmar bo'laklari sirtida jadal pufakchalar ajraladi; silindr og'ziga tutilgan yonib turgan cho'p o'chsa — idish gazga to'lgan.",,CO2,sezilarsiz,tez,,"Karbonatlar kuchli kislotalar ta'sirida parchalanib CO₂ ajratadi. Sulfat kislota ishlatilmaydi, chunki kam eriydigan CaSO₄ marmar sirtini qoplab, reaksiyani to'xtatadi. CO₂ havodan og'ir bo'lgani uchun og'zi yuqoriga qaratilgan idishda yig'iladi.",,
gazolish-0010,gazlar,Karbonat angidridni ohakli suv yordamida aniqlash,yuqori,8-sinf,rules,CO2(g) + Ca(OH)2(aq) 0.02M,CO₂ tiniq ohakli suv orqali qisqa vaqt o'tkaziladi.,CO2 + Ca(OH)2 = CaCO3↓ + H2O,CO2 + Ca²⁺ + 2OH⁻ = CaCO3↓ + H2O,Tiniq ohakli suv loyqalanadi — oq kalsiy karbonat cho'kmasi hosil bo'ladi.,CaCO3 #f6f6f2 mayda-kristall,,sezilarsiz,tez,,"Ohakli suvning loyqalanishi CO₂ ga xos sifat reaksiyadir: kalsiy gidroksid eritmasi bilan suvda erimaydigan oq kalsiy karbonat hosil bo'ladi. Boshqa rangsiz yonmaydigan gazlar (masalan, azot) bu o'zgarishni bermaydi.",,
gazolish-0011,gazlar,Ortiqcha karbonat angidridda kalsiy karbonat cho'kmasining erishi,yuqori,9-sinf,rules,CaCO3(s) kukun + CO2(g) + H2O(l),Oldingi tajribada hosil bo'lgan loyqa eritma orqali CO₂ uzoq vaqt o'tkaziladi.,CaCO3 + CO2 + H2O = Ca(HCO3)2,CaCO3 + CO2 + H2O = Ca²⁺ + 2HCO3⁻,CO₂ uzoq o'tkazilganda loyqa eritma asta-sekin yana tiniqlashadi.,,,sezilarsiz,sekin,,"Kalsiy karbonat suvda erimaydi, lekin ortiqcha CO₂ bilan eruvchan kalsiy gidrokarbonatga aylanadi. Tabiatda ohaktoshlarning erishi va suvning vaqtinchalik qattiqligi shu reaksiya bilan bog'liq; qaynatilganda gidrokarbonat yana CaCO₃ ga parchalanadi.",,
gazolish-0012,gazlar,Karbonat angidridning yonishni quvvatlamasligi va havodan og'irligi,yuqori,8-sinf,rules,CO2(g),Ichida turli balandlikdagi yonib turgan shamlar bo'lgan stakanga CO₂ silindrdan ehtiyotkorlik bilan quyiladi.,,,"CO₂ ""quyilganda"" pastki sham birinchi, so'ng yuqoridagisi o'chadi.",,,sezilarsiz,tez,,"CO₂ havodan og'ir va yonishni quvvatlamaydi, shuning uchun u idish tubidan boshlab to'planib, alangani kisloroddan ajratib qo'yadi. Bu xossa o't o'chirgichlarda qo'llaniladi.",,
gazolish-0013,gazlar,Magniyning karbonat angidridda yonishi,yuqori,9-sinf,record,Mg(s) lenta + CO2(g),"yondirish; Havoda yondirilgan magniy lentasi tigel qisqichida CO₂ to'ldirilgan silindrga tushiriladi.",2Mg + CO2 = 2MgO + C,,"Yonayotgan magniy CO₂ da o'chmaydi, yorqin oq alanga bilan yonishda davom etadi; silindr devorlarida oq kukun (MgO) va qora qurum (uglerod) dog'lari qoladi.",,,kuchli-ekzotermik,tez,,"CO₂ odatda yonishni quvvatlamaydi, ammo magniy kabi juda faol metallar undagi kislorodni tortib olib yonishda davom etadi va uglerodni erkin holda ajratadi. Shuning uchun yonayotgan magniyni karbonat angidridli o't o'chirgich bilan o'chirib bo'lmaydi.",,
gazolish-0014,gazlar,Ammiakni ammoniy xlorid va kalsiy gidroksid aralashmasini qizdirib olish,yuqori,9-sinf,record,NH4Cl(s) kukun + Ca(OH)2(s) kukun,"qizdirish; ≥100°C; Quruq tuzlar aralashmasi og'zi biroz pastga qaratilgan probirkada qizdiriladi.",2NH4Cl + Ca(OH)2 = CaCl2 + 2NH3↑ + 2H2O↑,,"O'tkir novshadil hidli gaz ajraladi; to'ntarilgan probirka og'ziga tutilgan ho'l qizil lakmus qog'ozi ko'karadi.",,NH3,endotermik,o'rtacha,,Ammoniy tuzlari ishqorlar bilan qizdirilganda ammiak ajratadi — bu ammiakni laboratoriyada olishning asosiy usuli. Ammiak havodan yengil va suvda juda yaxshi erigani uchun og'zi pastga qaratilgan idishda yig'iladi.,,
gazolish-0015,gazlar,"Ammiak va vodorod xloridning o'zaro ta'siri — ""tutunsiz olovdan tutun""",yuqori,9-sinf,record,NH3(g) + HCl(g),"≤300°C; Konsentrlangan ammiakli suv va konsentrlangan xlorid kislota bilan ho'llangan ikki shisha tayoqcha bir-biriga yaqinlashtiriladi (yoki ikki gaz silindri og'izma-og'iz qo'yiladi).",NH3 + HCl = NH4Cl,,Gazlar uchrashgan joyda zich oq tutun (ammoniy xloridning mayda kristallari) paydo bo'ladi.,,,ekzotermik,bir-zumda,,"Ammiak asos xossasiga ega: azot atomining bo'linmagan elektron jufti hisobiga protonni biriktirib ammoniy ionini hosil qiladi. Gaz holidagi ammiak va vodorod xlorid to'g'ridan-to'g'ri qattiq ammoniy xloridga aylanadi, shuning uchun havoda oq tutun ko'rinadi. Bu reaksiya ammiak yoki HCl ni aniqlashda ham qo'llaniladi.",,
gazolish-0016,gazlar,"Ammiakning suvda juda yaxshi erishi — ""favvora"" tajribasi",yuqori,9-sinf,rules,NH3(g) + H2O(l) + C20H14O4(aq) 0.003M,"Quruq ammiak to'ldirilgan kolba uchi ingichkalashgan naychali tiqin bilan yopilib, fenolftaleinli suvga to'ntariladi.",,,Kolbaga suv favvora bo'lib otilib kiradi va darhol pushti-qizil rangga bo'yaladi.,,,sezilarsiz,bir-zumda,,"Ammiak suvda juda yaxshi eriydi, shuning uchun kolbaga kiritilgan oz miqdordagi suv ham gaz bosimini keskin pasaytiradi va suv favvora bo'lib otiladi. Ammiakning suvdagi eritmasi kuchsiz asos xossasini namoyon qiladi va fenolftaleinni pushti-qizil rangga bo'yaydi.",,
gazolish-0017,gazlar,Ammiakning qizdirilgan mis(II) oksidni qaytarishi,yuqori,9-sinf,record,CuO(s) kukun + NH3(g),"qizdirish; ≥300°C; Quruq ammiak qizdirilgan mis(II) oksid ustidan o'tkaziladi.",3CuO + 2NH3 = 3Cu + N2↑ + 3H2O↑,,"Qora mis(II) oksid qizil misga aylanadi, naychaning sovuq qismida suv tomchilari paydo bo'ladi.",,N2,ekzotermik,o'rtacha,,"Ammiak tarkibidagi azot −3 oksidlanish darajasida bo'lib, kuchli qaytaruvchi xossaga ega. Qizdirilganda u mis(II) oksidni metall misgacha qaytaradi, o'zi esa erkin azotga oksidlanadi.",,
gazolish-0019,gazlar,Vodorod xloridni osh tuzi va konsentrlangan sulfat kislotadan olish,yuqori,9-sinf,record,NaCl(s) kristall + H2SO4(aq) 18M ≥16M,"Quruq osh tuziga konsentrlangan sulfat kislota quyiladi; gaz xona haroratida ajraladi, oxirida kuchsiz qizdirib tezlashtiriladi (kuchsiz qizdirishda nordon tuz hosil bo'ladi).",NaCl + H2SO4 = NaHSO4 + HCl↑,Cl⁻ + H2SO4 = HSO4⁻ + HCl↑,"Rangsiz o'tkir hidli gaz ajraladi; u nam havoda oq ""tuman"" hosil qiladi va ho'l ko'k lakmus qog'ozini qizartiradi.",,HCl,sezilarsiz,tez,,"Uchuvchan bo'lmagan konsentrlangan sulfat kislota uchuvchan kislotalarni ularning tuzlaridan siqib chiqaradi. Osh tuzidan shu usulda vodorod xlorid olinadi; uning suvdagi eritmasi xlorid kislotadir.",,
gazolish-0020,gazlar,Vodorod xloridning suvda erishi va xlorid kislota hosil bo'lishi (lakmus bilan),yuqori,9-sinf,rules,HCl(g) + H2O(l) + lakmus(aq),Quruq HCl to'ldirilgan kolba lakmusli suvga to'ntariladi (favvora tajribasi) yoki gaz lakmusli suv orqali o'tkaziladi.,HCl = H⁺ + Cl⁻,HCl = H⁺ + Cl⁻,Lakmusli suv kolbaga favvora bo'lib otiladi va qizil rangga kiradi.,,,ekzotermik,bir-zumda,,Vodorod xlorid suvda juda yaxshi eriydi (1 hajm suvda ~500 hajm) va to'liq dissotsilanib kuchli xlorid kislotani hosil qiladi. Shuning uchun favvora hosil bo'ladi va lakmus qizaradi.,,
gazolish-0021,gazlar,Xlorni kaliy permanganat va konsentrlangan xlorid kislotadan olish,yuqori,9-sinf,record,KMnO4(s) kristall + HCl(aq) 11.6M ≥6M,"Kaliy permanganat kristallariga tomchi voronkadan konsentrlangan xlorid kislota tomiziladi; qizdirish shart emas.",2KMnO4 + 16HCl = 2KCl + 2MnCl2 + 5Cl2↑ + 8H2O,2MnO4⁻ + 16H⁺ + 10Cl⁻ = 2Mn²⁺ + 5Cl2↑ + 8H2O,"Kristallar ustida sarg'ish-yashil, bo'g'uvchi hidli gaz ajraladi va idishni to'ldiradi; binafsha rang yo'qoladi.",,Cl2 #cfd65a,ekzotermik,tez,,"Kuchli oksidlovchilar (KMnO₄, MnO₂) konsentrlangan xlorid kislotadagi xlorid ionlarini erkin xlorgacha oksidlaydi. Kaliy permanganat bilan reaksiya qizdirmasdan ketadi. Xlor havodan og'ir bo'lgani uchun og'zi yuqoriga qaratilgan idishda yig'iladi.",,
gazolish-0022,gazlar,Xlorni marganes(IV) oksid va konsentrlangan xlorid kislotadan olish,yuqori,9-sinf,record,MnO2(s) kukun + HCl(aq) 11.6M ≥6M,"qizdirish; ≥60°C; Aralashma kuchsiz qizdiriladi; sovuqda reaksiya juda sekin ketadi.",MnO2 + 4HCl = MnCl2 + Cl2↑ + 2H2O,MnO2 + 4H⁺ + 2Cl⁻ = Mn²⁺ + Cl2↑ + 2H2O,"Qora kukun asta-sekin eriydi, sarg'ish-yashil bo'g'uvchi hidli gaz ajraladi.",,Cl2 #cfd65a,endotermik,o'rtacha,,"Marganes(IV) oksid qizdirilganda konsentrlangan xlorid kislotani xlorgacha oksidlaydi. Bu Sheele tomonidan xlorni birinchi marta olish usuli bo'lib, hozir ham laboratoriyada qo'llaniladi.",,
gazolish-0023,gazlar,Xlorning kaliy yodid eritmasidan yodni siqib chiqarishi,yuqori,9-sinf,record,Cl2(g) + KI(aq) 0.1M,Xlor kaliy yodid eritmasi orqali qisqa vaqt o'tkaziladi (yoki ho'llangan yodkraxmal qog'oz xlorli idish og'ziga tutiladi).,Cl2 + 2KI = 2KCl + I2,Cl2 + 2I⁻ = 2Cl⁻ + I2,"Rangsiz kaliy yodid eritmasi sariq-qo'ng'ir rangga kiradi; yodkraxmal qog'ozi ko'karadi.",,,sezilarsiz,bir-zumda,,"Galogenlarning oksidlovchilik faolligi ftordan yodga qarab kamayadi, shuning uchun xlor yodid ionlarini erkin yodgacha oksidlaydi. Ho'llangan yodkraxmal qog'ozining ko'karishi xlorni aniqlashning sezgir usulidir.",,
gazolish-0024,gazlar,Mis simning xlorda yonishi,yuqori,9-sinf,record,Cu(s) sim + Cl2(g),"qizdirish; ≥300°C; Qizdirilgan mis sim (yoki yupqa mis folga) xlor to'ldirilgan silindrga tushiriladi.",Cu + Cl2 = CuCl2,,"Qizigan mis xlorda cho'g'lanib yonadi, silindr qo'ng'ir-sariq tutun bilan to'ladi; suv qo'shilganda ko'kimtir-yashil eritma hosil bo'ladi.",,,kuchli-ekzotermik,tez,,"Xlor kuchli oksidlovchi bo'lib, ko'pchilik metallar bilan bevosita birikadi. Qizdirilgan mis xlorda yonib mis(II) xloridni hosil qiladi; uning suvdagi eritmasi ko'kimtir-yashil rangli bo'ladi.",,
gazolish-0025,gazlar,Oltingugurt(IV) oksidni natriy sulfitdan olish,yuqori,9-sinf,rules,Na2SO3(s) kristall + H2SO4(aq) 9M,Natriy sulfit kristallariga (1:1) suyultirilgan sulfat kislota tomiziladi.,Na2SO3 + H2SO4 = Na2SO4 + SO2↑ + H2O,SO3²⁻ + 2H⁺ = SO2↑ + H2O,"Kristallar ustida o'tkir, yongan gugurt hidini eslatuvchi rangsiz gaz ajraladi.",,SO2,sezilarsiz,tez,,"Sulfitlar kuchli kislotalar ta'sirida SO₂ ajratadi, chunki hosil bo'lgan sulfit kislota beqaror. Bu SO₂ ni laboratoriyada olishning qulay usuli. SO₂ havodan og'ir va suvda yaxshi erigani uchun og'zi yuqoriga qaratilgan idishda yig'iladi.",,
gazolish-0026,gazlar,Oltingugurt(IV) oksidning kaliy permanganat eritmasini rangsizlantirishi,yuqori,9-sinf,record,SO2(g) + KMnO4(aq) 0.02M + H2SO4(aq) 1M,"muhit: kislotali; SO₂ sulfat kislota bilan kislotalangan och binafsha KMnO₄ eritmasi orqali o'tkaziladi.",5SO2 + 2KMnO4 + 2H2O = K2SO4 + 2MnSO4 + 2H2SO4,5H2SO3 + 2MnO4⁻ = 2Mn²⁺ + 5SO4²⁻ + 4H⁺ + 3H2O,Binafsha rangli eritma SO₂ o'tkazilganda tezda rangsizlanadi.,,,sezilarsiz,tez,,Oltingugurt(IV) oksiddagi oltingugurt oraliq oksidlanish darajasida (+4) bo'lgani uchun kuchli oksidlovchilar ta'sirida qaytaruvchi bo'ladi. Permanganatning rangsizlanishi SO₂ ni aniqlashda ham qo'llaniladi (CO₂ bu rangni yo'qotmaydi).,,
gazolish-0027,gazlar,Oltingugurt(IV) oksidning bromli suvni rangsizlantirishi,yuqori,9-sinf,record,SO2(g) + bromli-suv(aq),"muhit: kislotali; SO₂ sariq-qo'ng'ir bromli suv orqali o'tkaziladi.",SO2 + Br2 + 2H2O = H2SO4 + 2HBr,H2SO3 + Br2 + H2O = 4H⁺ + SO4²⁻ + 2Br⁻,Sariq-qo'ng'ir bromli suv SO₂ o'tkazilganda rangsizlanadi.,,,sezilarsiz,tez,,"SO₂ qaytaruvchi sifatida bromni bromid ionlarigacha qaytaradi, o'zi sulfat kislotagacha oksidlanadi. Eritmada sulfat ioni paydo bo'lganini BaCl₂ bilan oq cho'kma hosil bo'lishidan bilish mumkin.",,
gazolish-0028,gazlar,Oltingugurt(IV) oksidning suvda erishi va sulfit kislota hosil bo'lishi,yuqori,9-sinf,rules,SO2(g) + H2O(l) + lakmus(aq),SO₂ to'ldirilgan probirka lakmusli suvga to'ntariladi yoki gaz suv orqali o'tkaziladi.,SO2 + H2O ⇄ H2SO3,,"SO₂ li probirkada suv sathi tez ko'tariladi, lakmus qizil rangga kiradi.",,,sezilarsiz,tez,,Oltingugurt(IV) oksid kislotali oksid: suvda yaxshi erib sulfit kislota hosil qiladi. Shu sababli suv probirkaga ko'tariladi va lakmus qizaradi. Atmosferaga chiqarilgan SO₂ kislotali yomg'irlarning sabablaridan biri.,,
gazolish-0029,gazlar,Oltingugurt(IV) oksid va vodorod sulfidning o'zaro ta'siri,yuqori,9-sinf,record,SO2(g) + H2S(g) + H2O(l),"muhit: kislotali; Ikkala gaz ozgina suv solingan idishda aralashtiriladi (yoki ichi ho'llangan ikki silindr og'izma-og'iz qo'yiladi).",SO2 + 2H2S = 3S↓ + 2H2O,H2SO3 + 2H2S = 3S↓ + 3H2O,Idish devorlarida va suvda sariq oltingugurt cho'kmasi (loyqalik) paydo bo'ladi.,S #f2dc3a mayda-kristall,,ekzotermik,tez,,"Bitta elementning turli oksidlanish darajalaridagi birikmalari o'zaro reaksiyaga kirishib, oraliq oksidlanish darajasidagi moddani hosil qilishi mumkin (sinproporsiyalanish). SO₂ da oltingugurt +4, H₂S da −2 bo'lib, ikkalasi ham erkin oltingugurtga aylanadi. Tabiatda vulqon gazlaridan oltingugurt hosil bo'lishi shu reaksiya bilan bog'liq.",,
gazolish-0030,gazlar,Vodorod sulfidni temir(II) sulfid va xlorid kislotadan olish,yuqori,9-sinf,rules,FeS(s) bo'lak + HCl(aq) 2M,Temir(II) sulfid bo'laklari Kipp apparatida yoki gaz chiqarish naychali probirkada suyultirilgan xlorid kislota bilan ta'sirlashtiriladi.,FeS + 2HCl = FeCl2 + H2S↑,FeS + 2H⁺ = Fe²⁺ + H2S↑,"Qora bo'laklar sirtida pufakchalar ajraladi, palag'da tuxum hidi seziladi; gazga tutilgan qo'rg'oshin atsetatli qog'oz qorayadi.",,H2S,sezilarsiz,o'rtacha,,Kuchli kislotalar metall sulfidlarini parchalab vodorod sulfid ajratadi. H₂S kuchsiz kislota bo'lgani uchun xlorid kislota uni tuzidan siqib chiqaradi. Gazni qo'rg'oshin tuzi bilan ho'llangan qog'ozning qorayishidan oson aniqlash mumkin.,,
gazolish-0031,gazlar,Vodorod sulfidni qo'rg'oshin(II) atsetat yordamida aniqlash,yuqori,9-sinf,rules,H2S(g) + (CH3COO)2Pb(aq) 0.1M,H₂S qo'rg'oshin(II) atsetat eritmasi orqali o'tkaziladi yoki shu eritmaga ho'llangan qog'oz gazga tutiladi.,H2S + (CH3COO)2Pb = PbS↓ + 2CH3COOH,H2S + Pb²⁺ + 2CH3COO⁻ = PbS↓ + 2CH3COOH,"Rangsiz eritmada qora cho'kma hosil bo'ladi; ho'l qo'rg'oshin atsetatli qog'oz qorayadi.",PbS #151515 kukunsimon,,sezilarsiz,bir-zumda,,Qo'rg'oshin(II) ionlari sulfid ionlari bilan suvda va kislotalarda erimaydigan qora qo'rg'oshin sulfidni hosil qiladi. Shuning uchun qo'rg'oshin atsetatli qog'oz vodorod sulfidni juda kam miqdorda ham sezadi.,,
gazolish-0032,gazlar,Vodorod sulfidning mis(II) sulfat eritmasi bilan reaksiyasi,yuqori,9-sinf,rules,H2S(g) + CuSO4(aq) 0.1M,H₂S ko'k mis(II) sulfat eritmasi orqali o'tkaziladi.,H2S + CuSO4 = CuS↓ + H2SO4,H2S + Cu²⁺ = CuS↓ + 2H⁺,"Ko'k eritmada qora cho'kma hosil bo'ladi, ko'k rang asta-sekin yo'qoladi.",CuS #151515 kukunsimon,,sezilarsiz,bir-zumda,,"Odatda kuchsiz kislota kuchli kislotani tuzidan siqib chiqara olmaydi. Ammo CuS shunchalik kam eriydiki, H₂S mis(II) sulfatdan sulfat kislota hosil qilib, qora cho'kma beradi. Bu ""kuchsiz kislota kuchli kislotani siqib chiqarmaydi"" qoidasidan istisno.",,
gazolish-0033,gazlar,Vodorod sulfidning havoda to'liq yonishi,yuqori,9-sinf,record,H2S(g) + O2(g),"yondirish; Gaz chiqarish naychasi uchida (kislorod yetarli bo'lganda) yondiriladi.",2H2S + 3O2 = 2SO2 + 2H2O,,"H₂S ko'kimtir alanga bilan yonadi va o'tkir SO₂ hidi paydo bo'ladi; alangaga tutilgan sovuq chinni kosachada sariq oltingugurt dog'i qolishi mumkin.",,SO2,kuchli-ekzotermik,tez,,"Vodorod sulfid yonuvchi gaz: kislorod yetarli bo'lganda SO₂ va suvgacha yonadi, kislorod yetishmaganda esa erkin oltingugurt ajraladi. Bu H₂S tarkibidagi oltingugurtning qaytaruvchi xossasini ko'rsatadi.",,
gazolish-0034,gazlar,Azot(II) oksidni mis va suyultirilgan nitrat kislotadan olish,yuqori,9-sinf,record,Cu(s) qirindi + HNO3(aq) 5M,"Mis qirindisiga taxminan 30% li nitrat kislota quyiladi; ajralgan gaz suv ostida yig'iladi.",3Cu + 8HNO3 = 3Cu(NO3)2 + 2NO↑ + 4H2O,3Cu + 8H⁺ + 2NO3⁻ = 3Cu²⁺ + 2NO↑ + 4H2O,"Mis eriydi, eritma ko'karadi; rangsiz gaz ajraladi, u kolba ichidagi havo bilan uchrashgan joyda qo'ng'ir tusga kiradi, suv ostida yig'ilgan gaz esa rangsiz.",,NO,ekzotermik,o'rtacha,,"Nitrat kislota metallar bilan reaksiyada vodorod ajratmaydi: oksidlovchi nitrat ionidir. Suyultirilgan kislota mis bilan rangsiz NO ni hosil qiladi; u havoda darhol qo'ng'ir NO₂ ga aylanadi, shuning uchun suv ostida yig'iladi.",,
gazolish-0035,gazlar,Azot(II) oksidning havoda azot(IV) oksidga oksidlanishi,yuqori,9-sinf,record,NO(g) + O2(g),"≤150°C; Suv ostida yig'ilgan NO li probirka havoga ochiladi yoki unga kislorod kiritiladi.",2NO + O2 = 2NO2,,Rangsiz gaz havo bilan uchrashganda bir zumda qo'ng'ir rangga kiradi.,,NO2 #a8461c,ekzotermik,bir-zumda,,"Azot(II) oksid havoda oddiy sharoitda o'z-o'zidan kislorod bilan birikib qo'ng'ir azot(IV) oksidni hosil qiladi. Bu reaksiya NO ni aniqlash belgisi bo'lib, nitrat kislota ishlab chiqarish bosqichlaridan biridir.",,
gazolish-0036,gazlar,Azot(IV) oksidni mis va konsentrlangan nitrat kislotadan olish,yuqori,9-sinf,record,Cu(s) qirindi + HNO3(aq) 14.4M ≥12M,"Mis qirindisiga konsentrlangan nitrat kislota quyiladi; reaksiya qizdirmasdan shiddatli boradi.",Cu + 4HNO3 = Cu(NO3)2 + 2NO2↑ + 2H2O,Cu + 4H⁺ + 2NO3⁻ = Cu²⁺ + 2NO2↑ + 2H2O,"Mis shiddat bilan eriydi, qo'ng'ir ""tulki dumi"" gazi ajraladi, eritma yashil-ko'k rangga kiradi.",,NO2 #a8461c,ekzotermik,tez,,"Konsentrlangan nitrat kislota mis bilan reaksiyada asosan NO₂ ni hosil qiladi, suyultirilgan kislota esa NO ni. Mahsulot kislota konsentratsiyasiga bog'liqligi nitrat kislotaning o'ziga xos xossasidir.",,
gazolish-0037,gazlar,Azot(IV) oksidning kislorod ishtirokida suvda yutilishi — nitrat kislota hosil bo'lishi,yuqori,9-sinf,record,NO2(g) + O2(g) + H2O(l) + lakmus(aq),NO₂ to'ldirilgan silindr lakmusli suvga to'ntariladi va unga oz-ozdan kislorod kiritiladi.,4NO2 + O2 + 2H2O = 4HNO3,4NO2 + O2 + 2H2O = 4H⁺ + 4NO3⁻,"Silindrdagi qo'ng'ir rang yo'qoladi, suv silindrga ko'tariladi, lakmus qizil rangga kiradi.",,,ekzotermik,o'rtacha,,"Azot(IV) oksid kislorod ishtirokida suv bilan to'liq reaksiyaga kirishib nitrat kislota hosil qiladi. Sanoatda nitrat kislota aynan shu bosqich orqali olinadi; atmosferada esa bu reaksiya kislotali yomg'irlarga sabab bo'ladi.",,
gazolish-0038,gazlar,Metanni natriy atsetat va natronli ohakdan olish,yuqori,10-sinf,record,CH3COONa(s) kukun + NaOH(s) kukun,"qizdirish; ≥300°C; Suvsiz natriy atsetat natronli ohak (NaOH va CaO aralashmasi) bilan aralashtirilib kuchli qizdiriladi.",CH3COONa + NaOH = CH4↑ + Na2CO3,,"Kuchli qizdirilganda rangsiz, hidsiz gaz ajraladi; u suv ostida yig'iladi va havorang alanga bilan yonadi.",,CH4,endotermik,o'rtacha,,"Karbon kislotalar tuzlari ishqorlar bilan qattiq qizdirilganda dekarboksillanib, bitta uglerod atomi kam bo'lgan alkan hosil qiladi. Natriy atsetatdan shu usulda metan olinadi. Natronli ohakdagi CaO ishqorni quruq saqlaydi va shishani yemirilishdan himoya qiladi.",,
gazolish-0039,gazlar,Metanning yonishi va yonish mahsulotlarini aniqlash,yuqori,10-sinf,record,CH4(g) + O2(g),"yondirish; Tozaligi tekshirilgan metan naycha uchida yondiriladi; alanga ustiga quruq stakan, so'ng ohakli suv bilan chayilgan stakan tutiladi.",CH4 + 2O2 = CO2 + 2H2O,,"Metan och havorang alanga bilan tutunsiz yonadi; sovuq stakan devori terlaydi, ohakli suv bilan chayilgan stakan devori loyqalanadi.",,CO2,kuchli-ekzotermik,tez,,"Metan to'liq yonganda uglerod(IV) oksid va suv hosil bo'ladi. Suv bug'i sovuq stakanda kondensatlanadi, CO₂ esa ohakli suvni loyqalaydi. Uglerod miqdori kam bo'lgani uchun alanga tutunsiz va kam yorug'.",,
gazolish-0040,gazlar,Metanning kaliy permanganat eritmasini rangsizlantirmasligi,yuqori,10-sinf,record,CH4(g) + KMnO4(aq) 0.02M,Metan suyultirilgan KMnO₄ eritmasi orqali o'tkaziladi.,,,"Gaz eritma orqali o'tib ketadi, binafsha rang o'zgarmaydi.",,,sezilarsiz,bir-zumda,ha,"Alkanlar to'yingan uglevodorodlar bo'lib, oddiy sharoitda kuchli oksidlovchilar bilan ham reaksiyaga kirishmaydi. Shuning uchun metan permanganat va bromli suvni rangsizlantirmaydi — bu xossa uni to'yinmagan uglevodorodlardan farqlashga imkon beradi.",,
gazolish-0041,gazlar,Etilenni etil spirtini konsentrlangan sulfat kislota bilan qizdirib olish,yuqori,10-sinf,record,C2H5OH(l) + H2SO4(aq) 18M ≥12M,"qizdirish; ≥170°C; katalizator: H2SO4; Spirt va konsentrlangan sulfat kislota (1:3) aralashmasi qaynash toshchalari bilan 170 °C dan yuqori qizdiriladi.",C2H5OH → CH2=CH2↑ + H2O,,"Aralashma qorayadi, rangsiz gaz ajraladi; u bromli suv va KMnO₄ eritmasini rangsizlantiradi.",,CH2=CH2,endotermik,o'rtacha,,"Konsentrlangan sulfat kislota suvni tortib oluvchi modda sifatida 170 °C dan yuqorida etil spirtidan suv molekulasini ajratib, etilen hosil qiladi. Etilen to'yinmagan uglevodorod bo'lgani uchun bromli suv va permanganatni rangsizlantiradi.",,
gazolish-0042,gazlar,Etilenning yonishi,yuqori,10-sinf,record,CH2=CH2(g) + O2(g),"yondirish; Tozaligi tekshirilgan etilen naycha uchida yondiriladi.",CH2=CH2 + 3O2 → 2CO2 + 2H2O,,Etilen metandan farqli ravishda yorug' sariq alanga bilan yonadi.,,CO2,kuchli-ekzotermik,tez,,Etilen to'liq yonganda CO₂ va suv hosil bo'ladi. Molekulasida uglerod ulushi metandagidan katta bo'lgani uchun alangasi yorug'roq bo'ladi.,,
gazolish-0043,gazlar,Atsetilenni kalsiy karbid va suvdan olish,yuqori,10-sinf,record,CaC2(s) bo'lak + H2O(l),"Kalsiy karbid bo'laklariga tomchi voronkadan suv tomiziladi; reaksiya qizdirmasdan boradi.",CaC2 + 2H2O = Ca(OH)2 + CH≡CH↑,,"Karbid bo'laklari ko'piklanib, shiddat bilan gaz ajratadi; idishda oq loyqa (kalsiy gidroksid) hosil bo'ladi.",,CH≡CH,ekzotermik,tez,,Kalsiy karbid suv bilan reaksiyaga kirishib atsetilen va kalsiy gidroksid hosil qiladi. Suv tomchilab qo'shilganda reaksiya tezligini boshqarish oson. Bu atsetilenni laboratoriyada va sanoatda olishning asosiy usullaridan biri.,,
gazolish-0044,gazlar,Atsetilenning tutunli alanga bilan yonishi,yuqori,10-sinf,record,CH≡CH(g) + O2(g),"yondirish; Tozaligi tekshirilgan atsetilen naycha uchida havoda yondiriladi.",2CH≡CH + 5O2 → 4CO2 + 2H2O,,"Atsetilen havoda juda yorqin, qurumli tutun chiqaruvchi alanga bilan yonadi.",,CO2,kuchli-ekzotermik,tez,,Atsetilen molekulasida uglerod ulushi juda katta bo'lgani uchun havoda to'liq yonib ulgurmaydi va tutun chiqaradi. Kislorodda yonganda esa juda yuqori harorat hosil bo'ladi — bu metallarni payvandlash va kesishda qo'llaniladi.,,
gidroliz-0001,gidroliz-indikatorlar,Natriy karbonat eritmasining gidrolizi (muhitni indikator bilan aniqlash),yuqori,9-sinf,rules,Na2CO3(aq) 0.1M + universal-indikator(aq),,Na2CO3 + H2O ⇄ NaHCO3 + NaOH,CO3²⁻ + H2O ⇄ HCO3⁻ + OH⁻,Universal indikator binafsha rangga kiradi — muhit ishqoriy.,,,sezilarsiz,bir-zumda,,"Natriy karbonat kuchli asos va kuchsiz kislotadan hosil bo'lgan tuz. Kuchsiz kislota qoldig'i — CO₃²⁻ ioni suv molekulasidan proton tortib oladi, eritmada OH⁻ ionlari ortiqcha bo'lib qoladi — muhit ishqoriy. Gidroliz qaytar va asosan birinchi bosqichda boradi.",,
gidroliz-0002,gidroliz-indikatorlar,Kaliy karbonat eritmasining gidrolizi (muhitni indikator bilan aniqlash),yuqori,9-sinf,rules,K2CO3(aq) 0.1M + universal-indikator(aq),,K2CO3 + H2O ⇄ KHCO3 + KOH,CO3²⁻ + H2O ⇄ HCO3⁻ + OH⁻,Universal indikator binafsha rangga kiradi — muhit ishqoriy.,,,sezilarsiz,bir-zumda,,"Kaliy karbonat kuchli asos va kuchsiz kislotadan hosil bo'lgan tuz. Kuchsiz kislota qoldig'i — CO₃²⁻ ioni suv molekulasidan proton tortib oladi, eritmada OH⁻ ionlari ortiqcha bo'lib qoladi — muhit ishqoriy. Gidroliz qaytar va asosan birinchi bosqichda boradi.",,
gidroliz-0003,gidroliz-indikatorlar,Natriy gidrokarbonat eritmasining gidrolizi (muhitni indikator bilan aniqlash),yuqori,9-sinf,rules,NaHCO3(aq) 0.1M + universal-indikator(aq),,NaHCO3 + H2O ⇄ H2CO3 + NaOH,HCO3⁻ + H2O ⇄ H2CO3 + OH⁻,Universal indikator ko'k-yashil rangga kiradi — muhit ishqoriy.,,,sezilarsiz,bir-zumda,,"Natriy gidrokarbonat kuchli asos va kuchsiz kislotadan hosil bo'lgan tuz. Kuchsiz kislota qoldig'i — HCO₃⁻ ioni suv molekulasidan proton tortib oladi, eritmada OH⁻ ionlari ortiqcha bo'lib qoladi — muhit ishqoriy. Gidroliz qaytar va asosan birinchi bosqichda boradi. HCO₃⁻ ionining dissotsilanishi gidrolizidan kuchsizroq, shuning uchun muhit kuchsiz ishqoriy.",,
gidroliz-0004,gidroliz-indikatorlar,Natriy sulfid eritmasining gidrolizi (muhitni indikator bilan aniqlash),yuqori,9-sinf,rules,Na2S(aq) 0.1M + universal-indikator(aq),,Na2S + H2O ⇄ NaHS + NaOH,S²⁻ + H2O ⇄ HS⁻ + OH⁻,Universal indikator binafsha rangga kiradi — muhit ishqoriy.,,,sezilarsiz,bir-zumda,,"Natriy sulfid kuchli asos va kuchsiz kislotadan hosil bo'lgan tuz. Kuchsiz kislota qoldig'i — S²⁻ ioni suv molekulasidan proton tortib oladi, eritmada OH⁻ ionlari ortiqcha bo'lib qoladi — muhit ishqoriy. Gidroliz qaytar va asosan birinchi bosqichda boradi.",,
gidroliz-0005,gidroliz-indikatorlar,Natriy fosfat eritmasining gidrolizi (muhitni indikator bilan aniqlash),yuqori,9-sinf,rules,Na3PO4(aq) 0.1M + universal-indikator(aq),,Na3PO4 + H2O ⇄ Na2HPO4 + NaOH,PO4³⁻ + H2O ⇄ HPO4²⁻ + OH⁻,Universal indikator binafsha rangga kiradi — muhit ishqoriy.,,,sezilarsiz,bir-zumda,,"Natriy fosfat kuchli asos va kuchsiz kislotadan hosil bo'lgan tuz. Kuchsiz kislota qoldig'i — PO₄³⁻ ioni suv molekulasidan proton tortib oladi, eritmada OH⁻ ionlari ortiqcha bo'lib qoladi — muhit ishqoriy. Gidroliz qaytar va asosan birinchi bosqichda boradi.",,
gidroliz-0006,gidroliz-indikatorlar,Natriy gidrofosfat eritmasining gidrolizi (muhitni indikator bilan aniqlash),yuqori,9-sinf,rules,Na2HPO4(aq) 0.1M + universal-indikator(aq),,Na2HPO4 + H2O ⇄ NaH2PO4 + NaOH,HPO4²⁻ + H2O ⇄ H2PO4⁻ + OH⁻,Universal indikator ko'k rangga kiradi — muhit ishqoriy.,,,sezilarsiz,bir-zumda,,"Natriy gidrofosfat kuchli asos va kuchsiz kislotadan hosil bo'lgan tuz. Kuchsiz kislota qoldig'i — HPO₄²⁻ ioni suv molekulasidan proton tortib oladi, eritmada OH⁻ ionlari ortiqcha bo'lib qoladi — muhit ishqoriy. Gidroliz qaytar va asosan birinchi bosqichda boradi. HPO₄²⁻ ionining dissotsilanishi gidrolizidan kuchsizroq, shuning uchun muhit kuchsiz ishqoriy.",,
gidroliz-0007,gidroliz-indikatorlar,Natriy digidrofosfat — nordon tuz eritmasining muhiti,yuqori,9-sinf,rules,NaH2PO4(aq) 0.1M + universal-indikator(aq),,NaH2PO4 ⇄ Na⁺ + H⁺ + HPO4²⁻,H2PO4⁻ ⇄ H⁺ + HPO4²⁻,Universal indikator to'q sariq rangga kiradi — muhit kislotali.,,,sezilarsiz,bir-zumda,,"Natriy digidrofosfat eritmasida H₂PO₄⁻ ionining dissotsilanishi (H⁺ ajralishi) uning gidrolizidan kuchli, shuning uchun muhit kuchsiz kislotali.",,
gidroliz-0008,gidroliz-indikatorlar,Natriy atsetat eritmasining gidrolizi (muhitni indikator bilan aniqlash),yuqori,9-sinf,rules,CH3COONa(aq) 0.1M + universal-indikator(aq),,CH3COONa + H2O ⇄ CH3COOH + NaOH,CH3COO⁻ + H2O ⇄ CH3COOH + OH⁻,Universal indikator ko'k-yashil rangga kiradi — muhit ishqoriy.,,,sezilarsiz,bir-zumda,,"Natriy atsetat kuchli asos va kuchsiz kislotadan hosil bo'lgan tuz. Kuchsiz kislota qoldig'i — CH₃COO⁻ ioni suv molekulasidan proton tortib oladi, eritmada OH⁻ ionlari ortiqcha bo'lib qoladi — muhit ishqoriy. Gidroliz qaytar va asosan birinchi bosqichda boradi.",,
gidroliz-0010,gidroliz-indikatorlar,Natriy sulfit eritmasining gidrolizi (muhitni indikator bilan aniqlash),yuqori,9-sinf,rules,Na2SO3(aq) 0.1M + universal-indikator(aq),,Na2SO3 + H2O ⇄ NaHSO3 + NaOH,SO3²⁻ + H2O ⇄ HSO3⁻ + OH⁻,Universal indikator ko'k rangga kiradi — muhit ishqoriy.,,,sezilarsiz,bir-zumda,,"Natriy sulfit kuchli asos va kuchsiz kislotadan hosil bo'lgan tuz. Kuchsiz kislota qoldig'i — SO₃²⁻ ioni suv molekulasidan proton tortib oladi, eritmada OH⁻ ionlari ortiqcha bo'lib qoladi — muhit ishqoriy. Gidroliz qaytar va asosan birinchi bosqichda boradi.",,
gidroliz-0012,gidroliz-indikatorlar,Ammoniy xlorid eritmasining gidrolizi (muhitni indikator bilan aniqlash),yuqori,9-sinf,rules,NH4Cl(aq) 0.1M + universal-indikator(aq),,NH4Cl + H2O ⇄ NH3·H2O + HCl,NH4⁺ + H2O ⇄ NH3·H2O + H⁺,Universal indikator to'q sariq rangga kiradi — muhit kislotali.,,,sezilarsiz,bir-zumda,,"Ammoniy xlorid kuchsiz asos va kuchli kislotadan hosil bo'lgan tuz. NH₄⁺ kationi suv molekulalarini qutblab, ulardan OH⁻ guruhini biriktiradi, eritmada H⁺ ionlari ortiqcha qoladi — muhit kislotali. Gidroliz qaytar va asosan birinchi bosqichda boradi.",,
gidroliz-0013,gidroliz-indikatorlar,Ammoniy sulfat eritmasining gidrolizi (muhitni indikator bilan aniqlash),yuqori,9-sinf,rules,(NH4)2SO4(aq) 0.1M + universal-indikator(aq),,(NH4)2SO4 + 2H2O ⇄ 2NH3·H2O + H2SO4,NH4⁺ + H2O ⇄ NH3·H2O + H⁺,Universal indikator to'q sariq rangga kiradi — muhit kislotali.,,,sezilarsiz,bir-zumda,,"Ammoniy sulfat kuchsiz asos va kuchli kislotadan hosil bo'lgan tuz. NH₄⁺ kationi suv molekulalarini qutblab, ulardan OH⁻ guruhini biriktiradi, eritmada H⁺ ionlari ortiqcha qoladi — muhit kislotali. Gidroliz qaytar va asosan birinchi bosqichda boradi.",,
gidroliz-0014,gidroliz-indikatorlar,Ammoniy nitrat eritmasining gidrolizi (muhitni indikator bilan aniqlash),yuqori,9-sinf,rules,NH4NO3(aq) 0.1M + universal-indikator(aq),,NH4NO3 + H2O ⇄ NH3·H2O + HNO3,NH4⁺ + H2O ⇄ NH3·H2O + H⁺,Universal indikator to'q sariq rangga kiradi — muhit kislotali.,,,sezilarsiz,bir-zumda,,"Ammoniy nitrat kuchsiz asos va kuchli kislotadan hosil bo'lgan tuz. NH₄⁺ kationi suv molekulalarini qutblab, ulardan OH⁻ guruhini biriktiradi, eritmada H⁺ ionlari ortiqcha qoladi — muhit kislotali. Gidroliz qaytar va asosan birinchi bosqichda boradi.",,
gidroliz-0015,gidroliz-indikatorlar,Alyuminiy xlorid eritmasining gidrolizi (muhitni indikator bilan aniqlash),yuqori,9-sinf,rules,AlCl3(aq) 0.1M + universal-indikator(aq),,AlCl3 + H2O ⇄ AlOHCl2 + HCl,Al³⁺ + H2O ⇄ AlOH²⁺ + H⁺,Universal indikator to'q sariq rangga kiradi — muhit kislotali.,,,sezilarsiz,bir-zumda,,"Alyuminiy xlorid kuchsiz asos va kuchli kislotadan hosil bo'lgan tuz. Al³⁺ kationi suv molekulalarini qutblab, ulardan OH⁻ guruhini biriktiradi, eritmada H⁺ ionlari ortiqcha qoladi — muhit kislotali. Gidroliz qaytar va asosan birinchi bosqichda boradi.",,
gidroliz-0018,gidroliz-indikatorlar,Mis(II) sulfat eritmasining gidrolizi (muhitni indikator bilan aniqlash),yuqori,9-sinf,rules,CuSO4(aq) 0.1M + universal-indikator(aq),,2CuSO4 + 2H2O ⇄ (CuOH)2SO4 + H2SO4,Cu²⁺ + H2O ⇄ CuOH⁺ + H⁺,Universal indikator to'q sariq rangga kiradi — muhit kislotali.,,,sezilarsiz,bir-zumda,,"Mis(II) sulfat kuchsiz asos va kuchli kislotadan hosil bo'lgan tuz. Cu²⁺ kationi suv molekulalarini qutblab, ulardan OH⁻ guruhini biriktiradi, eritmada H⁺ ionlari ortiqcha qoladi — muhit kislotali. Gidroliz qaytar va asosan birinchi bosqichda boradi.",,
gidroliz-0019,gidroliz-indikatorlar,Temir(III) xlorid eritmasining gidrolizi (muhitni indikator bilan aniqlash),yuqori,9-sinf,rules,FeCl3(aq) 0.1M + universal-indikator(aq),,FeCl3 + H2O ⇄ FeOHCl2 + HCl,Fe³⁺ + H2O ⇄ FeOH²⁺ + H⁺,Universal indikator qizil rangga kiradi — muhit kislotali.,,,sezilarsiz,bir-zumda,,"Temir(III) xlorid kuchsiz asos va kuchli kislotadan hosil bo'lgan tuz. Fe³⁺ kationi suv molekulalarini qutblab, ulardan OH⁻ guruhini biriktiradi, eritmada H⁺ ionlari ortiqcha qoladi — muhit kislotali. Gidroliz qaytar va asosan birinchi bosqichda boradi.",,
gidroliz-0020,gidroliz-indikatorlar,Ammoniy atsetat eritmasining gidrolizi (kation va anion bo'yicha),yuqori,9-sinf,rules,CH3COONH4(aq) 0.1M + universal-indikator(aq),,CH3COONH4 + H2O ⇄ CH3COOH + NH3·H2O,CH3COO⁻ + NH4⁺ + H2O ⇄ CH3COOH + NH3·H2O,Universal indikator yashil rangga kiradi — muhit neytral.,,,sezilarsiz,bir-zumda,,"Ammoniy atsetat kuchsiz asos va kuchsiz kislotadan hosil bo'lgan: ham kation, ham anion gidrolizlanadi. Sirka kislota va ammiakning kuchi deyarli bir xil bo'lgani uchun muhit neytralga yaqin.",,
gidroliz-0021,gidroliz-indikatorlar,Natriy gidrosulfat — nordon tuz eritmasining muhiti,yuqori,9-sinf,rules,NaHSO4(aq) 0.1M + universal-indikator(aq),,NaHSO4 = Na⁺ + H⁺ + SO4²⁻,,Universal indikator qizil rangga kiradi — muhit kislotali.,,,sezilarsiz,bir-zumda,,"Natriy gidrosulfat kuchli kislotaning nordon tuzi: eritmada HSO₄⁻ ioni deyarli to'liq dissotsilanib H⁺ ionlarini hosil qiladi, shuning uchun eritma kuchli kislotali (gidroliz emas, dissotsilanish).",,
gidroliz-0022,gidroliz-indikatorlar,Natriy xlorid eritmasining muhiti (gidrolizlanmaydigan tuz),yuqori,9-sinf,rules,NaCl(aq) 0.1M + universal-indikator(aq),,,,Universal indikator yashil rangga kiradi — muhit neytral.,,,sezilarsiz,bir-zumda,,"Natriy xlorid kuchli asos va kuchli kislotadan hosil bo'lgan: uning ionlari suv bilan kuchsiz elektrolit hosil qilmaydi, shuning uchun gidroliz bormaydi va eritma neytral (pH ≈ 7).",,
gidroliz-0023,gidroliz-indikatorlar,Kaliy nitrat eritmasining muhiti (gidrolizlanmaydigan tuz),yuqori,9-sinf,rules,KNO3(aq) 0.1M + universal-indikator(aq),,,,Universal indikator yashil rangga kiradi — muhit neytral.,,,sezilarsiz,bir-zumda,,"Kaliy nitrat kuchli asos va kuchli kislotadan hosil bo'lgan: uning ionlari suv bilan kuchsiz elektrolit hosil qilmaydi, shuning uchun gidroliz bormaydi va eritma neytral (pH ≈ 7).",,
gidroliz-0024,gidroliz-indikatorlar,Natriy sulfat eritmasining muhiti (gidrolizlanmaydigan tuz),yuqori,9-sinf,rules,Na2SO4(aq) 0.1M + universal-indikator(aq),,,,Universal indikator yashil rangga kiradi — muhit neytral.,,,sezilarsiz,bir-zumda,,"Natriy sulfat kuchli asos va kuchli kislotadan hosil bo'lgan: uning ionlari suv bilan kuchsiz elektrolit hosil qilmaydi, shuning uchun gidroliz bormaydi va eritma neytral (pH ≈ 7).",,
gidroliz-0025,gidroliz-indikatorlar,Lakmusning kislotali muhitdagi rangi,yuqori,8-sinf,rules,HCl(aq) 0.1M + lakmus(aq),,,,Eritma qizil rangga kiradi.,,,sezilarsiz,bir-zumda,,"Lakmus kislotali muhitda qizil, neytral muhitda binafsha, ishqoriy muhitda ko'k rangda bo'ladi.",,
gidroliz-0026,gidroliz-indikatorlar,Lakmusning ishqoriy muhitdagi rangi,yuqori,8-sinf,rules,NaOH(aq) 0.1M + lakmus(aq),,,,Eritma ko'k rangga kiradi.,,,sezilarsiz,bir-zumda,,Lakmus ishqoriy muhitda ko'karadi.,,
gidroliz-0027,gidroliz-indikatorlar,Metiloranjning kislotali muhitdagi rangi,yuqori,8-sinf,rules,HCl(aq) 0.1M + C14H14N3NaO3S(aq) 0.003M,,,,Eritma qizil (pushti-qizil) rangga kiradi.,,,sezilarsiz,bir-zumda,,"Metiloranj pH < 3,1 da qizil, pH > 4,4 da sariq.",,
gidroliz-0028,gidroliz-indikatorlar,Metiloranjning ishqoriy muhitdagi rangi,yuqori,8-sinf,rules,NaOH(aq) 0.1M + C14H14N3NaO3S(aq) 0.003M,,,,Eritma sariq rangga kiradi.,,,sezilarsiz,bir-zumda,,Metiloranj ishqoriy muhitda sariq rangda.,,
gidroliz-0029,gidroliz-indikatorlar,Fenolftaleinning ishqoriy muhitdagi rangi,yuqori,8-sinf,rules,NaOH(aq) 0.1M + C20H14O4(aq) 0.003M,,,,Eritma to'q pushti (malina rang) rangga kiradi.,,,sezilarsiz,bir-zumda,,"Fenolftalein kislotali va neytral muhitda rangsiz, pH > 8,2 da pushti-malina rangga kiradi.",,
gidroliz-0030,gidroliz-indikatorlar,Bromtimol ko'kining ishqoriy muhitdagi rangi,yuqori,8-sinf,rules,NaOH(aq) 0.1M + C27H28Br2O5S(aq) 0.0016M,,,,Eritma ko'k rangga kiradi.,,,sezilarsiz,bir-zumda,,"Bromtimol ko'ki kislotali muhitda sariq, neytralda yashil, ishqoriyda ko'k.",,
karbon-0001,karbon-kislotalar,Sirka kislotaning natriy gidroksid bilan neytrallanishi (fenolftalein ishtirokida),yuqori,10-sinf,rules,CH3COOH(aq) 0.1M + NaOH(aq) 0.1M,"Ishqor eritmasiga 1–2 tomchi fenolftalein qo'shiladi, so'ng sirka kislota tomchilab quyiladi.",CH3COOH + NaOH → CH3COONa + H2O,CH3COOH + OH⁻ → CH3COO⁻ + H2O,Fenolftalein qo'shilgan ishqorning to'q pushti (moviy-qizil) rangi sirka kislota qo'shilgan sari ochadi va yo'qoladi.,,,sezilarsiz,bir-zumda,,"Sirka kislota karbon kislotalarga xos kislota xossasini namoyon qiladi: ishqor bilan tuz (natriy atsetat) va suv hosil qiladi. Sirka kislota kuchsiz bo'lgani uchun qisqartirilgan ionli tenglamada molekula holida yoziladi. Natriy atsetat gidrolizlanadi, shuning uchun ekvivalent nuqtada eritma kuchsiz ishqoriy bo'ladi va fenolftalein uchun mos indikator hisoblanadi.",,
karbon-0002,karbon-kislotalar,Sirka kislotaning magniy bilan reaksiyasi,yuqori,10-sinf,rules,Mg(s) lenta + CH3COOH(aq) 1M,,2CH3COOH + Mg → (CH3COO)2Mg + H2↑,2CH3COOH + Mg → Mg²⁺ + 2CH3COO⁻ + H2↑,"Magniy lentasi yuzasidan rangsiz gaz pufakchalari ajraladi, metall asta-sekin eriydi, probirka biroz isiydi.",,H2,ekzotermik,o'rtacha,,Karbon kislotalar faol metallar bilan reaksiyaga kirishib tuz va vodorod hosil qiladi. Magniy atsetat suvda yaxshi eriydi. Sirka kislota kuchsiz kislota bo'lgani uchun eritmada H⁺ ionlari kam va reaksiya mineral kislotalarga qaraganda sustroq boradi.,,
karbon-0003,karbon-kislotalar,Sirka kislotaning rux bilan reaksiyasi,yuqori,10-sinf,rules,Zn(s) granula + CH3COOH(aq) 1M,"Reaksiya sovuqda sekin boradi; biroz qizdirilsa tezlashadi.",2CH3COOH + Zn → (CH3COO)2Zn + H2↑,2CH3COOH + Zn → Zn²⁺ + 2CH3COO⁻ + H2↑,"Rux granulasi yuzasida mayda gaz pufakchalari sekin hosil bo'ladi; qizdirilganda gaz ajralishi tezlashadi.",,H2,sezilarsiz,sekin,,"Rux sirka kislotadan vodorodni siqib chiqaradi va rux atsetat hosil bo'ladi. Magniyga qaraganda rux kamroq faol, sirka kislota esa kuchsiz kislota — shuning uchun reaksiya sekin boradi. Harorat ko'tarilganda reaksiya tezligi ortadi.",,
karbon-0004,karbon-kislotalar,Sirka kislotaning natriy karbonat bilan reaksiyasi,yuqori,10-sinf,rules,Na2CO3(aq) 0.5M + CH3COOH(aq) 1M,,2CH3COOH + Na2CO3 → 2CH3COONa + H2O + CO2↑,2CH3COOH + CO3²⁻ → 2CH3COO⁻ + H2O + CO2↑,"Shiddatli ko'piklanish kuzatiladi — rangsiz, hidsiz gaz ajraladi; gaz ohakli suvni loyqalantiradi.",,CO2,sezilarsiz,bir-zumda,,"Sirka kislota karbonat kislotadan kuchliroq, shuning uchun uni tuzlaridan siqib chiqaradi. Bu reaksiya karbon kislotalarning kislota xossasini va kislotalar kuchi qatorini ko'rsatadi: sirka kislota > karbonat kislota.",,
karbon-0005,karbon-kislotalar,Osh sirkasining ichimlik sodasi bilan reaksiyasi,yuqori,9-sinf,rules,NaHCO3(s) + CH3COOH(aq) 1.5M,,CH3COOH + NaHCO3 → CH3COONa + H2O + CO2↑,CH3COOH + HCO3⁻ → CH3COO⁻ + H2O + CO2↑,"Soda ustiga sirka quyilganda kuchli ko'pik hosil bo'ladi, rangsiz gaz ajraladi; aralashma biroz soviydi.",,CO2,endotermik,bir-zumda,,Sirka kislota karbonat kislotadan kuchliroq bo'lgani uchun gidrokarbonatdan CO₂ ni siqib chiqaradi. Uy sharoitida xamirni ko'pirtirishda soda va sirka (yoki boshqa oziq kislotasi) ishlatilishi shu reaksiyaga asoslangan.,,
karbon-0006,karbon-kislotalar,Sirka kislotada kalsiy karbonatning (tuxum po'chog'ining) erishi,yuqori,10-sinf,rules,CaCO3(s) bo'lak + CH3COOH(aq) 1.5M,,2CH3COOH + CaCO3 → (CH3COO)2Ca + H2O + CO2↑,2CH3COOH + CaCO3 → Ca²⁺ + 2CH3COO⁻ + H2O + CO2↑,"Bo'lak yuzasidan gaz pufakchalari uzluksiz ajraladi, qattiq modda asta-sekin eriydi.",,CO2,sezilarsiz,o'rtacha,,"Kalsiy karbonat suvda erimaydi, lekin sirka kislota kabi kuchsiz kislotalarda ham eriydi, chunki karbonat kislota sirka kislotadan kuchsiz. Choynakdagi qasmoqni (CaCO₃) sirka yoki limon kislota bilan tozalash shu reaksiyaga asoslangan.",,
karbon-0007,karbon-kislotalar,Sirka kislotaning mis(II) gidroksidni eritishi,yuqori,10-sinf,rules,Cu(OH)2(s) + CH3COOH(aq) 1M,Cu(OH)₂ oldindan CuSO₄ va NaOH eritmalaridan yangi cho'ktirib olinadi.,2CH3COOH + Cu(OH)2 → (CH3COO)2Cu + 2H2O,2CH3COOH + Cu(OH)2 → Cu²⁺ + 2CH3COO⁻ + 2H2O,"Havorang iviqsimon cho'kma eriydi, eritma ko'k rangga kiradi.",,,sezilarsiz,tez,,Karbon kislotalar erimaydigan asoslar bilan ham neytrallanish reaksiyasiga kirishadi. Hosil bo'lgan mis(II) atsetat suvda eriydi va Cu²⁺ ionlari eritmaga ko'k rang beradi.,,
karbon-0008,karbon-kislotalar,Sirka kislotaning mis(II) oksid bilan qizdirilgandagi reaksiyasi,yuqori,10-sinf,record,CuO(s) kukun + CH3COOH(aq) 1.5M,"qizdirish; ≥70°C; Aralashma spirt lampasida qaynaguncha qizdiriladi.",2CH3COOH + CuO → (CH3COO)2Cu + H2O,2CH3COOH + CuO → Cu²⁺ + 2CH3COO⁻ + H2O,"Qizdirilganda qora kukun asta-sekin eriydi, eritma ko'k-yashil rangga bo'yaladi.",,,sezilarsiz,sekin,,Karbon kislotalar asosli oksidlar bilan tuz va suv hosil qiladi. Sirka kislota kuchsiz bo'lgani uchun mis(II) oksid bilan reaksiya qizdirilganda sezilarli tezlikda boradi. Hosil bo'lgan mis(II) atsetat eritmasi ko'k-yashil rangli.,,
karbon-0009,karbon-kislotalar,Natriy atsetatdan sulfat kislota ta'sirida sirka kislotaning siqib chiqarilishi,yuqori,10-sinf,rules,CH3COONa(aq) 1M + H2SO4(aq) 1M,Hidni sezish uchun aralashma biroz iliqlanadi.,2CH3COONa + H2SO4 → 2CH3COOH + Na2SO4,CH3COO⁻ + H⁺ → CH3COOH,"Tashqi o'zgarish ko'rinmaydi, lekin iliqlangan aralashmadan o'tkir sirka hidi keladi.",,,sezilarsiz,bir-zumda,,Kuchli kislota kuchsiz kislotani uning tuzidan siqib chiqaradi. Sirka kislota kuchsiz va uchuvchan bo'lgani uchun uning o'ziga xos hidi paydo bo'ladi. Bu usul atsetat ionini aniqlashda ham qo'llaniladi.,,
karbon-0010,karbon-kislotalar,Sirka kislotaning natriy silikatdan silikat kislotani siqib chiqarishi,yuqori,10-sinf,rules,Na2SiO3(aq) 0.5M + CH3COOH(aq) 1M,,2CH3COOH + Na2SiO3 → H2SiO3↓ + 2CH3COONa,2CH3COOH + SiO3²⁻ → H2SiO3↓ + 2CH3COO⁻,"Oq, shaffofroq iviqsimon (gel) cho'kma hosil bo'ladi.",H2SiO3 #f2f2ee iviqsimon,,sezilarsiz,tez,,"Sirka kislota silikat kislotadan kuchliroq, shuning uchun uni tuzidan siqib chiqaradi. Bu tajriba kislotalar kuchi qatorini tushunishga yordam beradi: sirka kislota karbonat va silikat kislotalardan kuchli, lekin mineral kislotalardan kuchsiz.",,
karbon-0011,karbon-kislotalar,Chumoli kislotaning natriy karbonat bilan reaksiyasi,yuqori,10-sinf,rules,Na2CO3(aq) 0.5M + HCOOH(aq) 1M,,2HCOOH + Na2CO3 → 2HCOONa + H2O + CO2↑,2HCOOH + CO3²⁻ → 2HCOO⁻ + H2O + CO2↑,"Rangsiz, hidsiz gaz shiddatli ajraladi.",,CO2,sezilarsiz,bir-zumda,,Chumoli kislota umumiy kislota xossalarini namoyon qiladi: karbonatlardan CO₂ ni siqib chiqaradi va formiatlar hosil qiladi. Formiat ionidagi vodorod atomi bilan bog'langan C atomi aldegid guruhi tutganligi sababli chumoli kislota qaytaruvchilik xossasiga ham ega.,,
karbon-0012,karbon-kislotalar,Chumoli kislotaning kaliy permanganat bilan oksidlanishi,yuqori,10-sinf,record,KMnO4(aq) 0.02M + H2SO4(aq) 1M + HCOOH(aq) 1M,"qizdirish; ≥40°C; muhit: kislotali; Kislotalangan permanganat eritmasiga chumoli kislota qo'shilib, biroz iliqlanadi.",5HCOOH + 2KMnO4 + 3H2SO4 → 2MnSO4 + K2SO4 + 5CO2↑ + 8H2O,5HCOOH + 2MnO4⁻ + 6H⁺ → 2Mn²⁺ + 5CO2↑ + 8H2O,"Binafsha rangli eritma rangsizlanadi, mayda gaz pufakchalari ajraladi.",,CO2,sezilarsiz,o'rtacha,,"Chumoli kislota karbon kislotalar ichida yagona bo'lib, molekulasida aldegid guruhi saqlaydi, shuning uchun oson oksidlanadi va permanganatni rangsizlantiradi. Sirka kislota bunday sharoitda permanganatni rangsizlantirmaydi — bu ikki kislotani farqlash usuli.",,
karbon-0013,karbon-kislotalar,"Chumoli kislotaning ""kumush ko'zgu"" reaksiyasi",yuqori,10-sinf,record,Tollens(aq) + HCOOH(aq) 1M,"qizdirish; ≥50°C; Probirka issiq suv hammomida (60–70 °C) qizdiriladi; chayqatilmaydi.",HCOOH + 2[Ag(NH3)2]OH → 2Ag↓ + (NH4)2CO3 + 2NH3 + H2O,HCOO⁻ + 2[Ag(NH3)2]⁺ + H2O → 2Ag↓ + HCO3⁻ + 2NH4⁺ + 2NH3,Probirka devorlarida yaltiroq kumush ko'zgu qatlami (ba'zan qora-kulrang cho'kma) hosil bo'ladi.,,,sezilarsiz,o'rtacha,,"Chumoli kislota molekulasida aldegid guruhi bo'lgani uchun u aldegidlar kabi ""kumush ko'zgu"" reaksiyasini beradi. Bu reaksiya chumoli kislotani boshqa to'yingan monokarbon kislotalardan farqlashga imkon beradi: sirka kislota bu reaksiyani bermaydi.",,
karbon-0014,karbon-kislotalar,Chumoli kislotaning mis(II) gidroksid bilan qizdirilgandagi reaksiyasi,yuqori,10-sinf,record,Cu(OH)2(s) + NaOH(aq) 1M + HCOOH(aq) 1M,"qizdirish; ≥60°C; Cu(OH)₂ ortiqcha ishqor ishtirokida yangi cho'ktirib olinadi, so'ng chumoli kislota qo'shilib qizdiriladi.",HCOOH + 2Cu(OH)2 + 2NaOH → Cu2O↓ + Na2CO3 + 4H2O,HCOOH + 2Cu(OH)2 + 2OH⁻ → Cu2O↓ + CO3²⁻ + 4H2O,"Qizdirilganda havorang cho'kma avval sarg'ayadi, so'ng g'isht-qizil Cu₂O cho'kmasiga aylanadi.",Cu2O #b8321e kukunsimon,,sezilarsiz,tez,,Chumoli kislota aldegid guruhi tutgani uchun aldegidlar kabi mis(II) gidroksidni qizdirilganda Cu₂O gacha qaytaradi. Ishqoriy muhitda oksidlanish mahsuloti karbonat ioni bo'ladi. Bu reaksiya ham chumoli kislotaning boshqa karbon kislotalardan farqini ko'rsatadi.,,
karbon-0015,karbon-kislotalar,Sirka kislotaning kaliy permanganatni rangsizlantirmasligi,yuqori,10-sinf,record,KMnO4(aq) 0.02M + H2SO4(aq) 1M + CH3COOH(aq) 1M,Taqqoslash uchun parallel ravishda chumoli kislota bilan ham tajriba qilinadi.,,,Binafsha rang saqlanib qoladi — reaksiya kuzatilmaydi.,,,sezilarsiz,bir-zumda,ha,Sirka kislota oksidlovchilarga nisbatan barqaror: uning molekulasida chumoli kislotadagidek aldegid guruhi yo'q. Shu sababli kislotali permanganat eritmasi rangsizlanmaydi. Chumoli kislota esa bu sharoitda CO₂ gacha oksidlanadi va eritmani rangsizlantiradi.,,
karbon-0016,karbon-kislotalar,Etilatsetat olish (eterifikatsiya reaksiyasi),yuqori,10-sinf,record,CH3COOH(l) + C2H5OH(l),"qizdirish; ≥60°C; katalizator: H2SO4; Katalizator — 0,5 ml konsentrlangan sulfat kislota; aralashma suv hammomida 5–7 daqiqa qizdiriladi.",CH3COOH + C2H5OH ⇄ CH3COOC2H5 + H2O,,Aralashma sovuq to'yingan NaCl eritmasiga quyilganda yuzaga meva (nashvati) hidli rangsiz moysimon qatlam — etilatsetat ajraladi.,,,sezilarsiz,sekin,,"Karbon kislotalar spirtlar bilan kislota katalizatori ishtirokida murakkab efir va suv hosil qiladi — bu eterifikatsiya reaksiyasi. Reaksiya qaytar; konsentrlangan sulfat kislota katalizator va suvni bog'lovchi modda bo'lib, muvozanatni efir hosil bo'lishi tomon siljitadi. Nishonli atomlar usuli suv molekulasidagi kislorod kislotaning OH guruhidan ajralishini ko'rsatgan.",,
karbon-0017,karbon-kislotalar,"Izoamilatsetat (""nok essensiyasi"") olish",yuqori,10-sinf,record,CH3COOH(l) + C5H11OH(l),"qizdirish; ≥70°C; katalizator: H2SO4; Katalizator — bir necha tomchi konsentrlangan sulfat kislota; aralashma qaynoq suv hammomida 10 daqiqa qizdiriladi.",CH3COOH + C5H11OH ⇄ CH3COOC5H11 + H2O,,Suv bilan suyultirilganda yuzaga nok (banan) hidli moysimon qatlam ajraladi.,,,sezilarsiz,sekin,,"Izoamil spirti sirka kislota bilan sulfat kislota katalizatorligida izoamilatsetat hosil qiladi. Ko'plab murakkab efirlar meva va gullarga xos yoqimli hidga ega bo'lib, oziq-ovqat sanoatida xushbo'y essensiyalar sifatida ishlatiladi.",,
karbon-0018,karbon-kislotalar,"Etilformiat olish (""rom essensiyasi"")",yuqori,10-sinf,record,HCOOH(l) + C2H5OH(l),"qizdirish; ≥50°C; katalizator: H2SO4; Katalizator — bir necha tomchi konsentrlangan sulfat kislota; iliq suv hammomida (50–60 °C) qizdiriladi.",HCOOH + C2H5OH ⇄ HCOOC2H5 + H2O,,Sovuq suvga quyilganda o'ziga xos rom hidli uchuvchan efir hidi seziladi.,,,sezilarsiz,sekin,,"Chumoli kislota ham boshqa karbon kislotalar kabi spirtlar bilan murakkab efir hosil qiladi. Etilformiat past haroratda qaynaydigan uchuvchan suyuqlik bo'lib, rom hidiga ega; oziq-ovqat xushbo'ylovchisi sifatida qo'llaniladi.",,
karbon-0019,karbon-kislotalar,Metilsalitsilat olish,yuqori,11-sinf,record,C6H4(OH)COOH(s) + CH3OH(l),"qizdirish; ≥60°C; katalizator: H2SO4; Katalizator — 3–4 tomchi konsentrlangan sulfat kislota; suv hammomida 5–10 daqiqa qizdiriladi.",C6H4(OH)COOH + CH3OH ⇄ C6H4(OH)COOCH3 + H2O,,"Sovuq suvga quyilganda o'tkir ""dorivor"" (qishyashil moyi) hidli og'ir moysimon tomchilar paydo bo'ladi.",,,sezilarsiz,sekin,,"Salitsil kislotaning karboksil guruhi metanol bilan eterifikatsiyaga kirishib metilsalitsilat hosil qiladi; fenol gidroksili bu sharoitda o'zgarmaydi. Metilsalitsilat og'riq qoldiruvchi surtmalar tarkibiga kiradi.",,
karbon-0020,karbon-kislotalar,Etilatsetatning kislotali muhitda gidrolizi,yuqori,10-sinf,record,CH3COOC2H5(l) + H2O(l),"qizdirish; ≥60°C; katalizator: H2SO4; Katalizator — 1 ml suyultirilgan sulfat kislota; aralashma qaytar sovutgich bilan suv hammomida qizdiriladi.",CH3COOC2H5 + H2O ⇄ CH3COOH + C2H5OH,,"Uzoq qizdirilganda efir qatlami sekin kamayadi, aralashmadan sirka kislota hidi seziladi; ko'k lakmus qizaradi.",,,sezilarsiz,sekin,,"Murakkab efirlar kislotali muhitda suv bilan gidrolizlanib, karbon kislota va spirt hosil qiladi. Bu jarayon eterifikatsiyaga teskari va qaytar; kislota faqat katalizator vazifasini bajaradi, shuning uchun gidroliz oxirigacha bormaydi.",,
karbon-0021,karbon-kislotalar,Etilatsetatning ishqoriy gidrolizi (sovunlanishi),yuqori,10-sinf,record,CH3COOC2H5(l) + NaOH(aq) 2M,"qizdirish; ≥50°C; Eritmaga 1–2 tomchi fenolftalein qo'shiladi; aralashma iliq suv hammomida chayqatib turiladi.",CH3COOC2H5 + NaOH → CH3COONa + C2H5OH,CH3COOC2H5 + OH⁻ → CH3COO⁻ + C2H5OH,"Chayqatib iliqlanganda efir qatlami yo'qolib, aralashma bir jinsli bo'ladi; fenolftaleinning to'q pushti rangi ishqor sarflangan sari ochadi.",,,sezilarsiz,sekin,,"Ishqoriy muhitda murakkab efir gidrolizi qaytmas bo'ladi, chunki hosil bo'lgan karbon kislota tuzga aylanib reaksiyadan chiqadi. Murakkab efirlarning ishqoriy gidrolizi sovunlanish deb ataladi — yog'lardan sovun olish ham shunday reaksiya.",,
karbon-0022,karbon-kislotalar,Tristearinning natriy gidroksid bilan sovunlanishi (sovun olish),yuqori,10-sinf,record,(C17H35COO)3C3H5(s) + NaOH(aq) 6M,"qizdirish; ≥80°C; Yog' yaxshi erishi uchun 2–3 ml etanol qo'shiladi; aralashma 10–15 daqiqa qaynatiladi, keyin to'yingan NaCl eritmasi bilan sovun ajratiladi (tuzlash).",(C17H35COO)3C3H5 + 3NaOH → 3C17H35COONa + C3H5(OH)3,(C17H35COO)3C3H5 + 3OH⁻ → 3C17H35COO⁻ + C3H5(OH)3,"Qaynatilganda yog' bo'laklari yo'qolib, bir jinsli suyuqlik hosil bo'ladi; bir tomchisini suvga tushirib chayqatilsa ko'pik paydo bo'ladi. NaCl qo'shilganda yuzaga sovun qatlami ajraladi.",,,sezilarsiz,sekin,,Yog'lar — glitserin va yuqori karbon kislotalarning murakkab efirlari (triglitseridlar). Ishqor ta'sirida ular gidrolizlanib (sovunlanib) glitserin va yuqori karbon kislotalarning natriy tuzlari — qattiq sovun hosil qiladi. Kaliy gidroksid ishlatilsa suyuq sovun olinadi.,,
karbon-0023,karbon-kislotalar,O'simlik moyining (trioleinning) ishqoriy gidrolizi,yuqori,10-sinf,record,(C17H33COO)3C3H5(l) + NaOH(aq) 6M,"qizdirish; ≥80°C; Erituvchi sifatida 3 ml etanol qo'shiladi; aralashma qaytar sovutgich bilan 15 daqiqa qaynatiladi.",(C17H33COO)3C3H5 + 3NaOH → 3C17H33COONa + C3H5(OH)3,(C17H33COO)3C3H5 + 3OH⁻ → 3C17H33COO⁻ + C3H5(OH)3,"Boshida moy alohida qatlam hosil qiladi; qaynatish davomida qatlam yo'qolib, sarg'ish bir jinsli eritma hosil bo'ladi, chayqatilganda ko'piklanadi.",,,sezilarsiz,sekin,,Suyuq yog'lar (moylar) ham ishqor ta'sirida sovunlanadi. Trioleindan natriy oleat va glitserin hosil bo'ladi. To'yinmagan kislotalarning tuzlari yumshoqroq sovun beradi.,,
karbon-0024,karbon-kislotalar,Sovun eritmasining kalsiy tuzlari bilan reaksiyasi (qattiq suvda sovun),yuqori,10-sinf,rules,C17H35COONa(aq) 0.05M + CaCl2(aq) 0.1M,,2C17H35COONa + CaCl2 → (C17H35COO)2Ca↓ + 2NaCl,2C17H35COO⁻ + Ca²⁺ → (C17H35COO)2Ca↓,"Oq parcha-parcha cho'kma hosil bo'ladi; chayqatilganda ko'pik deyarli hosil bo'lmaydi.",(C17H35COO)2Ca #f6f6f2 suzmasimon,,sezilarsiz,bir-zumda,,"Suvning qattiqligi undagi Ca²⁺ va Mg²⁺ ionlari bilan bog'liq. Bu ionlar sovundagi stearat ionlari bilan erimaydigan tuzlar hosil qiladi, natijada sovun behuda sarflanadi va ko'piklanmaydi. Sintetik yuvuvchi vositalar kalsiy bilan cho'kma hosil qilmagani uchun qattiq suvda ham yaxshi ishlaydi.",,
karbon-0025,karbon-kislotalar,Sovun eritmasining magniy tuzlari bilan reaksiyasi,yuqori,10-sinf,rules,C17H35COONa(aq) 0.05M + MgSO4(aq) 0.1M,,2C17H35COONa + MgSO4 → (C17H35COO)2Mg↓ + Na2SO4,2C17H35COO⁻ + Mg²⁺ → (C17H35COO)2Mg↓,"Oq parcha-parcha cho'kma hosil bo'ladi, eritma loyqalanadi.",(C17H35COO)2Mg #f6f6f2 suzmasimon,,sezilarsiz,bir-zumda,,"Suv qattiqligining doimiy turi Ca²⁺ va Mg²⁺ ionlarining sulfat va xloridlari bilan bog'liq va qaynatish bilan yo'qolmaydi. Magniy ionlari ham stearat bilan erimaydigan tuz hosil qilib, sovunni cho'ktiradi.",,
karbon-0026,karbon-kislotalar,Sovun eritmasidan kislota ta'sirida stearin kislotaning ajralishi,yuqori,10-sinf,rules,C17H35COONa(aq) 0.05M + HCl(aq) 1M,,C17H35COONa + HCl → C17H35COOH↓ + NaCl,C17H35COO⁻ + H⁺ → C17H35COOH↓,"Sovun eritmasi loyqalanadi, oq yog'simon parchalar ajralib, yuzaga ko'tariladi; ko'pik hosil bo'lmaydi.",C17H35COOH #f8f8f4 suzmasimon,,sezilarsiz,bir-zumda,,"Kuchli kislota kuchsiz stearin kislotani uning tuzidan siqib chiqaradi. Stearin kislota suvda erimaydi, shuning uchun cho'kma hosil bo'ladi. Shu sababli sovun kislotali muhitda yuvish xossasini yo'qotadi.",,
karbon-0027,karbon-kislotalar,Stearin kislotaning natriy gidroksid bilan reaksiyasi (sovun olish),yuqori,10-sinf,record,C17H35COOH(s) + NaOH(aq) 1M,"qizdirish; ≥70°C; Stearin kislota suyuqlanguncha qizdiriladi.",C17H35COOH + NaOH → C17H35COONa + H2O,C17H35COOH + OH⁻ → C17H35COO⁻ + H2O,"Qizdirilganda stearin kislota bo'laklari suyuqlanib eriydi; eritma chayqatilganda ko'piklanadi (sovun hosil bo'ldi).",,,sezilarsiz,o'rtacha,,"Yuqori karbon kislotalar ham ishqorlar bilan tuz hosil qiladi; bu tuzlar sovun deyiladi. Stearin kislota suvda erimasa-da, uning natriy tuzi eriydi va yuvish xossasiga ega.",,
karbon-0028,karbon-kislotalar,Olein kislotaning bromli suvni rangsizlantirishi,yuqori,10-sinf,record,C17H33COOH(l) + bromli-suv(aq),,C17H33COOH + Br2 → C17H33Br2COOH,,Chayqatilganda bromli suvning sariq-qo'ng'ir rangi yo'qoladi.,,,sezilarsiz,tez,,Olein kislota to'yinmagan karbon kislota: uning uglevodorod radikalida qo'shbog' bor. Brom qo'shbog'ga birikadi va bromli suv rangsizlanadi. Stearin kislota (to'yingan) bu reaksiyani bermaydi.,,
karbon-0029,karbon-kislotalar,O'simlik moyining to'yinmaganligini bromli suv bilan aniqlash,yuqori,10-sinf,record,(C17H33COO)3C3H5(l) + bromli-suv(aq),,(C17H33COO)3C3H5 + 3Br2 → (C17H33Br2COO)3C3H5,,Moy bilan chayqatilgan bromli suv rangsizlanadi.,,,sezilarsiz,tez,,O'simlik moylari tarkibida to'yinmagan karbon kislotalar qoldiqlari ko'p bo'lgani uchun ular bromli suvni rangsizlantiradi. Qattiq hayvon yog'larida asosan to'yingan kislota qoldiqlari bo'ladi va ular bromli suvni deyarli rangsizlantirmaydi.,,
karbon-0030,karbon-kislotalar,Benzoy kislotaning natriy gidroksid eritmasida erishi,yuqori,10-sinf,record,C6H5COOH(s) + NaOH(aq) 1M,,C6H5COOH + NaOH → C6H5COONa + H2O,C6H5COOH + OH⁻ → C6H5COO⁻ + H2O,"Suvda erimay turgan oq kristallar ishqor qo'shilib chayqatilganda tez eriydi, rangsiz eritma hosil bo'ladi.",,,sezilarsiz,tez,,"Benzoy kislota — eng oddiy aromatik karbon kislota; suvda kam eriydi, lekin ishqorlarda tuz hosil qilib yaxshi eriydi. Natriy benzoat (E211) oziq-ovqat konservanti sifatida ishlatiladi.",,
karbon-0031,karbon-kislotalar,Natriy benzoat eritmasidan benzoy kislotaning cho'ktirilishi,yuqori,10-sinf,record,C6H5COONa(aq) 0.5M + HCl(aq) 2M,,C6H5COONa + HCl → C6H5COOH↓ + NaCl,C6H5COO⁻ + H⁺ → C6H5COOH↓,Eritmada oq kristall cho'kma hosil bo'ladi.,C6H5COOH #f8f8f6 kristall,,sezilarsiz,tez,,"Kuchli kislota kuchsiz benzoy kislotani tuzidan siqib chiqaradi. Benzoy kislota sovuq suvda kam eriydi, shuning uchun cho'kmaga tushadi. Bu usul benzoy kislotani tuzidan ajratib olish va tozalashda qo'llaniladi.",,
karbon-0032,karbon-kislotalar,Benzoy kislotaning issiq va sovuq suvda eruvchanligi (qayta kristallash),yuqori,10-sinf,rules,C6H5COOH(s) + H2O(l),"qizdirish; Aralashma qaynaguncha qizdiriladi, so'ng sekin sovutiladi.",,,"Sovuq suvda kristallar deyarli erimaydi; qaynatilganda to'liq eriydi, sovutilganda esa yaltiroq oq ignasimon kristallar ajraladi.",,,sezilarsiz,sekin,,"Benzoy kislota sovuq suvda kam, qaynoq suvda esa ancha ko'p eriydi. Shu xossa asosida qayta kristallash usuli bilan uni aralashmalardan tozalash mumkin: issiqda eritiladi, erimaydigan aralashmalar filtrlanadi, sovutilganda toza kristallar ajraladi.",,
karbon-0033,karbon-kislotalar,Benzoy kislotaning sublimatlanishi,yuqori,10-sinf,rules,C6H5COOH(s),"qizdirish; ≥100°C; Chinni kosacha teshikchalar ochilgan filtr qog'ozi va ustidan voronka bilan yopilib, sekin qizdiriladi.",,,Voronka devorlari va filtr qog'oz ustida oq yaltiroq ignasimon kristallar o'sadi.,,,sezilarsiz,sekin,,Benzoy kislota oson sublimatlanadigan moddalardan biri. Bu xossadan uni uchuvchan bo'lmagan aralashmalardan tozalashda foydalaniladi.,,
karbon-0036,karbon-kislotalar,Sut kislotaning natriy gidrokarbonat bilan reaksiyasi,yuqori,10-sinf,rules,CH3CH(OH)COOH(aq) 1M + NaHCO3(aq) 0.5M,,CH3CH(OH)COOH + NaHCO3 → CH3CH(OH)COONa + H2O + CO2↑,CH3CH(OH)COOH + HCO3⁻ → CH3CH(OH)COO⁻ + H2O + CO2↑,"Rangsiz, hidsiz gaz pufakchalari ajraladi.",,CO2,sezilarsiz,bir-zumda,,"Sut kislota gidroksikislota bo'lib, karboksil guruhi hisobiga odatdagi kislota xossalarini namoyon qiladi. U sut achiganda va mushaklarda glyukozaning kislorodsiz parchalanishida hosil bo'ladi; xamir oshirishda soda bilan reaksiyasi CO₂ ajratadi.",,
karbon-0037,karbon-kislotalar,Limon kislotaning natriy gidrokarbonat bilan reaksiyasi,yuqori,10-sinf,rules,C3H5O(COOH)3(aq) 0.5M + NaHCO3(aq) 0.5M,,C3H5O(COOH)3 + 3NaHCO3 → C3H5O(COONa)3 + 3H2O + 3CO2↑,C3H5O(COOH)3 + 3HCO3⁻ → C3H5O(COO)3³⁻ + 3H2O + 3CO2↑,"Kuchli ko'piklanish, rangsiz gaz ajraladi; aralashma biroz soviydi.",,CO2,endotermik,bir-zumda,,"Limon kislota uch asosli kislota bo'lib, bir molekulasi uchta gidrokarbonat ioni bilan reaksiyaga kirishadi. Gazlangan (""shipuchiy"") tabletkalar va qandolatchilikdagi yumshatuvchi kukunlar limon kislota bilan sodaning shu reaksiyasiga asoslangan.",,
karbon-0038,karbon-kislotalar,Yog'larning suvda va organik erituvchilarda eruvchanligi,yuqori,10-sinf,rules,(C17H33COO)3C3H5(l) + H2O(l) + C6H14(l),Moy ikki probirkada — suv va geksan (benzin) bilan alohida chayqatiladi.,,,"Suvli probirkada moy yuzada alohida qatlam hosil qiladi; geksanli probirkada moy to'liq erib, bir jinsli eritma hosil bo'ladi.",,,sezilarsiz,tez,,"Yog'lar suvda erimaydi va suvdan yengil bo'lgani uchun uning yuzasida qatlam hosil qiladi. Ular organik erituvchilarda yaxshi eriydi; kiyimdagi yog' dog'larini benzin bilan tozalash shunga asoslangan.",,
karbon-0039,karbon-kislotalar,Sovunning emulsiyalovchi (yuvuvchi) ta'siri,yuqori,10-sinf,rules,(C17H33COO)3C3H5(l) + C17H35COONa(aq) 0.05M,,,,"Sovunli suvda chayqatilgan moy sutsimon loyqa emulsiya hosil qiladi va uzoq vaqt qatlamlarga ajralmaydi; toza suvda esa moy tezda yuzaga qalqib chiqadi.",,,sezilarsiz,tez,,"Sovun molekulasi (ioni) bir uchi suvni yoqtiradigan, ikkinchi uchi yog'ni yoqtiradigan zarracha. Shu sababli u yog' tomchilarini o'rab, suvda barqaror emulsiya hosil qiladi va kirni yuvib ketishga yordam beradi.",,
kinetik-0001,kinetika-muvozanat,Natriy tiosulfat va sulfat kislota reaksiyasi tezligiga konsentratsiya va haroratning ta'siri,yuqori,9-sinf,record,Na2S2O3(aq) 0.1M + H2SO4(aq) 0.5M,"Bir xil hajmdagi, lekin turli suyultirilgan tiosulfat eritmalari bilan (konsentratsiya ta'siri) va turli haroratdagi suv hammomlarida (harorat ta'siri) takrorlanadi; loyqalik paydo bo'lguncha vaqt sekundomer bilan o'lchanadi.",Na2S2O3 + H2SO4 = Na2SO4 + S↓ + SO2↑ + H2O,S2O3²⁻ + 2H⁺ = S↓ + SO2↑ + H2O,"Tiniq eritma birozdan keyin opalessensiyalanib, sarg'ish-oq loyqaga aylanadi; tiosulfat konsentratsiyasi yoki harorat qanchalik yuqori bo'lsa, loyqalik shuncha tez paydo bo'ladi.",S #f2dc3a kolloid,SO2,sezilarsiz,sekin,,"Ta'sir etuvchi massalar qonuniga ko'ra reaksiya tezligi reagentlar konsentratsiyasiga bog'liq: konsentratsiya kamaysa, loyqalik kechroq paydo bo'ladi. Vant-Goff qoidasiga ko'ra harorat har 10 °C ga oshganda ko'pchilik reaksiyalar tezligi taxminan 2–4 marta ortadi.",,
kinetik-0002,kinetika-muvozanat,Marmar bo'lagi va marmar kukunining xlorid kislota bilan reaksiya tezligi (sirt yuzasining ta'siri),yuqori,9-sinf,rules,CaCO3(s) bo'lak + HCl(aq) 1M,Bir xil massadagi marmar bo'lagi va marmar kukuni bir xil hajm va konsentratsiyadagi kislotaga bir vaqtda solinadi.,CaCO3 + 2HCl = CaCl2 + CO2↑ + H2O,CaCO3 + 2H⁺ = Ca²⁺ + CO2↑ + H2O,"Kukunli probirkada gaz shiddat bilan, ko'pirib ajraladi va reaksiya tez tugaydi; bo'lakli probirkada gaz sekin, bir tekis ajraladi.",,CO2,sezilarsiz,o'rtacha,,"Geterogen reaksiyalar tezligi reagentlar tegib turgan sirt yuzasiga bog'liq: modda qanchalik mayda bo'lsa, reaksiya shuncha tez boradi. Shu sababli kukunsimon moddalar (un, ko'mir changi) havoda portlovchi aralashma hosil qilishi mumkin.",,
kinetik-0003,kinetika-muvozanat,Ruxning xlorid va sirka kislotalar bilan reaksiya tezligi (reagentlar tabiatining ta'siri),yuqori,9-sinf,rules,Zn(s) granula + CH3COOH(aq) 1M,Taqqoslash uchun ikkinchi probirkada xuddi shunday rux granulasi bir xil konsentratsiyali (1 M) xlorid kislotaga solinadi.,Zn + 2CH3COOH = (CH3COO)2Zn + H2↑,Zn + 2CH3COOH = Zn²⁺ + 2CH3COO⁻ + H2↑,"Xlorid kislotadagi rux sirtidan vodorod pufakchalari shiddatli ajraladi; sirka kislotada esa pufakchalar juda sekin va kam chiqadi.",,H2,sezilarsiz,sekin,,"Reaksiya tezligi reagentlarning tabiatiga bog'liq: bir xil molyar konsentratsiyada kuchli kislota eritmasida H⁺ ionlari kuchsiz kislotanikiga qaraganda ko'p marta ko'p. Shuning uchun rux xlorid kislota bilan tez, sirka kislota bilan sekin reaksiyaga kirishadi.",,
kinetik-0006,kinetika-muvozanat,Xromat ionlarining kislotali muhitda dixromatga o'tishi (muvozanatning siljishi),yuqori,11-sinf,record,K2CrO4(aq) 0.1M + H2SO4(aq) 1M,Sariq kaliy xromat eritmasiga suyultirilgan sulfat kislota tomchilab qo'shiladi.,2K2CrO4 + H2SO4 ⇄ K2Cr2O7 + K2SO4 + H2O,2CrO4²⁻ + 2H⁺ ⇄ Cr2O7²⁻ + H2O,Sariq eritma kislota qo'shilishi bilan to'q sariq (zarg'aldoq) rangga kiradi.,,,sezilarsiz,bir-zumda,,"Xromat va dixromat ionlari orasidagi muvozanat eritma muhitiga bog'liq: kislotali muhitda dixromat (to'q sariq), ishqoriy muhitda xromat (sariq) ustunlik qiladi. Bu Le Shatelye prinsipining yaqqol namunasi — H⁺ ionlari qo'shilganda muvozanat ularni sarflovchi tomonga siljiydi.",,
kinetik-0007,kinetika-muvozanat,Dixromat ionlarining ishqoriy muhitda xromatga o'tishi (muvozanatning siljishi),yuqori,11-sinf,record,K2Cr2O7(aq) 0.05M + KOH(aq) 1M,To'q sariq kaliy dixromat eritmasiga ishqor eritmasi tomchilab qo'shiladi.,K2Cr2O7 + 2KOH ⇄ 2K2CrO4 + H2O,Cr2O7²⁻ + 2OH⁻ ⇄ 2CrO4²⁻ + H2O,"To'q sariq eritma ishqor qo'shilganda sariq rangga kiradi; unga yana kislota qo'shilsa, to'q sariq rang qaytadi.",,,sezilarsiz,bir-zumda,,"Dixromat ioni ishqoriy muhitda xromatga aylanadi; kislota va ishqorni navbatma-navbat qo'shib, rangni bir necha marta o'zgartirish mumkin. Bu jarayonning qaytarligini va muvozanatning muhitga bog'liqligini ko'rsatadi.",,
kinetik-0008,kinetika-muvozanat,Natriy gidroksidning suvda erishidagi issiqlik effekti (ekzotermik erish),yuqori,8-sinf,rules,NaOH(s) granula + H2O(l),"Stakandagi suvning boshlang'ich harorati termometr bilan o'lchanadi, so'ng NaOH granulalari solinib aralashtiriladi.",,,"Granulalar eriyotganda eritma sezilarli darajada qiziydi, termometr ko'rsatkichi ko'tariladi.",,,ekzotermik,o'rtacha,,"Moddaning erishi fizik-kimyoviy jarayon: panjaraning buzilishi issiqlik yutadi, ionlarning gidratlanishi esa issiqlik ajratadi. Natija ikkalasining nisbatiga bog'liq: NaOH, H₂SO₄ (kons.) eriganda eritma qiziydi.",,
kinetik-0009,kinetika-muvozanat,Ammoniy xloridning suvda erishidagi issiqlik effekti (endotermik erish),yuqori,8-sinf,rules,NH4Cl(s) + H2O(l),"Suvning boshlang'ich harorati o'lchanadi, so'ng ammoniy xlorid solinib aralashtiriladi.",,,"Kristallar eriyotganda eritma soviydi, termometr ko'rsatkichi pasayadi; stakan tashqi devori sovib, unda nam paydo bo'lishi mumkin.",,,endotermik,o'rtacha,,"Ba'zi moddalar (NH₄Cl, NH₄NO₃, KNO₃) eriganda issiqlik yutiladi va eritma soviydi, chunki panjarani buzish uchun gidratlanishda ajraladigandan ko'proq energiya kerak. Bu xossadan bir martalik sovutuvchi paketlarda foydalaniladi.",,
kinetik-0010,kinetika-muvozanat,Neytrallanish reaksiyasining issiqlik effektini o'lchash,yuqori,9-sinf,rules,HCl(aq) 1M + NaOH(aq) 1M,Bir xil haroratdagi eritmalar issiqlik izolyatsiyalangan stakanda (kalorimetrda) aralashtiriladi.,HCl + NaOH = NaCl + H2O,H⁺ + OH⁻ = H2O,"Eritmalar aralashtirilganda harorat bir necha gradusga ko'tariladi; tashqi o'zgarish ko'rinmaydi.",,,ekzotermik,bir-zumda,,"Neytrallanish ekzotermik reaksiya: kuchli kislota va kuchli asos eritmalari uchun issiqlik effekti kislota va asosning tabiatiga deyarli bog'liq emas, chunki har doim H⁺ + OH⁻ = H₂O jarayoni boradi. Kuchsiz kislota yoki asos ishtirokida issiqlik biroz kamroq, chunki uning dissotsilanishiga energiya sarflanadi.",,
metkis-0001,metall-kislota,Misning suyultirilgan sulfat kislota bilan reaksiyaga kirishmasligi,yuqori,8-sinf,record,Cu(s) sim + H2SO4(aq) 1M,,,,Hech qanday o'zgarish kuzatilmaydi.,,,sezilarsiz,bir-zumda,ha,"Mis faollik qatorida vodoroddan keyin turadi, shuning uchun suyultirilgan (oksidlovchi bo'lmagan) kislotalardan vodorodni siqib chiqara olmaydi. Konsentrlangan sulfat kislota bilan qizdirilganda esa mis reaksiyaga kirishadi, lekin vodorod emas, SO₂ ajraladi.",,
metkis-0002,metall-kislota,Magniyning xlorid kislota bilan reaksiyasi,yuqori,8-sinf,rules,Mg(s) lenta + HCl(aq) 2M,,Mg + 2HCl = MgCl2 + H2↑,Mg + 2H⁺ = Mg²⁺ + H2↑,"Metall sirtida rangsiz gaz (vodorod) pufakchalari ajraladi, metall asta eriydi.",,H2,ekzotermik,tez,,Magniy faollik qatorida vodoroddan oldin turgani uchun suyultirilgan kislotadan vodorodni siqib chiqaradi va magniy xlorid hosil bo'ladi.,,
metkis-0003,metall-kislota,Magniyning sulfat kislota bilan reaksiyasi,yuqori,8-sinf,rules,Mg(s) lenta + H2SO4(aq) 1M,,Mg + H2SO4 = MgSO4 + H2↑,Mg + 2H⁺ = Mg²⁺ + H2↑,"Metall sirtida rangsiz gaz (vodorod) pufakchalari ajraladi, metall asta eriydi.",,H2,ekzotermik,tez,,Magniy faollik qatorida vodoroddan oldin turgani uchun suyultirilgan kislotadan vodorodni siqib chiqaradi va magniy sulfat hosil bo'ladi.,,
metkis-0004,metall-kislota,Magniyning sirka kislota bilan reaksiyasi,yuqori,9-sinf,rules,Mg(s) lenta + CH3COOH(aq) 2M,,Mg + 2CH3COOH = (CH3COO)2Mg + H2↑,Mg + 2CH3COOH = Mg²⁺ + 2CH3COO⁻ + H2↑,"Metall sirtida rangsiz gaz (vodorod) pufakchalari ajraladi, metall asta eriydi.",,H2,ekzotermik,tez,,"Magniy faollik qatorida vodoroddan oldin turgani uchun kuchsiz kislotadan vodorodni siqib chiqaradi va magniy atsetat hosil bo'ladi. Kuchsiz kislota eritmasida H⁺ ionlari kam, shuning uchun reaksiya sekinroq boradi.",,
metkis-0005,metall-kislota,Temirning sirka kislota bilan reaksiyasi,yuqori,9-sinf,rules,Fe(s) qirindi + CH3COOH(aq) 2M,,Fe + 2CH3COOH = (CH3COO)2Fe + H2↑,Fe + 2CH3COOH = Fe²⁺ + 2CH3COO⁻ + H2↑,"Metall sirtida rangsiz gaz (vodorod) pufakchalari ajraladi, metall asta eriydi, eritma och yashil tusga kiradi.",,H2,sezilarsiz,sekin,,"Temir faollik qatorida vodoroddan oldin turgani uchun kuchsiz kislotadan vodorodni siqib chiqaradi va temir(II) atsetat hosil bo'ladi. Temir bunda +2 oksidlanish darajasini namoyon qiladi (FeCl₃ emas, FeCl₂ hosil bo'ladi). Kuchsiz kislota eritmasida H⁺ ionlari kam, shuning uchun reaksiya sekinroq boradi.",,
metkis-0006,metall-kislota,Kalsiyning xlorid kislota bilan reaksiyasi,yuqori,8-sinf,rules,Ca(s) bo'lak + HCl(aq) 2M,,Ca + 2HCl = CaCl2 + H2↑,Ca + 2H⁺ = Ca²⁺ + H2↑,"Metall sirtida rangsiz gaz (vodorod) pufakchalari ajraladi, metall asta eriydi.",,H2,ekzotermik,tez,,Kalsiy faollik qatorida vodoroddan oldin turgani uchun suyultirilgan kislotadan vodorodni siqib chiqaradi va kalsiy xlorid hosil bo'ladi.,,
metkis-0007,metall-kislota,Alyuminiyning xlorid kislota bilan reaksiyasi,yuqori,8-sinf,rules,Al(s) qirindi + HCl(aq) 2M,,2Al + 6HCl = 2AlCl3 + 3H2↑,2Al + 6H⁺ = 2Al³⁺ + 3H2↑,"Metall sirtida rangsiz gaz (vodorod) pufakchalari ajraladi, metall asta eriydi. Avvaliga reaksiya sust boradi — oksid parda eriguncha.",,H2,sezilarsiz,o'rtacha,,"Alyuminiy faollik qatorida vodoroddan oldin turgani uchun suyultirilgan kislotadan vodorodni siqib chiqaradi va alyuminiy xlorid hosil bo'ladi. Alyuminiy sirtidagi zich oksid parda reaksiyani boshida sekinlashtiradi; xlorid ionlari pardani buzadi.",,
metkis-0008,metall-kislota,Alyuminiyning sulfat kislota bilan reaksiyasi,yuqori,8-sinf,rules,Al(s) qirindi + H2SO4(aq) 1M,,2Al + 3H2SO4 = Al2(SO4)3 + 3H2↑,2Al + 6H⁺ = 2Al³⁺ + 3H2↑,"Metall sirtida rangsiz gaz (vodorod) pufakchalari ajraladi, metall asta eriydi. Avvaliga reaksiya sust boradi — oksid parda eriguncha.",,H2,sezilarsiz,o'rtacha,,"Alyuminiy faollik qatorida vodoroddan oldin turgani uchun suyultirilgan kislotadan vodorodni siqib chiqaradi va alyuminiy sulfat hosil bo'ladi. Alyuminiy sirtidagi zich oksid parda reaksiyani boshida sekinlashtiradi; xlorid ionlari pardani buzadi.",,
metkis-0009,metall-kislota,Ruxning xlorid kislota bilan reaksiyasi,yuqori,8-sinf,rules,Zn(s) granula + HCl(aq) 2M,,Zn + 2HCl = ZnCl2 + H2↑,Zn + 2H⁺ = Zn²⁺ + H2↑,"Metall sirtida rangsiz gaz (vodorod) pufakchalari ajraladi, metall asta eriydi.",,H2,sezilarsiz,o'rtacha,,Rux faollik qatorida vodoroddan oldin turgani uchun suyultirilgan kislotadan vodorodni siqib chiqaradi va rux xlorid hosil bo'ladi.,,
metkis-0010,metall-kislota,Ruxning sulfat kislota bilan reaksiyasi,yuqori,8-sinf,rules,Zn(s) granula + H2SO4(aq) 1M,,Zn + H2SO4 = ZnSO4 + H2↑,Zn + 2H⁺ = Zn²⁺ + H2↑,"Metall sirtida rangsiz gaz (vodorod) pufakchalari ajraladi, metall asta eriydi.",,H2,sezilarsiz,o'rtacha,,Rux faollik qatorida vodoroddan oldin turgani uchun suyultirilgan kislotadan vodorodni siqib chiqaradi va rux sulfat hosil bo'ladi.,,
metkis-0011,metall-kislota,Ruxning sirka kislota bilan reaksiyasi,yuqori,9-sinf,rules,Zn(s) granula + CH3COOH(aq) 2M,,Zn + 2CH3COOH = (CH3COO)2Zn + H2↑,Zn + 2CH3COOH = Zn²⁺ + 2CH3COO⁻ + H2↑,"Metall sirtida rangsiz gaz (vodorod) pufakchalari ajraladi, metall asta eriydi.",,H2,sezilarsiz,o'rtacha,,"Rux faollik qatorida vodoroddan oldin turgani uchun kuchsiz kislotadan vodorodni siqib chiqaradi va rux atsetat hosil bo'ladi. Kuchsiz kislota eritmasida H⁺ ionlari kam, shuning uchun reaksiya sekinroq boradi.",,
metkis-0012,metall-kislota,Ruxning bromid kislota bilan reaksiyasi,yuqori,8-sinf,rules,Zn(s) granula + HBr(aq) 2M,,Zn + 2HBr = ZnBr2 + H2↑,Zn + 2H⁺ = Zn²⁺ + H2↑,"Metall sirtida rangsiz gaz (vodorod) pufakchalari ajraladi, metall asta eriydi.",,H2,sezilarsiz,o'rtacha,,Rux faollik qatorida vodoroddan oldin turgani uchun suyultirilgan kislotadan vodorodni siqib chiqaradi va rux bromid hosil bo'ladi.,,
metkis-0013,metall-kislota,Temirning xlorid kislota bilan reaksiyasi,yuqori,8-sinf,rules,Fe(s) qirindi + HCl(aq) 2M,,Fe + 2HCl = FeCl2 + H2↑,Fe + 2H⁺ = Fe²⁺ + H2↑,"Metall sirtida rangsiz gaz (vodorod) pufakchalari ajraladi, metall asta eriydi, eritma och yashil tusga kiradi.",,H2,sezilarsiz,sekin,,"Temir faollik qatorida vodoroddan oldin turgani uchun suyultirilgan kislotadan vodorodni siqib chiqaradi va temir(II) xlorid hosil bo'ladi. Temir bunda +2 oksidlanish darajasini namoyon qiladi (FeCl₃ emas, FeCl₂ hosil bo'ladi).",,
metkis-0014,metall-kislota,Temirning sulfat kislota bilan reaksiyasi,yuqori,8-sinf,rules,Fe(s) qirindi + H2SO4(aq) 1M,,Fe + H2SO4 = FeSO4 + H2↑,Fe + 2H⁺ = Fe²⁺ + H2↑,"Metall sirtida rangsiz gaz (vodorod) pufakchalari ajraladi, metall asta eriydi, eritma och yashil tusga kiradi.",,H2,sezilarsiz,sekin,,"Temir faollik qatorida vodoroddan oldin turgani uchun suyultirilgan kislotadan vodorodni siqib chiqaradi va temir(II) sulfat hosil bo'ladi. Temir bunda +2 oksidlanish darajasini namoyon qiladi (FeCl₃ emas, FeCl₂ hosil bo'ladi).",,
metkis-0016,metall-kislota,Nikelning xlorid kislota bilan reaksiyasi,yuqori,8-sinf,rules,Ni(s) kukun + HCl(aq) 2M,"Reaksiya sekin boradi; ozgina qizdirilganda tezlashadi.",Ni + 2HCl = NiCl2 + H2↑,Ni + 2H⁺ = Ni²⁺ + H2↑,"Metall sirtida rangsiz gaz (vodorod) pufakchalari ajraladi, metall asta eriydi, eritma yashil tusga kiradi.",,H2,sezilarsiz,sekin,,Nikel faollik qatorida vodoroddan oldin turgani uchun suyultirilgan kislotadan vodorodni siqib chiqaradi va nikel(II) xlorid hosil bo'ladi.,,
metkis-0018,metall-kislota,Misning xlorid kislota bilan reaksiyaga kirishmasligi,yuqori,8-sinf,record,Cu(s) sim + HCl(aq) 2M,,,,Hech qanday o'zgarish kuzatilmaydi.,,,sezilarsiz,bir-zumda,ha,"Mis faollik qatorida vodoroddan keyin turadi, shuning uchun xlorid kislotadan vodorodni siqib chiqara olmaydi.",,
metkis-0019,metall-kislota,Kumushning xlorid kislota bilan reaksiyaga kirishmasligi,yuqori,8-sinf,record,Ag(s) sim + HCl(aq) 2M,,,,Hech qanday o'zgarish kuzatilmaydi.,,,sezilarsiz,bir-zumda,ha,Kumush faollik qatorida vodoroddan ancha keyin turadi — xlorid kislota bilan reaksiyaga kirishmaydi.,,
metkis-0020,metall-kislota,Kumushning sulfat kislota bilan reaksiyaga kirishmasligi,yuqori,8-sinf,record,Ag(s) sim + H2SO4(aq) 1M,,,,Hech qanday o'zgarish kuzatilmaydi.,,,sezilarsiz,bir-zumda,ha,"Kumush vodoroddan keyin turadi; suyultirilgan sulfat kislota oksidlovchi xossaga ega emas, shuning uchun reaksiya ketmaydi.",,
metkis-0021,metall-kislota,Qo'rg'oshinning xlorid kislota bilan reaksiyaga deyarli kirishmasligi,yuqori,8-sinf,record,Pb(s) plastinka + HCl(aq) 2M,,,,"Bir necha pufakcha paydo bo'lib, reaksiya tez to'xtaydi.",,,sezilarsiz,bir-zumda,ha,"Qo'rg'oshin vodoroddan oldin tursa ham, uning sirtida suvda kam eriydigan PbCl₂ pardasi hosil bo'lib, reaksiyani deyarli darhol to'xtatadi.",,
metkis-0022,metall-kislota,Qo'rg'oshinning sulfat kislota bilan reaksiyaga deyarli kirishmasligi,yuqori,8-sinf,record,Pb(s) plastinka + H2SO4(aq) 1M,,,,"Bir necha pufakcha paydo bo'lib, reaksiya tez to'xtaydi.",,,sezilarsiz,bir-zumda,ha,Qo'rg'oshin sirtida erimaydigan PbSO₄ pardasi hosil bo'ladi va metallni kislotadan himoya qiladi — reaksiya amalda bormaydi (shuning uchun akkumulyatorlarda qo'rg'oshin ishlatiladi).,,
metkis-0023,metall-kislota,Misning konsentrlangan nitrat kislota bilan reaksiyasi,yuqori,9-sinf,record,Cu(s) sim + HNO3(aq) 14.4M ≥10M,,Cu + 4HNO3 = Cu(NO3)2 + 2NO2↑ + 2H2O,Cu + 4H⁺ + 2NO3⁻ = Cu²⁺ + 2NO2↑ + 2H2O,"Mis tez eriydi, qo'ng'ir gaz (NO₂, ""tulki dumi"") ajraladi, eritma ko'k-yashil tusga kiradi.",,NO2 #a8461c,ekzotermik,tez,,"Konsentrlangan nitrat kislotada oksidlovchi — NO₃⁻ ioni (N⁺⁵); u vodoroddan keyin turgan misni ham oksidlaydi. Konsentrlangan kislota asosan NO₂ gacha qaytariladi.",,
metkis-0024,metall-kislota,Misning suyultirilgan nitrat kislota bilan reaksiyasi,yuqori,9-sinf,record,Cu(s) sim + HNO3(aq) 6M,,3Cu + 8HNO3 = 3Cu(NO3)2 + 2NO↑ + 4H2O,3Cu + 8H⁺ + 2NO3⁻ = 3Cu²⁺ + 2NO↑ + 4H2O,"Rangsiz gaz (NO) ajraladi, u probirka og'zida havo kislorodi bilan qo'ng'ir NO₂ ga aylanadi; eritma ko'karadi.",,NO,ekzotermik,o'rtacha,,"Suyultirilgan nitrat kislota misni oksidlaydi, o'zi esa asosan NO gacha qaytariladi. Vodorod ajralmaydi, chunki oksidlovchi H⁺ emas, NO₃⁻ ioni.",,
metkis-0025,metall-kislota,Kumushning konsentrlangan nitrat kislota bilan reaksiyasi,yuqori,9-sinf,record,Ag(s) sim + HNO3(aq) 14.4M ≥10M,,Ag + 2HNO3 = AgNO3 + NO2↑ + H2O,Ag + 2H⁺ + NO3⁻ = Ag⁺ + NO2↑ + H2O,"Kumush eriydi, qo'ng'ir NO₂ gazi ajraladi; eritma rangsiz.",,NO2 #a8461c,ekzotermik,o'rtacha,,Konsentrlangan nitrat kislota kumushni ham eritadi (oltin va platina erimaydi). Kumush nitrat eritmasi rangsiz.,,
metkis-0026,metall-kislota,Kumushning suyultirilgan nitrat kislota bilan reaksiyasi,yuqori,9-sinf,record,Ag(s) sim + HNO3(aq) 6M,"qizdirish; ≥50°C; Reaksiya qizdirilganda boradi.",3Ag + 4HNO3 = 3AgNO3 + NO↑ + 2H2O,3Ag + 4H⁺ + NO3⁻ = 3Ag⁺ + NO↑ + 2H2O,"Qizdirilganda kumush asta eriydi, rangsiz gaz ajraladi (havoda qo'ng'irlashadi).",,NO,sezilarsiz,sekin,,"Suyultirilgan nitrat kislota kumushni sekin, qizdirilganda tezroq eritadi va NO gacha qaytariladi.",,
metkis-0031,metall-kislota,Temirning suyultirilgan nitrat kislota bilan reaksiyasi,yuqori,9-sinf,record,Fe(s) qirindi + HNO3(aq) 4M,,Fe + 4HNO3 = Fe(NO3)3 + NO↑ + 2H2O,Fe + 4H⁺ + NO3⁻ = Fe³⁺ + NO↑ + 2H2O,"Temir eriydi, rangsiz gaz ajralib havoda qo'ng'irlashadi, eritma sarg'ish-qo'ng'ir tusga kiradi.",,NO,ekzotermik,o'rtacha,,Suyultirilgan nitrat kislota temirni +3 oksidlanish darajasigacha oksidlaydi (xlorid kislotadan farqli ravishda).,,
metkis-0032,metall-kislota,Temirning konsentrlangan nitrat kislota bilan reaksiyasi,yuqori,9-sinf,record,Fe(s) qirindi + HNO3(aq) 14.4M ≥10M,"qizdirish; ≥60°C; Reaksiya qizdirilganda boradi.",Fe + 6HNO3 = Fe(NO3)3 + 3NO2↑ + 3H2O,Fe + 6H⁺ + 3NO3⁻ = Fe³⁺ + 3NO2↑ + 3H2O,"Qizdirilganda temir eriydi, qo'ng'ir gaz ajraladi.",,NO2 #a8461c,ekzotermik,o'rtacha,,"Sovuqda konsentrlangan nitrat kislota temirni passivlaydi, qizdirilganda esa parda buziladi va temir eriydi.",,
metkis-0033,metall-kislota,Qo'rg'oshinning suyultirilgan nitrat kislota bilan reaksiyasi,yuqori,9-sinf,record,Pb(s) plastinka + HNO3(aq) 4M,,3Pb + 8HNO3 = 3Pb(NO3)2 + 2NO↑ + 4H2O,3Pb + 8H⁺ + 2NO3⁻ = 3Pb²⁺ + 2NO↑ + 4H2O,"Qo'rg'oshin eriydi, rangsiz gaz ajralib havoda qo'ng'irlashadi.",,NO,sezilarsiz,sekin,,"Qo'rg'oshin nitrati suvda yaxshi eriydi, shuning uchun parda hosil bo'lmaydi va qo'rg'oshin suyultirilgan nitrat kislotada yaxshi eriydi.",,
metkis-0035,metall-kislota,Misning konsentrlangan sulfat kislota bilan reaksiyasi,yuqori,9-sinf,record,Cu(s) sim + H2SO4(aq) 18M ≥12M,"qizdirish; ≥100°C; Reaksiya qizdirilganda boradi.",Cu + 2H2SO4(kons.) = CuSO4 + SO2↑ + 2H2O,,"Qizdirilganda mis eriydi, o'tkir hidli SO₂ gazi ajraladi; sovitib suvga quyilganda eritma ko'karadi.",,SO2,sezilarsiz,o'rtacha,,"Konsentrlangan sulfat kislotada oksidlovchi S⁺⁶ atomi; u vodoroddan keyin turgan misni qizdirilganda oksidlaydi va o'zi SO₂ gacha qaytariladi. Suyultirilgan sulfat kislota mis bilan reaksiyaga kirishmaydi.",,
metkis-0037,metall-kislota,Temirning konsentrlangan sulfat kislota bilan reaksiyasi,yuqori,9-sinf,record,Fe(s) qirindi + H2SO4(aq) 18M ≥12M,"qizdirish; ≥100°C; Reaksiya qizdirilganda boradi.",2Fe + 6H2SO4(kons.) = Fe2(SO4)3 + 3SO2↑ + 6H2O,,"Qizdirilganda temir eriydi, o'tkir hidli SO₂ ajraladi.",,SO2,sezilarsiz,sekin,,"Sovuqda konsentrlangan sulfat kislota temirni passivlaydi; qizdirilganda temir(III) sulfat va SO₂ hosil bo'ladi.",,
metkis-0040,metall-kislota,Temirning sovuq konsentrlangan nitrat kislotada passivlanishi,yuqori,9-sinf,record,Fe(s) qirindi + HNO3(aq) 14.4M ≥10M,"≤40°C; Sovuqda (xona haroratida).",,,Hech qanday o'zgarish kuzatilmaydi.,,,sezilarsiz,bir-zumda,ha,"Sovuq konsentrlangan nitrat kislota temirni passivlaydi: sirtda hosil bo'lgan zich oksid parda metallni himoya qiladi, shuning uchun reaksiya bormaydi. Shu sababli konsentrlangan nitrat kislota temir (po'lat) idishlarda tashiladi. Qizdirilganda parda buziladi va reaksiya boshlanadi.",,
metkis-0041,metall-kislota,Alyuminiyning sovuq konsentrlangan nitrat kislotada passivlanishi,yuqori,9-sinf,record,Al(s) qirindi + HNO3(aq) 14.4M ≥10M,"≤40°C; Sovuqda (xona haroratida).",,,Hech qanday o'zgarish kuzatilmaydi.,,,sezilarsiz,bir-zumda,ha,"Sovuq konsentrlangan nitrat kislota alyuminiyni passivlaydi: sirtda hosil bo'lgan zich oksid parda metallni himoya qiladi, shuning uchun reaksiya bormaydi. Shu sababli konsentrlangan nitrat kislota alyuminiy idishlarda tashiladi. Qizdirilganda parda buziladi va reaksiya boshlanadi.",,
metkis-0042,metall-kislota,Temirning sovuq konsentrlangan sulfat kislotada passivlanishi,yuqori,9-sinf,record,Fe(s) qirindi + H2SO4(aq) 18M ≥12M,"≤40°C; Sovuqda (xona haroratida).",,,Hech qanday o'zgarish kuzatilmaydi.,,,sezilarsiz,bir-zumda,ha,"Sovuq konsentrlangan sulfat kislota temirni passivlaydi: sirtda hosil bo'lgan zich oksid parda metallni himoya qiladi, shuning uchun reaksiya bormaydi. Shu sababli konsentrlangan sulfat kislota temir (po'lat) idishlarda tashiladi. Qizdirilganda parda buziladi va reaksiya boshlanadi.",,
metsuv-0001,metall-suv-ishqor,Litiyning suv bilan reaksiyasi,yuqori,8-sinf,rules,Li(s) bo'lak + H2O(l) + C20H14O4(aq) 0.003M,,2Li + 2H2O = 2LiOH + H2↑,2Li + 2H2O = 2Li⁺ + 2OH⁻ + H2↑,"Litiy suv yuzasida suzib, nisbatan sokin reaksiyaga kirishadi; gaz ajraladi, fenolftalein pushti rangga kiradi.",,H2,ekzotermik,tez,,Litiy faollik qatorining boshida turadi va suvni oddiy sharoitda qaytaradi: ishqor (LiOH) va vodorod hosil bo'ladi. Ishqoriy metallarning faolligi guruhda yuqoridan pastga ortadi (Li < Na < K).,,
metsuv-0002,metall-suv-ishqor,Natriyning suv bilan reaksiyasi,yuqori,8-sinf,rules,Na(s) bo'lak + H2O(l) + C20H14O4(aq) 0.003M,,2Na + 2H2O = 2NaOH + H2↑,2Na + 2H2O = 2Na⁺ + 2OH⁻ + H2↑,"Natriy suv yuzasida eriyotgan sharcha bo'lib aylanib yuguradi, vishillaydi; fenolftalein to'q pushti rangga kiradi.",,H2,kuchli-ekzotermik,tez,,Natriy faollik qatorining boshida turadi va suvni oddiy sharoitda qaytaradi: ishqor (NaOH) va vodorod hosil bo'ladi. Ishqoriy metallarning faolligi guruhda yuqoridan pastga ortadi (Li < Na < K).,,
metsuv-0003,metall-suv-ishqor,Kaliyning suv bilan reaksiyasi,yuqori,8-sinf,rules,K(s) bo'lak + H2O(l) + C20H14O4(aq) 0.003M,,2K + 2H2O = 2KOH + H2↑,2K + 2H2O = 2K⁺ + 2OH⁻ + H2↑,"Kaliy shiddat bilan reaksiyaga kirishadi, ajralayotgan vodorod binafsha alanga bilan yonib ketadi; eritma pushti tusga kiradi.",,H2,kuchli-ekzotermik,bir-zumda,,Kaliy faollik qatorining boshida turadi va suvni oddiy sharoitda qaytaradi: ishqor (KOH) va vodorod hosil bo'ladi. Ishqoriy metallarning faolligi guruhda yuqoridan pastga ortadi (Li < Na < K).,,
metsuv-0004,metall-suv-ishqor,Kalsiyning suv bilan reaksiyasi,yuqori,8-sinf,rules,Ca(s) bo'lak + H2O(l) + C20H14O4(aq) 0.003M,,Ca + 2H2O = Ca(OH)2 + H2↑,,"Kalsiy suv tubida gaz pufakchalari ajratib eriydi; eritma loyqalanadi (kam eriydigan Ca(OH)₂), fenolftalein pushti rangga kiradi.",,H2,ekzotermik,o'rtacha,,"Kalsiy faollik qatorining boshida turadi va suvni oddiy sharoitda qaytaradi: ishqor (Ca(OH)₂) va vodorod hosil bo'ladi. Ishqoriy metallarning faolligi guruhda yuqoridan pastga ortadi (Li < Na < K). Ca(OH)₂ suvda kam eriydi, shuning uchun eritma loyqalanadi.",,
metsuv-0005,metall-suv-ishqor,Magniyning issiq suv bilan reaksiyasi,yuqori,8-sinf,rules,Mg(s) kukun + H2O(l) + C20H14O4(aq) 0.003M,"qizdirish; ≥70°C; Sovuq suvda magniy deyarli reaksiyaga kirishmaydi.",Mg + 2H2O = Mg(OH)2 + H2↑,,"Qizdirilganda magniy kukuni sirtida gaz pufakchalari ajraladi, fenolftalein och pushti rangga kiradi.",,H2,sezilarsiz,sekin,,"Magniy natriyga qaraganda kam faol: sovuq suv bilan sirtidagi gidroksid parda tufayli deyarli reaksiyaga kirishmaydi, issiq suv bilan esa vodorod ajratib Mg(OH)₂ hosil qiladi. Mg(OH)₂ kam eriydi, shuning uchun indikator och pushti tusga kiradi.",,
metsuv-0006,metall-suv-ishqor,Magniyning sovuq suv bilan reaksiyaga kirishmasligi,yuqori,8-sinf,rules,Mg(s) lenta + H2O(l) + C20H14O4(aq) 0.003M,≤30°C,,,"Hech qanday o'zgarish kuzatilmaydi, indikator rangsizligicha qoladi.",,,sezilarsiz,bir-zumda,ha,"Sovuq suvda magniy sirti Mg(OH)₂ ning yupqa pardasi bilan qoplanadi va reaksiya deyarli bormaydi; qizdirilganda esa boradi.",,
metsuv-0007,metall-suv-ishqor,Alyuminiyning sovuq suv bilan reaksiyaga kirishmasligi,yuqori,8-sinf,rules,Al(s) plastinka + H2O(l) + C20H14O4(aq) 0.003M,≤30°C,,,"Hech qanday o'zgarish kuzatilmaydi, indikator rangsizligicha qoladi.",,,sezilarsiz,bir-zumda,ha,"Alyuminiy faol metall bo'lsa ham, sirtidagi zich Al₂O₃ parda uni suvdan himoya qiladi — reaksiya ketmaydi.",,
metsuv-0008,metall-suv-ishqor,Temirning sovuq suv bilan reaksiyaga kirishmasligi,yuqori,8-sinf,rules,Fe(s) mix + H2O(l) + C20H14O4(aq) 0.003M,≤30°C,,,"Hech qanday o'zgarish kuzatilmaydi, indikator rangsizligicha qoladi.",,,sezilarsiz,bir-zumda,ha,Temir xona haroratida suv bilan reaksiyaga kirishmaydi (faqat cho'g'langan temir suv bug'i bilan ta'sirlashadi). Suv va havo birgalikda esa asta zanglash jarayonini keltirib chiqaradi.,,
metsuv-0009,metall-suv-ishqor,Ruxning sovuq suv bilan reaksiyaga kirishmasligi,yuqori,8-sinf,rules,Zn(s) granula + H2O(l) + C20H14O4(aq) 0.003M,≤30°C,,,"Hech qanday o'zgarish kuzatilmaydi, indikator rangsizligicha qoladi.",,,sezilarsiz,bir-zumda,ha,Rux suv bilan oddiy sharoitda reaksiyaga kirishmaydi: sirtidagi oksid-gidroksid parda himoya qiladi.,,
metsuv-0010,metall-suv-ishqor,Alyuminiyning natriy gidroksid eritmasi bilan reaksiyasi,yuqori,9-sinf,rules,Al(s) qirindi + NaOH(aq) 2M,,2Al + 2NaOH + 6H2O = 2Na[Al(OH)4] + 3H2↑,2Al + 2OH⁻ + 6H2O = 2[Al(OH)4]⁻ + 3H2↑,"Alyuminiy ishqor eritmasida gaz (vodorod) ajratib eriydi; reaksiya biroz kechikib boshlanib, so'ng jadallashadi.",,H2,ekzotermik,o'rtacha,,"Alyuminiy amfoter metall: u nafaqat kislotalar, balki ishqorlar bilan ham reaksiyaga kirishib vodorod ajratadi. Bunda kompleks tuz — natriy tetragidroksoalyuminat hosil bo'ladi. Shu sababli alyuminiy va rux idishlarda ishqoriy eritmalarni saqlab bo'lmaydi.",,
metsuv-0011,metall-suv-ishqor,Alyuminiyning kaliy gidroksid eritmasi bilan reaksiyasi,yuqori,9-sinf,rules,Al(s) qirindi + KOH(aq) 2M,,2Al + 2KOH + 6H2O = 2K[Al(OH)4] + 3H2↑,2Al + 2OH⁻ + 6H2O = 2[Al(OH)4]⁻ + 3H2↑,"Alyuminiy ishqor eritmasida gaz (vodorod) ajratib eriydi; reaksiya biroz kechikib boshlanib, so'ng jadallashadi.",,H2,ekzotermik,o'rtacha,,"Alyuminiy amfoter metall: u nafaqat kislotalar, balki ishqorlar bilan ham reaksiyaga kirishib vodorod ajratadi. Bunda kompleks tuz — kaliy tetragidroksoalyuminat hosil bo'ladi. Shu sababli alyuminiy va rux idishlarda ishqoriy eritmalarni saqlab bo'lmaydi.",,
metsuv-0012,metall-suv-ishqor,Ruxning natriy gidroksid eritmasi bilan reaksiyasi,yuqori,9-sinf,rules,Zn(s) granula + NaOH(aq) 2M,,Zn + 2NaOH + 2H2O = Na2[Zn(OH)4] + H2↑,Zn + 2OH⁻ + 2H2O = [Zn(OH)4]²⁻ + H2↑,Rux ishqor eritmasida gaz (vodorod) ajratib eriydi.,,H2,sezilarsiz,sekin,,"Rux amfoter metall: u nafaqat kislotalar, balki ishqorlar bilan ham reaksiyaga kirishib vodorod ajratadi. Bunda kompleks tuz — natriy tetragidroksosinkat hosil bo'ladi. Shu sababli alyuminiy va rux idishlarda ishqoriy eritmalarni saqlab bo'lmaydi.",,
metsuv-0013,metall-suv-ishqor,Ruxning kaliy gidroksid eritmasi bilan reaksiyasi,yuqori,9-sinf,rules,Zn(s) granula + KOH(aq) 2M,,Zn + 2KOH + 2H2O = K2[Zn(OH)4] + H2↑,Zn + 2OH⁻ + 2H2O = [Zn(OH)4]²⁻ + H2↑,Rux ishqor eritmasida gaz (vodorod) ajratib eriydi.,,H2,sezilarsiz,sekin,,"Rux amfoter metall: u nafaqat kislotalar, balki ishqorlar bilan ham reaksiyaga kirishib vodorod ajratadi. Bunda kompleks tuz — kaliy tetragidroksosinkat hosil bo'ladi. Shu sababli alyuminiy va rux idishlarda ishqoriy eritmalarni saqlab bo'lmaydi.",,
metsuv-0015,metall-suv-ishqor,Magniyning ishqor eritmasi bilan reaksiyaga kirishmasligi,yuqori,9-sinf,rules,Mg(s) lenta + NaOH(aq) 2M,,,,"Gaz ajralmaydi, metall o'zgarmaydi.",,,sezilarsiz,bir-zumda,ha,"Magniy amfoter emas — uning gidroksidi asosli, shuning uchun magniy ishqor eritmalari bilan reaksiyaga kirishmaydi (Al va Zn dan farqli).",,
metsuv-0016,metall-suv-ishqor,Temirning ishqor eritmasi bilan reaksiyaga kirishmasligi,yuqori,9-sinf,rules,Fe(s) qirindi + NaOH(aq) 2M,,,,"Gaz ajralmaydi, metall o'zgarmaydi.",,,sezilarsiz,bir-zumda,ha,Temir ishqorlarning suyultirilgan eritmalari bilan reaksiyaga kirishmaydi — u amfoter xossa namoyon qilmaydi.,,
metsuv-0017,metall-suv-ishqor,Natriyning mis(II) sulfat eritmasi bilan reaksiyasi,yuqori,9-sinf,rules,Na(s) bo'lak + CuSO4(aq) 0.5M,,2Na + CuSO4 + 2H2O = Cu(OH)2↓ + Na2SO4 + H2↑,2Na + Cu²⁺ + 2H2O = Cu(OH)2↓ + 2Na⁺ + H2↑,"Gaz ajraladi va ko'k mis(II) gidroksid cho'kmasi tushadi; metall ajralmaydi.",Cu(OH)2 #4a9be0 iviqsimon,H2,ekzotermik,tez,,"Natriy faollik qatorida misdan oldin tursa ham, uni tuz eritmasidan siqib chiqarmaydi: u birinchi navbatda suv bilan reaksiyaga kirishadi. Hosil bo'lgan ishqor esa tuz bilan almashinib, mis(II) gidroksid cho'kmasini beradi.",,
metsuv-0018,metall-suv-ishqor,Kaliyning temir(III) xlorid eritmasi bilan reaksiyasi,yuqori,9-sinf,rules,K(s) bo'lak + FeCl3(aq) 0.5M,,6K + 2FeCl3 + 6H2O = 2Fe(OH)3↓ + 6KCl + 3H2↑,6K + 2Fe³⁺ + 6H2O = 2Fe(OH)3↓ + 6K⁺ + 3H2↑,"Gaz ajraladi va qizil-qo'ng'ir temir(III) gidroksid cho'kmasi tushadi; metall ajralmaydi.",Fe(OH)3 #9a4a1c iviqsimon,H2,ekzotermik,tez,,"Kaliy faollik qatorida temir(II) ionidan oldin tursa ham, uni tuz eritmasidan siqib chiqarmaydi: u birinchi navbatda suv bilan reaksiyaga kirishadi. Hosil bo'lgan ishqor esa tuz bilan almashinib, temir(III) gidroksid cho'kmasini beradi.",,
metsuv-0019,metall-suv-ishqor,Natriyning magniy xlorid eritmasi bilan reaksiyasi,yuqori,9-sinf,rules,Na(s) bo'lak + MgCl2(aq) 0.5M,,2Na + MgCl2 + 2H2O = Mg(OH)2↓ + 2NaCl + H2↑,2Na + Mg²⁺ + 2H2O = Mg(OH)2↓ + 2Na⁺ + H2↑,"Gaz ajraladi va oq magniy gidroksid cho'kmasi tushadi; metall ajralmaydi.",Mg(OH)2 #f6f6f2 iviqsimon,H2,ekzotermik,tez,,"Natriy faollik qatorida misdan oldin tursa ham, uni tuz eritmasidan siqib chiqarmaydi: u birinchi navbatda suv bilan reaksiyaga kirishadi. Hosil bo'lgan ishqor esa tuz bilan almashinib, magniy gidroksid cho'kmasini beradi.",,
metsuv-0023,metall-suv-ishqor,Qizdirilgan temirning suv bug'i bilan reaksiyasi,yuqori,9-sinf,record,Fe(s) qirindi + H2O(g),"qizdirish; ≥500°C; Metall qizdirilgan naycha ichida bo'ladi, ustidan suv bug'i o'tkaziladi (harorat chegarasi taxminiy).",3Fe + 4H2O = Fe3O4 + 4H2↑,,"Cho'g'langan temir qirindisi ustidan suv bug'i o'tkazilganda vodorod ajraladi, temir qora temir kuyindisiga (Fe₃O₄) aylanadi.",,H2,ekzotermik,o'rtacha,,"Temir oddiy sharoitda suv bilan deyarli reaksiyaga kirishmaydi, lekin yuqori haroratda suv bug'ini qaytarib, vodorod ajratadi. Bu usul tarixan vodorod olish uchun qo'llanilgan (temir-bug' usuli).",,
metsuv-0024,metall-suv-ishqor,Qizdirilgan magniyning suv bug'i bilan reaksiyasi,yuqori,litsey,record,Mg(s) kukun + H2O(g),"qizdirish; ≥400°C; Metall qizdirilgan naycha ichida bo'ladi, ustidan suv bug'i o'tkaziladi (harorat chegarasi taxminiy).",Mg + H2O = MgO + H2↑,,"Qizdirilgan magniy suv bug'ida yorqin yonadi, oq MgO hosil bo'ladi va vodorod ajraladi.",,H2,kuchli-ekzotermik,o'rtacha,,"Magniy oddiy sharoitda suv bilan deyarli reaksiyaga kirishmaydi, lekin yuqori haroratda suv bug'ini qaytarib, vodorod ajratadi.",,
mettuz-0001,metall-tuz,Temirning mis(II) sulfat eritmasi bilan reaksiyasi,yuqori,8-sinf,rules,Fe(s) mix + CuSO4(aq) 0.5M,,Fe + CuSO4 = FeSO4 + Cu,Fe + Cu²⁺ = Fe²⁺ + Cu,"Temir sirtida mis qatlami (qizg'ish) hosil bo'ladi, eritma rangi o'zgaradi.",,,sezilarsiz,o'rtacha,,"Temir faollik qatorida mis dan oldin turadi: temir atomlari elektron berib Fe²⁺ ionlariga aylanadi, Cu²⁺ ionlari esa elektron qabul qilib metall misga qaytariladi.",,
mettuz-0002,metall-tuz,Temirning mis(II) xlorid eritmasi bilan reaksiyasi,yuqori,8-sinf,rules,Fe(s) mix + CuCl2(aq) 0.5M,,Fe + CuCl2 = FeCl2 + Cu,Fe + Cu²⁺ = Fe²⁺ + Cu,"Temir sirtida mis qatlami (qizg'ish) hosil bo'ladi, eritma rangi o'zgaradi.",,,sezilarsiz,o'rtacha,,"Temir faollik qatorida mis dan oldin turadi: temir atomlari elektron berib Fe²⁺ ionlariga aylanadi, Cu²⁺ ionlari esa elektron qabul qilib metall misga qaytariladi.",,
mettuz-0003,metall-tuz,Temirning mis(II) nitrat eritmasi bilan reaksiyasi,yuqori,8-sinf,rules,Fe(s) mix + Cu(NO3)2(aq) 0.5M,,Fe + Cu(NO3)2 = Fe(NO3)2 + Cu,Fe + Cu²⁺ = Fe²⁺ + Cu,"Temir sirtida mis qatlami (qizg'ish) hosil bo'ladi, eritma rangi o'zgaradi.",,,sezilarsiz,o'rtacha,,"Temir faollik qatorida mis dan oldin turadi: temir atomlari elektron berib Fe²⁺ ionlariga aylanadi, Cu²⁺ ionlari esa elektron qabul qilib metall misga qaytariladi.",,
mettuz-0004,metall-tuz,Temirning kumush nitrat eritmasi bilan reaksiyasi,yuqori,8-sinf,rules,Fe(s) mix + AgNO3(aq) 0.5M,,Fe + 2AgNO3 = Fe(NO3)2 + 2Ag,Fe + 2Ag⁺ = Fe²⁺ + 2Ag,"Temir sirtida kumush qatlami (kumushrang-kulrang kristallar) hosil bo'ladi, eritma rangi o'zgaradi.",,,sezilarsiz,o'rtacha,,"Temir faollik qatorida kumush dan oldin turadi: temir atomlari elektron berib Fe²⁺ ionlariga aylanadi, Ag⁺ ionlari esa elektron qabul qilib metall kumushga qaytariladi.",,
mettuz-0005,metall-tuz,Temirning qo'rg'oshin(II) nitrat eritmasi bilan reaksiyasi,yuqori,8-sinf,rules,Fe(s) mix + Pb(NO3)2(aq) 0.5M,,Fe + Pb(NO3)2 = Fe(NO3)2 + Pb,Fe + Pb²⁺ = Fe²⁺ + Pb,"Temir sirtida qo'rg'oshin qatlami (kulrang yaltiroq tangachalar) hosil bo'ladi, eritma rangi o'zgaradi.",,,sezilarsiz,o'rtacha,,"Temir faollik qatorida qo'rg'oshin dan oldin turadi: temir atomlari elektron berib Fe²⁺ ionlariga aylanadi, Pb²⁺ ionlari esa elektron qabul qilib metall qo'rg'oshinga qaytariladi.",,
mettuz-0006,metall-tuz,Temirning nikel(II) sulfat eritmasi bilan reaksiyasi,yuqori,8-sinf,rules,Fe(s) mix + NiSO4(aq) 0.5M,,Fe + NiSO4 = FeSO4 + Ni,Fe + Ni²⁺ = Fe²⁺ + Ni,"Temir sirtida nikel qatlami (kulrang) hosil bo'ladi, eritma rangi o'zgaradi.",,,sezilarsiz,o'rtacha,,"Temir faollik qatorida nikel dan oldin turadi: temir atomlari elektron berib Fe²⁺ ionlariga aylanadi, Ni²⁺ ionlari esa elektron qabul qilib metall nikelga qaytariladi.",,
mettuz-0007,metall-tuz,Temirning qalay(II) xlorid eritmasi bilan reaksiyasi,yuqori,8-sinf,rules,Fe(s) mix + SnCl2(aq) 0.5M,,Fe + SnCl2 = FeCl2 + Sn,Fe + Sn²⁺ = Fe²⁺ + Sn,"Temir sirtida qalay qatlami (kulrang ignasimon kristallar) hosil bo'ladi, eritma rangi o'zgaradi.",,,sezilarsiz,o'rtacha,,"Temir faollik qatorida qalay dan oldin turadi: temir atomlari elektron berib Fe²⁺ ionlariga aylanadi, Sn²⁺ ionlari esa elektron qabul qilib metall qalayga qaytariladi.",,
mettuz-0008,metall-tuz,Temirning temir(III) xlorid eritmasi bilan reaksiyasi,yuqori,9-sinf,rules,Fe(s) mix + FeCl3(aq) 0.5M,,Fe + 2FeCl3 = 3FeCl2,Fe + 2Fe³⁺ = 3Fe²⁺,"Temir eriydi, eritma rangi o'zgaradi.",,,sezilarsiz,o'rtacha,,"Temir Fe³⁺ ionlarini Fe²⁺ gacha qaytaradi, o'zi ham Fe²⁺ ga oksidlanadi (komproporsiya). Shuning uchun temir(II) tuzlari eritmalarini saqlashda ichiga temir mix solib qo'yiladi.",,
mettuz-0009,metall-tuz,Temirning temir(III) sulfat eritmasi bilan reaksiyasi,yuqori,9-sinf,rules,Fe(s) mix + Fe2(SO4)3(aq) 0.5M,,Fe + Fe2(SO4)3 = 3FeSO4,Fe + 2Fe³⁺ = 3Fe²⁺,"Temir eriydi, eritma rangi o'zgaradi.",,,sezilarsiz,o'rtacha,,"Temir Fe³⁺ ionlarini Fe²⁺ gacha qaytaradi, o'zi ham Fe²⁺ ga oksidlanadi (komproporsiya). Shuning uchun temir(II) tuzlari eritmalarini saqlashda ichiga temir mix solib qo'yiladi.",,
mettuz-0010,metall-tuz,Ruxning mis(II) sulfat eritmasi bilan reaksiyasi,yuqori,8-sinf,rules,Zn(s) plastinka + CuSO4(aq) 0.5M,,Zn + CuSO4 = ZnSO4 + Cu,Zn + Cu²⁺ = Zn²⁺ + Cu,"Rux sirtida mis qatlami (qizg'ish) hosil bo'ladi, eritma rangi o'zgaradi.",,,sezilarsiz,o'rtacha,,"Rux faollik qatorida mis dan oldin turadi: rux atomlari elektron berib Zn²⁺ ionlariga aylanadi, Cu²⁺ ionlari esa elektron qabul qilib metall misga qaytariladi.",,
mettuz-0011,metall-tuz,Ruxning mis(II) xlorid eritmasi bilan reaksiyasi,yuqori,8-sinf,rules,Zn(s) plastinka + CuCl2(aq) 0.5M,,Zn + CuCl2 = ZnCl2 + Cu,Zn + Cu²⁺ = Zn²⁺ + Cu,"Rux sirtida mis qatlami (qizg'ish) hosil bo'ladi, eritma rangi o'zgaradi.",,,sezilarsiz,o'rtacha,,"Rux faollik qatorida mis dan oldin turadi: rux atomlari elektron berib Zn²⁺ ionlariga aylanadi, Cu²⁺ ionlari esa elektron qabul qilib metall misga qaytariladi.",,
mettuz-0012,metall-tuz,Ruxning mis(II) nitrat eritmasi bilan reaksiyasi,yuqori,8-sinf,rules,Zn(s) plastinka + Cu(NO3)2(aq) 0.5M,,Zn + Cu(NO3)2 = Zn(NO3)2 + Cu,Zn + Cu²⁺ = Zn²⁺ + Cu,"Rux sirtida mis qatlami (qizg'ish) hosil bo'ladi, eritma rangi o'zgaradi.",,,sezilarsiz,o'rtacha,,"Rux faollik qatorida mis dan oldin turadi: rux atomlari elektron berib Zn²⁺ ionlariga aylanadi, Cu²⁺ ionlari esa elektron qabul qilib metall misga qaytariladi.",,
mettuz-0013,metall-tuz,Ruxning qo'rg'oshin(II) nitrat eritmasi bilan reaksiyasi,yuqori,8-sinf,rules,Zn(s) plastinka + Pb(NO3)2(aq) 0.5M,,Zn + Pb(NO3)2 = Zn(NO3)2 + Pb,Zn + Pb²⁺ = Zn²⁺ + Pb,Rux sirtida qo'rg'oshin qatlami (kulrang yaltiroq tangachalar) hosil bo'ladi.,,,sezilarsiz,o'rtacha,,"Rux faollik qatorida qo'rg'oshin dan oldin turadi: rux atomlari elektron berib Zn²⁺ ionlariga aylanadi, Pb²⁺ ionlari esa elektron qabul qilib metall qo'rg'oshinga qaytariladi. Ajralayotgan qo'rg'oshin kristallari plastinkada shoxlanib o'sadi — ""qo'rg'oshin daraxti"" hosil bo'ladi.",,
mettuz-0014,metall-tuz,Ruxning qo'rg'oshin(II) atsetat eritmasi bilan reaksiyasi,yuqori,8-sinf,rules,Zn(s) plastinka + (CH3COO)2Pb(aq) 0.5M,,Zn + (CH3COO)2Pb = (CH3COO)2Zn + Pb,Zn + Pb²⁺ = Zn²⁺ + Pb,Rux sirtida qo'rg'oshin qatlami (kulrang yaltiroq tangachalar) hosil bo'ladi.,,,sezilarsiz,o'rtacha,,"Rux faollik qatorida qo'rg'oshin dan oldin turadi: rux atomlari elektron berib Zn²⁺ ionlariga aylanadi, Pb²⁺ ionlari esa elektron qabul qilib metall qo'rg'oshinga qaytariladi. Ajralayotgan qo'rg'oshin kristallari plastinkada shoxlanib o'sadi — ""qo'rg'oshin daraxti"" hosil bo'ladi.",,
mettuz-0015,metall-tuz,Ruxning kumush nitrat eritmasi bilan reaksiyasi,yuqori,8-sinf,rules,Zn(s) plastinka + AgNO3(aq) 0.5M,,Zn + 2AgNO3 = Zn(NO3)2 + 2Ag,Zn + 2Ag⁺ = Zn²⁺ + 2Ag,Rux sirtida kumush qatlami (kumushrang-kulrang kristallar) hosil bo'ladi.,,,sezilarsiz,o'rtacha,,"Rux faollik qatorida kumush dan oldin turadi: rux atomlari elektron berib Zn²⁺ ionlariga aylanadi, Ag⁺ ionlari esa elektron qabul qilib metall kumushga qaytariladi.",,
mettuz-0016,metall-tuz,Ruxning qalay(II) xlorid eritmasi bilan reaksiyasi,yuqori,8-sinf,rules,Zn(s) plastinka + SnCl2(aq) 0.5M,,Zn + SnCl2 = ZnCl2 + Sn,Zn + Sn²⁺ = Zn²⁺ + Sn,Rux sirtida qalay qatlami (kulrang ignasimon kristallar) hosil bo'ladi.,,,sezilarsiz,o'rtacha,,"Rux faollik qatorida qalay dan oldin turadi: rux atomlari elektron berib Zn²⁺ ionlariga aylanadi, Sn²⁺ ionlari esa elektron qabul qilib metall qalayga qaytariladi. Ajralayotgan qalay kristallari plastinkada shoxlanib o'sadi — ""qalay daraxti"" hosil bo'ladi.",,
mettuz-0017,metall-tuz,Ruxning nikel(II) sulfat eritmasi bilan reaksiyasi,yuqori,8-sinf,rules,Zn(s) plastinka + NiSO4(aq) 0.5M,,Zn + NiSO4 = ZnSO4 + Ni,Zn + Ni²⁺ = Zn²⁺ + Ni,"Rux sirtida nikel qatlami (kulrang) hosil bo'ladi, eritma rangi o'zgaradi.",,,sezilarsiz,o'rtacha,,"Rux faollik qatorida nikel dan oldin turadi: rux atomlari elektron berib Zn²⁺ ionlariga aylanadi, Ni²⁺ ionlari esa elektron qabul qilib metall nikelga qaytariladi.",,
mettuz-0018,metall-tuz,Ruxning temir(II) sulfat eritmasi bilan reaksiyasi,yuqori,8-sinf,rules,Zn(s) plastinka + FeSO4(aq) 0.5M,,Zn + FeSO4 = ZnSO4 + Fe,Zn + Fe²⁺ = Zn²⁺ + Fe,"Rux sirtida temir qatlami (qoramtir-kulrang) hosil bo'ladi, eritma rangi o'zgaradi.",,,sezilarsiz,o'rtacha,,"Rux faollik qatorida temir dan oldin turadi: rux atomlari elektron berib Zn²⁺ ionlariga aylanadi, Fe²⁺ ionlari esa elektron qabul qilib metall temirga qaytariladi.",,
mettuz-0019,metall-tuz,Ruxning kobalt(II) xlorid eritmasi bilan reaksiyasi,yuqori,8-sinf,rules,Zn(s) plastinka + CoCl2(aq) 0.5M,,Zn + CoCl2 = ZnCl2 + Co,Zn + Co²⁺ = Zn²⁺ + Co,"Rux sirtida kobalt qatlami (kulrang) hosil bo'ladi, eritma rangi o'zgaradi.",,,sezilarsiz,o'rtacha,,"Rux faollik qatorida kobalt dan oldin turadi: rux atomlari elektron berib Zn²⁺ ionlariga aylanadi, Co²⁺ ionlari esa elektron qabul qilib metall kobaltga qaytariladi.",,
mettuz-0021,metall-tuz,Magniyning mis(II) sulfat eritmasi bilan reaksiyasi,yuqori,8-sinf,rules,Mg(s) lenta + CuSO4(aq) 0.5M,,Mg + CuSO4 = MgSO4 + Cu,Mg + Cu²⁺ = Mg²⁺ + Cu,"Magniy sirtida mis qatlami (qizg'ish) hosil bo'ladi, eritma rangi o'zgaradi.",,,ekzotermik,tez,,"Magniy faollik qatorida mis dan oldin turadi: magniy atomlari elektron berib Mg²⁺ ionlariga aylanadi, Cu²⁺ ionlari esa elektron qabul qilib metall misga qaytariladi.",,
mettuz-0022,metall-tuz,Magniyning rux sulfat eritmasi bilan reaksiyasi,yuqori,8-sinf,rules,Mg(s) lenta + ZnSO4(aq) 0.5M,,Mg + ZnSO4 = MgSO4 + Zn,Mg + Zn²⁺ = Mg²⁺ + Zn,Magniy sirtida rux qatlami (kulrang) hosil bo'ladi.,,,ekzotermik,tez,,"Magniy faollik qatorida rux dan oldin turadi: magniy atomlari elektron berib Mg²⁺ ionlariga aylanadi, Zn²⁺ ionlari esa elektron qabul qilib metall ruxga qaytariladi.",,
mettuz-0023,metall-tuz,Magniyning qo'rg'oshin(II) nitrat eritmasi bilan reaksiyasi,yuqori,8-sinf,rules,Mg(s) lenta + Pb(NO3)2(aq) 0.5M,,Mg + Pb(NO3)2 = Mg(NO3)2 + Pb,Mg + Pb²⁺ = Mg²⁺ + Pb,Magniy sirtida qo'rg'oshin qatlami (kulrang yaltiroq tangachalar) hosil bo'ladi.,,,ekzotermik,tez,,"Magniy faollik qatorida qo'rg'oshin dan oldin turadi: magniy atomlari elektron berib Mg²⁺ ionlariga aylanadi, Pb²⁺ ionlari esa elektron qabul qilib metall qo'rg'oshinga qaytariladi.",,
mettuz-0024,metall-tuz,Magniyning kumush nitrat eritmasi bilan reaksiyasi,yuqori,8-sinf,rules,Mg(s) lenta + AgNO3(aq) 0.5M,,Mg + 2AgNO3 = Mg(NO3)2 + 2Ag,Mg + 2Ag⁺ = Mg²⁺ + 2Ag,Magniy sirtida kumush qatlami (kumushrang-kulrang kristallar) hosil bo'ladi.,,,ekzotermik,tez,,"Magniy faollik qatorida kumush dan oldin turadi: magniy atomlari elektron berib Mg²⁺ ionlariga aylanadi, Ag⁺ ionlari esa elektron qabul qilib metall kumushga qaytariladi.",,
mettuz-0025,metall-tuz,Magniyning temir(II) sulfat eritmasi bilan reaksiyasi,yuqori,8-sinf,rules,Mg(s) lenta + FeSO4(aq) 0.5M,,Mg + FeSO4 = MgSO4 + Fe,Mg + Fe²⁺ = Mg²⁺ + Fe,"Magniy sirtida temir qatlami (qoramtir-kulrang) hosil bo'ladi, eritma rangi o'zgaradi.",,,ekzotermik,tez,,"Magniy faollik qatorida temir dan oldin turadi: magniy atomlari elektron berib Mg²⁺ ionlariga aylanadi, Fe²⁺ ionlari esa elektron qabul qilib metall temirga qaytariladi.",,
mettuz-0026,metall-tuz,Magniyning nikel(II) sulfat eritmasi bilan reaksiyasi,yuqori,8-sinf,rules,Mg(s) lenta + NiSO4(aq) 0.5M,,Mg + NiSO4 = MgSO4 + Ni,Mg + Ni²⁺ = Mg²⁺ + Ni,"Magniy sirtida nikel qatlami (kulrang) hosil bo'ladi, eritma rangi o'zgaradi.",,,ekzotermik,tez,,"Magniy faollik qatorida nikel dan oldin turadi: magniy atomlari elektron berib Mg²⁺ ionlariga aylanadi, Ni²⁺ ionlari esa elektron qabul qilib metall nikelga qaytariladi.",,
mettuz-0027,metall-tuz,Magniyning mis(II) xlorid eritmasi bilan reaksiyasi,yuqori,8-sinf,rules,Mg(s) lenta + CuCl2(aq) 0.5M,,Mg + CuCl2 = MgCl2 + Cu,Mg + Cu²⁺ = Mg²⁺ + Cu,"Magniy sirtida mis qatlami (qizg'ish) hosil bo'ladi, eritma rangi o'zgaradi.",,,ekzotermik,tez,,"Magniy faollik qatorida mis dan oldin turadi: magniy atomlari elektron berib Mg²⁺ ionlariga aylanadi, Cu²⁺ ionlari esa elektron qabul qilib metall misga qaytariladi.",,
mettuz-0028,metall-tuz,Alyuminiyning mis(II) xlorid eritmasi bilan reaksiyasi,yuqori,8-sinf,rules,Al(s) plastinka + CuCl2(aq) 0.5M,,2Al + 3CuCl2 = 2AlCl3 + 3Cu,2Al + 3Cu²⁺ = 2Al³⁺ + 3Cu,"Alyuminiy sirtida mis qatlami (qizg'ish) hosil bo'ladi, eritma rangi o'zgaradi.",,,sezilarsiz,o'rtacha,,"Alyuminiy faollik qatorida mis dan oldin turadi: alyuminiy atomlari elektron berib Al³⁺ ionlariga aylanadi, Cu²⁺ ionlari esa elektron qabul qilib metall misga qaytariladi. Xlorid ionlari alyuminiy sirtidagi oksid pardani buzadi, shuning uchun reaksiya tez boradi (sulfat eritmasida esa juda sekin).",,
mettuz-0029,metall-tuz,Alyuminiyning mis(II) sulfat eritmasi bilan reaksiyasi,yuqori,8-sinf,rules,Al(s) plastinka + CuSO4(aq) 0.5M,,2Al + 3CuSO4 = Al2(SO4)3 + 3Cu,2Al + 3Cu²⁺ = 2Al³⁺ + 3Cu,"Alyuminiy sirtida mis qatlami (qizg'ish) hosil bo'ladi, eritma rangi o'zgaradi.",,,sezilarsiz,sekin,,"Alyuminiy faollik qatorida mis dan oldin turadi: alyuminiy atomlari elektron berib Al³⁺ ionlariga aylanadi, Cu²⁺ ionlari esa elektron qabul qilib metall misga qaytariladi. Alyuminiy sirtidagi zich oksid parda tufayli sulfat eritmasida reaksiya juda sekin boradi; eritmaga ozgina NaCl qo'shilsa, tezlashadi.",,
mettuz-0030,metall-tuz,Alyuminiyning kumush nitrat eritmasi bilan reaksiyasi,yuqori,8-sinf,rules,Al(s) plastinka + AgNO3(aq) 0.5M,,Al + 3AgNO3 = Al(NO3)3 + 3Ag,Al + 3Ag⁺ = Al³⁺ + 3Ag,Alyuminiy sirtida kumush qatlami (kumushrang-kulrang kristallar) hosil bo'ladi.,,,sezilarsiz,o'rtacha,,"Alyuminiy faollik qatorida kumush dan oldin turadi: alyuminiy atomlari elektron berib Al³⁺ ionlariga aylanadi, Ag⁺ ionlari esa elektron qabul qilib metall kumushga qaytariladi.",,
mettuz-0031,metall-tuz,Alyuminiyning qo'rg'oshin(II) nitrat eritmasi bilan reaksiyasi,yuqori,8-sinf,rules,Al(s) plastinka + Pb(NO3)2(aq) 0.5M,,2Al + 3Pb(NO3)2 = 2Al(NO3)3 + 3Pb,2Al + 3Pb²⁺ = 2Al³⁺ + 3Pb,Alyuminiy sirtida qo'rg'oshin qatlami (kulrang yaltiroq tangachalar) hosil bo'ladi.,,,sezilarsiz,o'rtacha,,"Alyuminiy faollik qatorida qo'rg'oshin dan oldin turadi: alyuminiy atomlari elektron berib Al³⁺ ionlariga aylanadi, Pb²⁺ ionlari esa elektron qabul qilib metall qo'rg'oshinga qaytariladi.",,
mettuz-0032,metall-tuz,Alyuminiyning rux xlorid eritmasi bilan reaksiyasi,yuqori,8-sinf,rules,Al(s) plastinka + ZnCl2(aq) 0.5M,,2Al + 3ZnCl2 = 2AlCl3 + 3Zn,2Al + 3Zn²⁺ = 2Al³⁺ + 3Zn,Alyuminiy sirtida rux qatlami (kulrang) hosil bo'ladi.,,,sezilarsiz,o'rtacha,,"Alyuminiy faollik qatorida rux dan oldin turadi: alyuminiy atomlari elektron berib Al³⁺ ionlariga aylanadi, Zn²⁺ ionlari esa elektron qabul qilib metall ruxga qaytariladi.",,
mettuz-0034,metall-tuz,Misning kumush nitrat eritmasi bilan reaksiyasi,yuqori,8-sinf,rules,Cu(s) sim + AgNO3(aq) 0.5M,,Cu + 2AgNO3 = Cu(NO3)2 + 2Ag,Cu + 2Ag⁺ = Cu²⁺ + 2Ag,"Mis sirtida kumush qatlami (kumushrang-kulrang kristallar) hosil bo'ladi, eritma rangi o'zgaradi.",,,sezilarsiz,o'rtacha,,"Mis faollik qatorida kumush dan oldin turadi: mis atomlari elektron berib Cu²⁺ ionlariga aylanadi, Ag⁺ ionlari esa elektron qabul qilib metall kumushga qaytariladi. Mis sim atrofida yaltiroq kumush kristallari ""daraxt"" bo'lib o'sadi, eritma esa mis ionlaridan ko'karadi.",,
mettuz-0035,metall-tuz,Misning temir(III) xlorid eritmasi bilan reaksiyasi,yuqori,9-sinf,rules,Cu(s) sim + FeCl3(aq) 0.5M,,Cu + 2FeCl3 = CuCl2 + 2FeCl2,Cu + 2Fe³⁺ = Cu²⁺ + 2Fe²⁺,"Mis eriydi, eritma rangi o'zgaradi.",,,sezilarsiz,o'rtacha,,"Mis faollik qatorida temirdan keyin tursa ham, Fe³⁺ ioni kuchli oksidlovchi bo'lib, misni oksidlaydi va o'zi Fe²⁺ gacha qaytariladi (metall temir hosil bo'lmaydi). Bu reaksiya bosma platalarni ""kesish"" (travlenie)da qo'llaniladi.",,
mettuz-0036,metall-tuz,Misning temir(III) sulfat eritmasi bilan reaksiyasi,yuqori,9-sinf,rules,Cu(s) sim + Fe2(SO4)3(aq) 0.5M,,Cu + Fe2(SO4)3 = CuSO4 + 2FeSO4,Cu + 2Fe³⁺ = Cu²⁺ + 2Fe²⁺,"Mis eriydi, eritma rangi o'zgaradi.",,,sezilarsiz,o'rtacha,,"Mis faollik qatorida temirdan keyin tursa ham, Fe³⁺ ioni kuchli oksidlovchi bo'lib, misni oksidlaydi va o'zi Fe²⁺ gacha qaytariladi (metall temir hosil bo'lmaydi). Bu reaksiya bosma platalarni ""kesish"" (travlenie)da qo'llaniladi.",,
mettuz-0038,metall-tuz,Nikelning mis(II) sulfat eritmasi bilan reaksiyasi,yuqori,8-sinf,rules,Ni(s) plastinka + CuSO4(aq) 0.5M,,Ni + CuSO4 = NiSO4 + Cu,Ni + Cu²⁺ = Ni²⁺ + Cu,"Nikel sirtida mis qatlami (qizg'ish) hosil bo'ladi, eritma rangi o'zgaradi.",,,sezilarsiz,sekin,,"Nikel faollik qatorida mis dan oldin turadi: nikel atomlari elektron berib Ni²⁺ ionlariga aylanadi, Cu²⁺ ionlari esa elektron qabul qilib metall misga qaytariladi.",,
mettuz-0039,metall-tuz,Nikelning kumush nitrat eritmasi bilan reaksiyasi,yuqori,8-sinf,rules,Ni(s) plastinka + AgNO3(aq) 0.5M,,Ni + 2AgNO3 = Ni(NO3)2 + 2Ag,Ni + 2Ag⁺ = Ni²⁺ + 2Ag,"Nikel sirtida kumush qatlami (kumushrang-kulrang kristallar) hosil bo'ladi, eritma rangi o'zgaradi.",,,sezilarsiz,sekin,,"Nikel faollik qatorida kumush dan oldin turadi: nikel atomlari elektron berib Ni²⁺ ionlariga aylanadi, Ag⁺ ionlari esa elektron qabul qilib metall kumushga qaytariladi.",,
mettuz-0041,metall-tuz,Qo'rg'oshinning mis(II) nitrat eritmasi bilan reaksiyasi,yuqori,8-sinf,rules,Pb(s) plastinka + Cu(NO3)2(aq) 0.5M,,Pb + Cu(NO3)2 = Pb(NO3)2 + Cu,Pb + Cu²⁺ = Pb²⁺ + Cu,"Qo'rg'oshin sirtida mis qatlami (qizg'ish) hosil bo'ladi, eritma rangi o'zgaradi.",,,sezilarsiz,sekin,,"Qo'rg'oshin faollik qatorida mis dan oldin turadi: qo'rg'oshin atomlari elektron berib Pb²⁺ ionlariga aylanadi, Cu²⁺ ionlari esa elektron qabul qilib metall misga qaytariladi.",,
mettuz-0042,metall-tuz,Qo'rg'oshinning kumush nitrat eritmasi bilan reaksiyasi,yuqori,8-sinf,rules,Pb(s) plastinka + AgNO3(aq) 0.5M,,Pb + 2AgNO3 = Pb(NO3)2 + 2Ag,Pb + 2Ag⁺ = Pb²⁺ + 2Ag,Qo'rg'oshin sirtida kumush qatlami (kumushrang-kulrang kristallar) hosil bo'ladi.,,,sezilarsiz,sekin,,"Qo'rg'oshin faollik qatorida kumush dan oldin turadi: qo'rg'oshin atomlari elektron berib Pb²⁺ ionlariga aylanadi, Ag⁺ ionlari esa elektron qabul qilib metall kumushga qaytariladi.",,
mettuz-0044,metall-tuz,Misning rux sulfat eritmasi bilan reaksiyaga kirishmasligi,yuqori,8-sinf,rules,Cu(s) sim + ZnSO4(aq) 0.5M,,,,Hech qanday o'zgarish kuzatilmaydi.,,,sezilarsiz,bir-zumda,ha,Har bir metall faollik qatorida o'zidan keyin turgan metallarnigina ularning tuzlari eritmasidan siqib chiqaradi. Mis ruxdan keyin turgani uchun reaksiya bormaydi.,,
mettuz-0045,metall-tuz,Misning temir(II) sulfat eritmasi bilan reaksiyaga kirishmasligi,yuqori,8-sinf,rules,Cu(s) sim + FeSO4(aq) 0.5M,,,,Hech qanday o'zgarish kuzatilmaydi.,,,sezilarsiz,bir-zumda,ha,Har bir metall faollik qatorida o'zidan keyin turgan metallarnigina ularning tuzlari eritmasidan siqib chiqaradi. Mis temirdan keyin turgani uchun reaksiya bormaydi.,,
mettuz-0046,metall-tuz,Kumushning mis(II) sulfat eritmasi bilan reaksiyaga kirishmasligi,yuqori,8-sinf,rules,Ag(s) sim + CuSO4(aq) 0.5M,,,,Hech qanday o'zgarish kuzatilmaydi.,,,sezilarsiz,bir-zumda,ha,Har bir metall faollik qatorida o'zidan keyin turgan metallarnigina ularning tuzlari eritmasidan siqib chiqaradi. Kumush misdan keyin turgani uchun reaksiya bormaydi.,,
mettuz-0047,metall-tuz,Temirning rux sulfat eritmasi bilan reaksiyaga kirishmasligi,yuqori,8-sinf,rules,Fe(s) mix + ZnSO4(aq) 0.5M,,,,Hech qanday o'zgarish kuzatilmaydi.,,,sezilarsiz,bir-zumda,ha,Har bir metall faollik qatorida o'zidan keyin turgan metallarnigina ularning tuzlari eritmasidan siqib chiqaradi. Temir ruxdan keyin turgani uchun reaksiya bormaydi.,,
mettuz-0048,metall-tuz,Qo'rg'oshinning rux sulfat eritmasi bilan reaksiyaga kirishmasligi,yuqori,8-sinf,rules,Pb(s) plastinka + ZnSO4(aq) 0.5M,,,,Hech qanday o'zgarish kuzatilmaydi.,,,sezilarsiz,bir-zumda,ha,Har bir metall faollik qatorida o'zidan keyin turgan metallarnigina ularning tuzlari eritmasidan siqib chiqaradi. Qo'rg'oshin ruxdan keyin turgani uchun reaksiya bormaydi.,,
mettuz-0049,metall-tuz,Misning qo'rg'oshin(II) nitrat eritmasi bilan reaksiyaga kirishmasligi,yuqori,8-sinf,rules,Cu(s) sim + Pb(NO3)2(aq) 0.5M,,,,Hech qanday o'zgarish kuzatilmaydi.,,,sezilarsiz,bir-zumda,ha,Har bir metall faollik qatorida o'zidan keyin turgan metallarnigina ularning tuzlari eritmasidan siqib chiqaradi. Mis qo'rg'oshindan keyin turgani uchun reaksiya bormaydi.,,
mettuz-0050,metall-tuz,Qalayning rux sulfat eritmasi bilan reaksiyaga kirishmasligi,yuqori,8-sinf,rules,Sn(s) granula + ZnSO4(aq) 0.5M,,,,Hech qanday o'zgarish kuzatilmaydi.,,,sezilarsiz,bir-zumda,ha,Har bir metall faollik qatorida o'zidan keyin turgan metallarnigina ularning tuzlari eritmasidan siqib chiqaradi. Qalay ruxdan keyin turgani uchun reaksiya bormaydi.,,
neytr-0001,neytrallanish,Xlorid kislota va natriy gidroksid eritmalarining neytrallanishi,yuqori,8-sinf,rules,HCl(aq) 0.5M + NaOH(aq) 0.5M + C20H14O4(aq) 0.003M,,HCl + NaOH = NaCl + H2O,H⁺ + OH⁻ = H2O,"Kislota yetarli qo'shilganda pushti rang yo'qoladi, probirka biroz isiydi.",,,ekzotermik,bir-zumda,,"Neytrallanish reaksiyasining mohiyati — H⁺ va OH⁻ ionlaridan suv hosil bo'lishi; qisqartirilgan ionli tenglama barcha kuchli kislota va kuchli asoslar uchun bir xil. Reaksiya issiqlik chiqishi bilan boradi. Kuchli kislota va kuchli asosdan hosil bo'lgan natriy xlorid gidrolizlanmaydi — eritma muhiti neytral.",,
neytr-0002,neytrallanish,Xlorid kislota va kaliy gidroksid eritmalarining neytrallanishi,yuqori,8-sinf,rules,HCl(aq) 0.5M + KOH(aq) 0.5M + C20H14O4(aq) 0.003M,,HCl + KOH = KCl + H2O,H⁺ + OH⁻ = H2O,"Kislota yetarli qo'shilganda pushti rang yo'qoladi, probirka biroz isiydi.",,,ekzotermik,bir-zumda,,"Neytrallanish reaksiyasining mohiyati — H⁺ va OH⁻ ionlaridan suv hosil bo'lishi; qisqartirilgan ionli tenglama barcha kuchli kislota va kuchli asoslar uchun bir xil. Reaksiya issiqlik chiqishi bilan boradi. Kuchli kislota va kuchli asosdan hosil bo'lgan kaliy xlorid gidrolizlanmaydi — eritma muhiti neytral.",,
neytr-0003,neytrallanish,Xlorid kislota va litiy gidroksid eritmalarining neytrallanishi,yuqori,8-sinf,rules,HCl(aq) 0.5M + LiOH(aq) 0.5M + C20H14O4(aq) 0.003M,,HCl + LiOH = LiCl + H2O,H⁺ + OH⁻ = H2O,"Kislota yetarli qo'shilganda pushti rang yo'qoladi, probirka biroz isiydi.",,,ekzotermik,bir-zumda,,"Neytrallanish reaksiyasining mohiyati — H⁺ va OH⁻ ionlaridan suv hosil bo'lishi; qisqartirilgan ionli tenglama barcha kuchli kislota va kuchli asoslar uchun bir xil. Reaksiya issiqlik chiqishi bilan boradi. Kuchli kislota va kuchli asosdan hosil bo'lgan litiy xlorid gidrolizlanmaydi — eritma muhiti neytral.",,
neytr-0004,neytrallanish,Xlorid kislota va bariy gidroksid eritmalarining neytrallanishi,yuqori,8-sinf,rules,HCl(aq) 0.5M + Ba(OH)2(aq) 0.2M + C20H14O4(aq) 0.003M,,2HCl + Ba(OH)2 = BaCl2 + 2H2O,H⁺ + OH⁻ = H2O,"Kislota yetarli qo'shilganda pushti rang yo'qoladi, probirka biroz isiydi.",,,ekzotermik,bir-zumda,,"Neytrallanish reaksiyasining mohiyati — H⁺ va OH⁻ ionlaridan suv hosil bo'lishi; qisqartirilgan ionli tenglama barcha kuchli kislota va kuchli asoslar uchun bir xil. Reaksiya issiqlik chiqishi bilan boradi. Kuchli kislota va kuchli asosdan hosil bo'lgan bariy xlorid gidrolizlanmaydi — eritma muhiti neytral.",,
neytr-0005,neytrallanish,Nitrat kislota va natriy gidroksid eritmalarining neytrallanishi,yuqori,8-sinf,rules,HNO3(aq) 0.5M + NaOH(aq) 0.5M + C20H14O4(aq) 0.003M,,HNO3 + NaOH = NaNO3 + H2O,H⁺ + OH⁻ = H2O,"Kislota yetarli qo'shilganda pushti rang yo'qoladi, probirka biroz isiydi.",,,ekzotermik,bir-zumda,,"Neytrallanish reaksiyasining mohiyati — H⁺ va OH⁻ ionlaridan suv hosil bo'lishi; qisqartirilgan ionli tenglama barcha kuchli kislota va kuchli asoslar uchun bir xil. Reaksiya issiqlik chiqishi bilan boradi. Kuchli kislota va kuchli asosdan hosil bo'lgan natriy nitrat gidrolizlanmaydi — eritma muhiti neytral.",,
neytr-0006,neytrallanish,Nitrat kislota va kaliy gidroksid eritmalarining neytrallanishi,yuqori,8-sinf,rules,HNO3(aq) 0.5M + KOH(aq) 0.5M + C20H14O4(aq) 0.003M,,HNO3 + KOH = KNO3 + H2O,H⁺ + OH⁻ = H2O,"Kislota yetarli qo'shilganda pushti rang yo'qoladi, probirka biroz isiydi.",,,ekzotermik,bir-zumda,,"Neytrallanish reaksiyasining mohiyati — H⁺ va OH⁻ ionlaridan suv hosil bo'lishi; qisqartirilgan ionli tenglama barcha kuchli kislota va kuchli asoslar uchun bir xil. Reaksiya issiqlik chiqishi bilan boradi. Kuchli kislota va kuchli asosdan hosil bo'lgan kaliy nitrat gidrolizlanmaydi — eritma muhiti neytral.",,
neytr-0007,neytrallanish,Nitrat kislota va litiy gidroksid eritmalarining neytrallanishi,yuqori,8-sinf,rules,HNO3(aq) 0.5M + LiOH(aq) 0.5M + C20H14O4(aq) 0.003M,,HNO3 + LiOH = LiNO3 + H2O,H⁺ + OH⁻ = H2O,"Kislota yetarli qo'shilganda pushti rang yo'qoladi, probirka biroz isiydi.",,,ekzotermik,bir-zumda,,"Neytrallanish reaksiyasining mohiyati — H⁺ va OH⁻ ionlaridan suv hosil bo'lishi; qisqartirilgan ionli tenglama barcha kuchli kislota va kuchli asoslar uchun bir xil. Reaksiya issiqlik chiqishi bilan boradi. Kuchli kislota va kuchli asosdan hosil bo'lgan litiy nitrat gidrolizlanmaydi — eritma muhiti neytral.",,
neytr-0008,neytrallanish,Nitrat kislota va bariy gidroksid eritmalarining neytrallanishi,yuqori,8-sinf,rules,HNO3(aq) 0.5M + Ba(OH)2(aq) 0.2M + C20H14O4(aq) 0.003M,,2HNO3 + Ba(OH)2 = Ba(NO3)2 + 2H2O,H⁺ + OH⁻ = H2O,"Kislota yetarli qo'shilganda pushti rang yo'qoladi, probirka biroz isiydi.",,,ekzotermik,bir-zumda,,"Neytrallanish reaksiyasining mohiyati — H⁺ va OH⁻ ionlaridan suv hosil bo'lishi; qisqartirilgan ionli tenglama barcha kuchli kislota va kuchli asoslar uchun bir xil. Reaksiya issiqlik chiqishi bilan boradi. Kuchli kislota va kuchli asosdan hosil bo'lgan bariy nitrat gidrolizlanmaydi — eritma muhiti neytral.",,
neytr-0009,neytrallanish,Sulfat kislota va natriy gidroksid eritmalarining neytrallanishi,yuqori,8-sinf,rules,H2SO4(aq) 0.5M + NaOH(aq) 0.5M + C20H14O4(aq) 0.003M,,H2SO4 + 2NaOH = Na2SO4 + 2H2O,H⁺ + OH⁻ = H2O,"Kislota yetarli qo'shilganda pushti rang yo'qoladi, probirka biroz isiydi.",,,ekzotermik,bir-zumda,,"Neytrallanish reaksiyasining mohiyati — H⁺ va OH⁻ ionlaridan suv hosil bo'lishi; qisqartirilgan ionli tenglama barcha kuchli kislota va kuchli asoslar uchun bir xil. Reaksiya issiqlik chiqishi bilan boradi. Kuchli kislota va kuchli asosdan hosil bo'lgan natriy sulfat gidrolizlanmaydi — eritma muhiti neytral.",,
neytr-0010,neytrallanish,Sulfat kislota va kaliy gidroksid eritmalarining neytrallanishi,yuqori,8-sinf,rules,H2SO4(aq) 0.5M + KOH(aq) 0.5M + C20H14O4(aq) 0.003M,,H2SO4 + 2KOH = K2SO4 + 2H2O,H⁺ + OH⁻ = H2O,"Kislota yetarli qo'shilganda pushti rang yo'qoladi, probirka biroz isiydi.",,,ekzotermik,bir-zumda,,"Neytrallanish reaksiyasining mohiyati — H⁺ va OH⁻ ionlaridan suv hosil bo'lishi; qisqartirilgan ionli tenglama barcha kuchli kislota va kuchli asoslar uchun bir xil. Reaksiya issiqlik chiqishi bilan boradi. Kuchli kislota va kuchli asosdan hosil bo'lgan kaliy sulfat gidrolizlanmaydi — eritma muhiti neytral.",,
neytr-0011,neytrallanish,Sulfat kislota va litiy gidroksid eritmalarining neytrallanishi,yuqori,8-sinf,rules,H2SO4(aq) 0.5M + LiOH(aq) 0.5M + C20H14O4(aq) 0.003M,,H2SO4 + 2LiOH = Li2SO4 + 2H2O,H⁺ + OH⁻ = H2O,"Kislota yetarli qo'shilganda pushti rang yo'qoladi, probirka biroz isiydi.",,,ekzotermik,bir-zumda,,"Neytrallanish reaksiyasining mohiyati — H⁺ va OH⁻ ionlaridan suv hosil bo'lishi; qisqartirilgan ionli tenglama barcha kuchli kislota va kuchli asoslar uchun bir xil. Reaksiya issiqlik chiqishi bilan boradi. Kuchli kislota va kuchli asosdan hosil bo'lgan litiy sulfat gidrolizlanmaydi — eritma muhiti neytral.",,
neytr-0012,neytrallanish,Sulfat kislota va bariy gidroksid eritmalarining o'zaro ta'siri (neytrallanish va cho'kma),yuqori,8-sinf,rules,H2SO4(aq) 0.5M + Ba(OH)2(aq) 0.2M + C20H14O4(aq) 0.003M,,H2SO4 + Ba(OH)2 = BaSO4↓ + 2H2O,2H⁺ + SO4²⁻ + Ba²⁺ + 2OH⁻ = BaSO4↓ + 2H2O,"Pushti rang yo'qoladi va oq cho'kma tushadi, probirka biroz isiydi.",BaSO4 #f4f4ee mayda-kristall,,ekzotermik,bir-zumda,,"Neytrallanish reaksiyasining mohiyati — H⁺ va OH⁻ ionlaridan suv hosil bo'lishi; qisqartirilgan ionli tenglama barcha kuchli kislota va kuchli asoslar uchun bir xil. Reaksiya issiqlik chiqishi bilan boradi. Bundan tashqari, bariy sulfat suvda erimaydi va oq cho'kma tushadi.",,
neytr-0013,neytrallanish,Bromid kislota va natriy gidroksid eritmalarining neytrallanishi,yuqori,8-sinf,rules,HBr(aq) 0.5M + NaOH(aq) 0.5M + C20H14O4(aq) 0.003M,,HBr + NaOH = NaBr + H2O,H⁺ + OH⁻ = H2O,"Kislota yetarli qo'shilganda pushti rang yo'qoladi, probirka biroz isiydi.",,,ekzotermik,bir-zumda,,"Neytrallanish reaksiyasining mohiyati — H⁺ va OH⁻ ionlaridan suv hosil bo'lishi; qisqartirilgan ionli tenglama barcha kuchli kislota va kuchli asoslar uchun bir xil. Reaksiya issiqlik chiqishi bilan boradi. Kuchli kislota va kuchli asosdan hosil bo'lgan natriy bromid gidrolizlanmaydi — eritma muhiti neytral.",,
neytr-0014,neytrallanish,Bromid kislota va kaliy gidroksid eritmalarining neytrallanishi,yuqori,8-sinf,rules,HBr(aq) 0.5M + KOH(aq) 0.5M + C20H14O4(aq) 0.003M,,HBr + KOH = KBr + H2O,H⁺ + OH⁻ = H2O,"Kislota yetarli qo'shilganda pushti rang yo'qoladi, probirka biroz isiydi.",,,ekzotermik,bir-zumda,,"Neytrallanish reaksiyasining mohiyati — H⁺ va OH⁻ ionlaridan suv hosil bo'lishi; qisqartirilgan ionli tenglama barcha kuchli kislota va kuchli asoslar uchun bir xil. Reaksiya issiqlik chiqishi bilan boradi. Kuchli kislota va kuchli asosdan hosil bo'lgan kaliy bromid gidrolizlanmaydi — eritma muhiti neytral.",,
neytr-0015,neytrallanish,Yodid kislota va natriy gidroksid eritmalarining neytrallanishi,yuqori,8-sinf,rules,HI(aq) 0.5M + NaOH(aq) 0.5M + C20H14O4(aq) 0.003M,,HI + NaOH = NaI + H2O,H⁺ + OH⁻ = H2O,"Kislota yetarli qo'shilganda pushti rang yo'qoladi, probirka biroz isiydi.",,,ekzotermik,bir-zumda,,"Neytrallanish reaksiyasining mohiyati — H⁺ va OH⁻ ionlaridan suv hosil bo'lishi; qisqartirilgan ionli tenglama barcha kuchli kislota va kuchli asoslar uchun bir xil. Reaksiya issiqlik chiqishi bilan boradi. Kuchli kislota va kuchli asosdan hosil bo'lgan natriy yodid gidrolizlanmaydi — eritma muhiti neytral.",,
neytr-0016,neytrallanish,Yodid kislota va kaliy gidroksid eritmalarining neytrallanishi,yuqori,8-sinf,rules,HI(aq) 0.5M + KOH(aq) 0.5M + C20H14O4(aq) 0.003M,,HI + KOH = KI + H2O,H⁺ + OH⁻ = H2O,"Kislota yetarli qo'shilganda pushti rang yo'qoladi, probirka biroz isiydi.",,,ekzotermik,bir-zumda,,"Neytrallanish reaksiyasining mohiyati — H⁺ va OH⁻ ionlaridan suv hosil bo'lishi; qisqartirilgan ionli tenglama barcha kuchli kislota va kuchli asoslar uchun bir xil. Reaksiya issiqlik chiqishi bilan boradi. Kuchli kislota va kuchli asosdan hosil bo'lgan kaliy yodid gidrolizlanmaydi — eritma muhiti neytral.",,
neytr-0017,neytrallanish,Sulfat kislota va natriy gidroksidning 1:1 mol nisbatdagi reaksiyasi (natriy gidrosulfat hosil bo'lishi),yuqori,9-sinf,rules,H2SO4(aq) 0.5M + NaOH(aq) 0.5M + C20H14O4(aq) 0.003M,,H2SO4 + NaOH = NaHSO4 + H2O,H⁺ + OH⁻ = H2O,"Ko'zga ko'rinadigan o'zgarish kam: eritma rangsiz qoladi, muhitni indikator bilan aniqlash mumkin.",,,ekzotermik,bir-zumda,,"Ko'p negizli kislotalar asos bilan bosqichma-bosqich reaksiyaga kirishadi. Kislota va asosning mol nisbati 1:1 bo'lganda natriy gidrosulfat hosil bo'ladi. Natriy gidrosulfat — nordon tuz: HSO₄⁻ ioni H⁺ ionini ajratadi, shuning uchun eritma muhiti kislotali.",,
neytr-0018,neytrallanish,Sulfat kislota va kaliy gidroksidning 1:1 mol nisbatdagi reaksiyasi (kaliy gidrosulfat hosil bo'lishi),yuqori,9-sinf,rules,H2SO4(aq) 0.5M + KOH(aq) 0.5M + C20H14O4(aq) 0.003M,,H2SO4 + KOH = KHSO4 + H2O,H⁺ + OH⁻ = H2O,"Ko'zga ko'rinadigan o'zgarish kam: eritma rangsiz qoladi, muhitni indikator bilan aniqlash mumkin.",,,ekzotermik,bir-zumda,,"Ko'p negizli kislotalar asos bilan bosqichma-bosqich reaksiyaga kirishadi. Kislota va asosning mol nisbati 1:1 bo'lganda kaliy gidrosulfat hosil bo'ladi. Kaliy gidrosulfat — nordon tuz: HSO₄⁻ ioni H⁺ ionini ajratadi, shuning uchun eritma muhiti kislotali.",,
neytr-0019,neytrallanish,Fosfat (ortofosfat) kislota va natriy gidroksidning 1:1 mol nisbatdagi reaksiyasi (natriy digidrofosfat hosil bo'lishi),yuqori,9-sinf,rules,H3PO4(aq) 1M + NaOH(aq) 0.5M + C20H14O4(aq) 0.003M,,H3PO4 + NaOH = NaH2PO4 + H2O,H3PO4 + OH⁻ = H2PO4⁻ + H2O,"Ko'zga ko'rinadigan o'zgarish kam: eritma rangsiz qoladi, muhitni indikator bilan aniqlash mumkin.",,,ekzotermik,bir-zumda,,"Ko'p negizli kislotalar asos bilan bosqichma-bosqich reaksiyaga kirishadi. Kislota va asosning mol nisbati 1:1 bo'lganda natriy digidrofosfat hosil bo'ladi. Natriy digidrofosfat — nordon tuz: H₂PO₄⁻ ioni H⁺ ionini ajratadi, shuning uchun eritma muhiti kislotali.",,
neytr-0020,neytrallanish,Fosfat (ortofosfat) kislota va natriy gidroksidning 1:2 mol nisbatdagi reaksiyasi (natriy gidrofosfat hosil bo'lishi),yuqori,9-sinf,rules,H3PO4(aq) 1M + NaOH(aq) 0.5M + C20H14O4(aq) 0.003M,,H3PO4 + 2NaOH = Na2HPO4 + 2H2O,H3PO4 + 2OH⁻ = HPO4²⁻ + 2H2O,"Ko'zga ko'rinadigan o'zgarish kam: eritma rangsiz qoladi, muhitni indikator bilan aniqlash mumkin.",,,ekzotermik,bir-zumda,,"Ko'p negizli kislotalar asos bilan bosqichma-bosqich reaksiyaga kirishadi. Kislota va asosning mol nisbati 1:2 bo'lganda natriy gidrofosfat hosil bo'ladi. Natriy gidrofosfat eritmasida HPO₄²⁻ ionining gidrolizi uning dissotsilanishidan ustun, shuning uchun muhit ishqoriy.",,
neytr-0021,neytrallanish,Fosfat (ortofosfat) kislota va natriy gidroksidning 1:3 mol nisbatdagi reaksiyasi (natriy fosfat hosil bo'lishi),yuqori,9-sinf,rules,H3PO4(aq) 1M + NaOH(aq) 0.5M + C20H14O4(aq) 0.003M,,H3PO4 + 3NaOH = Na3PO4 + 3H2O,H3PO4 + 3OH⁻ = PO4³⁻ + 3H2O,"Ko'zga ko'rinadigan o'zgarish kam: eritma rangsiz qoladi, muhitni indikator bilan aniqlash mumkin.",,,ekzotermik,bir-zumda,,Ko'p negizli kislotalar asos bilan bosqichma-bosqich reaksiyaga kirishadi. Kislota va asosning mol nisbati 1:3 bo'lganda natriy fosfat hosil bo'ladi. Natriy fosfat kuchsiz kislota qoldig'i (PO₄³⁻) gidrolizlanib OH⁻ ionlarini hosil qiladi — eritma muhiti ishqoriy.,,
neytr-0022,neytrallanish,Fosfat (ortofosfat) kislota va kaliy gidroksidning 1:1 mol nisbatdagi reaksiyasi (kaliy digidrofosfat hosil bo'lishi),yuqori,9-sinf,rules,H3PO4(aq) 1M + KOH(aq) 0.5M + C20H14O4(aq) 0.003M,,H3PO4 + KOH = KH2PO4 + H2O,H3PO4 + OH⁻ = H2PO4⁻ + H2O,"Ko'zga ko'rinadigan o'zgarish kam: eritma rangsiz qoladi, muhitni indikator bilan aniqlash mumkin.",,,ekzotermik,bir-zumda,,"Ko'p negizli kislotalar asos bilan bosqichma-bosqich reaksiyaga kirishadi. Kislota va asosning mol nisbati 1:1 bo'lganda kaliy digidrofosfat hosil bo'ladi. Kaliy digidrofosfat — nordon tuz: H₂PO₄⁻ ioni H⁺ ionini ajratadi, shuning uchun eritma muhiti kislotali.",,
neytr-0023,neytrallanish,Fosfat (ortofosfat) kislota va kaliy gidroksidning 1:2 mol nisbatdagi reaksiyasi (kaliy gidrofosfat hosil bo'lishi),yuqori,9-sinf,rules,H3PO4(aq) 1M + KOH(aq) 0.5M + C20H14O4(aq) 0.003M,,H3PO4 + 2KOH = K2HPO4 + 2H2O,H3PO4 + 2OH⁻ = HPO4²⁻ + 2H2O,"Ko'zga ko'rinadigan o'zgarish kam: eritma rangsiz qoladi, muhitni indikator bilan aniqlash mumkin.",,,ekzotermik,bir-zumda,,"Ko'p negizli kislotalar asos bilan bosqichma-bosqich reaksiyaga kirishadi. Kislota va asosning mol nisbati 1:2 bo'lganda kaliy gidrofosfat hosil bo'ladi. Kaliy gidrofosfat eritmasida HPO₄²⁻ ionining gidrolizi uning dissotsilanishidan ustun, shuning uchun muhit ishqoriy.",,
neytr-0024,neytrallanish,Fosfat (ortofosfat) kislota va kaliy gidroksidning 1:3 mol nisbatdagi reaksiyasi (kaliy fosfat hosil bo'lishi),yuqori,9-sinf,rules,H3PO4(aq) 1M + KOH(aq) 0.5M + C20H14O4(aq) 0.003M,,H3PO4 + 3KOH = K3PO4 + 3H2O,H3PO4 + 3OH⁻ = PO4³⁻ + 3H2O,"Ko'zga ko'rinadigan o'zgarish kam: eritma rangsiz qoladi, muhitni indikator bilan aniqlash mumkin.",,,ekzotermik,bir-zumda,,Ko'p negizli kislotalar asos bilan bosqichma-bosqich reaksiyaga kirishadi. Kislota va asosning mol nisbati 1:3 bo'lganda kaliy fosfat hosil bo'ladi. Kaliy fosfat kuchsiz kislota qoldig'i (PO₄³⁻) gidrolizlanib OH⁻ ionlarini hosil qiladi — eritma muhiti ishqoriy.,,
neytr-0025,neytrallanish,Fosfat (ortofosfat) kislota va ammiakli suvning 1:1 mol nisbatdagi reaksiyasi (ammoniy digidrofosfat hosil bo'lishi),yuqori,9-sinf,rules,H3PO4(aq) 1M + NH3·H2O(aq) 2M + C14H14N3NaO3S(aq) 0.003M,,H3PO4 + NH3·H2O = NH4H2PO4 + H2O,H3PO4 + NH3·H2O = NH4⁺ + H2PO4⁻ + H2O,"Ko'zga ko'rinadigan o'zgarish kam: eritma rangsiz qoladi, muhitni indikator bilan aniqlash mumkin.",,,ekzotermik,bir-zumda,,"Ko'p negizli kislotalar asos bilan bosqichma-bosqich reaksiyaga kirishadi. Kislota va asosning mol nisbati 1:1 bo'lganda ammoniy digidrofosfat hosil bo'ladi. Ammoniy digidrofosfat — nordon tuz: H₂PO₄⁻ ioni H⁺ ionini ajratadi, shuning uchun eritma muhiti kislotali.",,
neytr-0026,neytrallanish,Fosfat (ortofosfat) kislota va ammiakli suvning 1:2 mol nisbatdagi reaksiyasi (ammoniy gidrofosfat hosil bo'lishi),yuqori,9-sinf,rules,H3PO4(aq) 1M + NH3·H2O(aq) 2M + C14H14N3NaO3S(aq) 0.003M,,H3PO4 + 2NH3·H2O = (NH4)2HPO4 + 2H2O,H3PO4 + 2NH3·H2O = 2NH4⁺ + HPO4²⁻ + 2H2O,"Ko'zga ko'rinadigan o'zgarish kam: eritma rangsiz qoladi, muhitni indikator bilan aniqlash mumkin.",,,ekzotermik,bir-zumda,,"Ko'p negizli kislotalar asos bilan bosqichma-bosqich reaksiyaga kirishadi. Kislota va asosning mol nisbati 1:2 bo'lganda ammoniy gidrofosfat hosil bo'ladi. Ammoniy gidrofosfat eritmasida HPO₄²⁻ ionining gidrolizi uning dissotsilanishidan ustun, shuning uchun muhit ishqoriy.",,
neytr-0029,neytrallanish,Sirka kislota va natriy gidroksidning o'zaro ta'siri,yuqori,9-sinf,rules,CH3COOH(aq) 1M + NaOH(aq) 0.5M + C20H14O4(aq) 0.003M + C14H14N3NaO3S(aq) 0.003M,,CH3COOH + NaOH = CH3COONa + H2O,CH3COOH + OH⁻ = CH3COO⁻ + H2O,"Metiloranj qizil rangdan sariq rangga o'tadi; boshqa o'zgarish kuzatilmaydi.",,,ekzotermik,bir-zumda,,Sirka kislota kuchsiz kislota bo'lgani uchun ionli tenglamada molekula holida yoziladi. Natriy atsetat kuchsiz kislota qoldig'i (CH₃COO⁻) gidrolizlanib OH⁻ ionlarini hosil qiladi — eritma muhiti ishqoriy.,,
neytr-0030,neytrallanish,Sirka kislota va kaliy gidroksidning o'zaro ta'siri,yuqori,9-sinf,rules,CH3COOH(aq) 1M + KOH(aq) 0.5M + C20H14O4(aq) 0.003M + C14H14N3NaO3S(aq) 0.003M,,CH3COOH + KOH = CH3COOK + H2O,CH3COOH + OH⁻ = CH3COO⁻ + H2O,"Metiloranj qizil rangdan sariq rangga o'tadi; boshqa o'zgarish kuzatilmaydi.",,,ekzotermik,bir-zumda,,Sirka kislota kuchsiz kislota bo'lgani uchun ionli tenglamada molekula holida yoziladi. Kaliy atsetat kuchsiz kislota qoldig'i (CH₃COO⁻) gidrolizlanib OH⁻ ionlarini hosil qiladi — eritma muhiti ishqoriy.,,
neytr-0031,neytrallanish,Sirka kislota va ammiakli suvning o'zaro ta'siri,yuqori,9-sinf,rules,CH3COOH(aq) 1M + NH3·H2O(aq) 2M + C14H14N3NaO3S(aq) 0.003M,,CH3COOH + NH3·H2O = CH3COONH4 + H2O,CH3COOH + NH3·H2O = NH4⁺ + CH3COO⁻ + H2O,"Metiloranj qizil rangdan sariq rangga o'tadi; boshqa o'zgarish kuzatilmaydi.",,,ekzotermik,bir-zumda,,"Sirka kislota kuchsiz kislota bo'lgani uchun ionli tenglamada molekula holida yoziladi. Ammiakli suv kuchsiz asos: unda NH₃ molekulalari ustun turadi va ular H⁺ ionini biriktirib NH₄⁺ ionini hosil qiladi. Ammoniy atsetat kuchsiz asos va kuchsiz kislotadan hosil bo'lgan: ikkala ion ham gidrolizlanadi, muhit neytral (ta'sirlar bir-biriga yaqin).",,
neytr-0032,neytrallanish,Sirka kislota va bariy gidroksidning o'zaro ta'siri,yuqori,9-sinf,rules,CH3COOH(aq) 1M + Ba(OH)2(aq) 0.2M + C20H14O4(aq) 0.003M + C14H14N3NaO3S(aq) 0.003M,,2CH3COOH + Ba(OH)2 = (CH3COO)2Ba + 2H2O,CH3COOH + OH⁻ = CH3COO⁻ + H2O,"Metiloranj qizil rangdan sariq rangga o'tadi; boshqa o'zgarish kuzatilmaydi.",,,ekzotermik,bir-zumda,,Sirka kislota kuchsiz kislota bo'lgani uchun ionli tenglamada molekula holida yoziladi. Bariy atsetat kuchsiz kislota qoldig'i (CH₃COO⁻) gidrolizlanib OH⁻ ionlarini hosil qiladi — eritma muhiti ishqoriy.,,
neytr-0033,neytrallanish,Chumoli kislota va natriy gidroksidning o'zaro ta'siri,yuqori,9-sinf,rules,HCOOH(aq) 1M + NaOH(aq) 0.5M + C20H14O4(aq) 0.003M + C14H14N3NaO3S(aq) 0.003M,,HCOOH + NaOH = HCOONa + H2O,HCOOH + OH⁻ = HCOO⁻ + H2O,"Metiloranj qizil rangdan sariq rangga o'tadi; boshqa o'zgarish kuzatilmaydi.",,,ekzotermik,bir-zumda,,Chumoli kislota kuchsiz kislota bo'lgani uchun ionli tenglamada molekula holida yoziladi. Natriy formiat kuchsiz kislota qoldig'i (HCOO⁻) gidrolizlanib OH⁻ ionlarini hosil qiladi — eritma muhiti neytral.,,
neytr-0034,neytrallanish,Chumoli kislota va kaliy gidroksidning o'zaro ta'siri,yuqori,9-sinf,rules,HCOOH(aq) 1M + KOH(aq) 0.5M + C20H14O4(aq) 0.003M + C14H14N3NaO3S(aq) 0.003M,,HCOOH + KOH = HCOOK + H2O,HCOOH + OH⁻ = HCOO⁻ + H2O,"Metiloranj qizil rangdan sariq rangga o'tadi; boshqa o'zgarish kuzatilmaydi.",,,ekzotermik,bir-zumda,,Chumoli kislota kuchsiz kislota bo'lgani uchun ionli tenglamada molekula holida yoziladi. Kaliy formiat kuchsiz kislota qoldig'i (HCOO⁻) gidrolizlanib OH⁻ ionlarini hosil qiladi — eritma muhiti neytral.,,
neytr-0035,neytrallanish,Xlorid kislota va ammiakli suvning o'zaro ta'siri,yuqori,9-sinf,rules,HCl(aq) 0.5M + NH3·H2O(aq) 2M + C14H14N3NaO3S(aq) 0.003M,,HCl + NH3·H2O = NH4Cl + H2O,H⁺ + NH3·H2O = NH4⁺ + H2O,"Metiloranj qizil rangdan sariq rangga o'tadi; boshqa o'zgarish kuzatilmaydi.",,,ekzotermik,bir-zumda,,Ammiakli suv kuchsiz asos: unda NH₃ molekulalari ustun turadi va ular H⁺ ionini biriktirib NH₄⁺ ionini hosil qiladi. Ammoniy xlorid eritmasida NH₄⁺ kationi gidrolizlanib H⁺ ionlarini hosil qiladi — eritma muhiti kislotali.,,
neytr-0036,neytrallanish,Nitrat kislota va ammiakli suvning o'zaro ta'siri,yuqori,9-sinf,rules,HNO3(aq) 0.5M + NH3·H2O(aq) 2M + C14H14N3NaO3S(aq) 0.003M,,HNO3 + NH3·H2O = NH4NO3 + H2O,H⁺ + NH3·H2O = NH4⁺ + H2O,"Metiloranj qizil rangdan sariq rangga o'tadi; boshqa o'zgarish kuzatilmaydi.",,,ekzotermik,bir-zumda,,Ammiakli suv kuchsiz asos: unda NH₃ molekulalari ustun turadi va ular H⁺ ionini biriktirib NH₄⁺ ionini hosil qiladi. Ammoniy nitrat eritmasida NH₄⁺ kationi gidrolizlanib H⁺ ionlarini hosil qiladi — eritma muhiti kislotali.,,
neytr-0037,neytrallanish,Sulfat kislota va ammiakli suvning o'zaro ta'siri,yuqori,9-sinf,rules,H2SO4(aq) 0.5M + NH3·H2O(aq) 2M + C14H14N3NaO3S(aq) 0.003M,,H2SO4 + 2NH3·H2O = (NH4)2SO4 + 2H2O,H⁺ + NH3·H2O = NH4⁺ + H2O,"Metiloranj qizil rangdan sariq rangga o'tadi; boshqa o'zgarish kuzatilmaydi.",,,ekzotermik,bir-zumda,,Ammiakli suv kuchsiz asos: unda NH₃ molekulalari ustun turadi va ular H⁺ ionini biriktirib NH₄⁺ ionini hosil qiladi. Ammoniy sulfat eritmasida NH₄⁺ kationi gidrolizlanib H⁺ ionlarini hosil qiladi — eritma muhiti kislotali.,,
neytr-0038,neytrallanish,Bromid kislota va ammiakli suvning o'zaro ta'siri,yuqori,9-sinf,rules,HBr(aq) 0.5M + NH3·H2O(aq) 2M + C14H14N3NaO3S(aq) 0.003M,,HBr + NH3·H2O = NH4Br + H2O,H⁺ + NH3·H2O = NH4⁺ + H2O,"Metiloranj qizil rangdan sariq rangga o'tadi; boshqa o'zgarish kuzatilmaydi.",,,ekzotermik,bir-zumda,,Ammiakli suv kuchsiz asos: unda NH₃ molekulalari ustun turadi va ular H⁺ ionini biriktirib NH₄⁺ ionini hosil qiladi. Ammoniy bromid eritmasida NH₄⁺ kationi gidrolizlanib H⁺ ionlarini hosil qiladi — eritma muhiti kislotali.,,
neytr-0039,neytrallanish,Mis(II) gidroksidning xlorid kislotada erishi,yuqori,8-sinf,rules,HCl(aq) 0.5M + Cu(OH)2(s),,2HCl + Cu(OH)2 = CuCl2 + 2H2O,2H⁺ + Cu(OH)2 = Cu²⁺ + 2H2O,"Mis(II) gidroksid cho'kmasi eriydi, eritma ko'k rangga kiradi.",,,sezilarsiz,tez,,Erimaydigan asoslar ham kislotalar bilan neytrallanadi: asos kristall panjarasidagi OH⁻ ionlari H⁺ ionlari bilan suv hosil qiladi va asos eriydi. Eritma rangi Cu²⁺ ionlariga bog'liq — ko'k.,,
neytr-0040,neytrallanish,Mis(II) gidroksidning sulfat kislotada erishi,yuqori,8-sinf,rules,H2SO4(aq) 0.5M + Cu(OH)2(s),,H2SO4 + Cu(OH)2 = CuSO4 + 2H2O,2H⁺ + Cu(OH)2 = Cu²⁺ + 2H2O,"Mis(II) gidroksid cho'kmasi eriydi, eritma ko'k rangga kiradi.",,,sezilarsiz,tez,,Erimaydigan asoslar ham kislotalar bilan neytrallanadi: asos kristall panjarasidagi OH⁻ ionlari H⁺ ionlari bilan suv hosil qiladi va asos eriydi. Eritma rangi Cu²⁺ ionlariga bog'liq — ko'k.,,
neytr-0041,neytrallanish,Mis(II) gidroksidning nitrat kislotada erishi,yuqori,8-sinf,rules,HNO3(aq) 0.5M + Cu(OH)2(s),,2HNO3 + Cu(OH)2 = Cu(NO3)2 + 2H2O,2H⁺ + Cu(OH)2 = Cu²⁺ + 2H2O,"Mis(II) gidroksid cho'kmasi eriydi, eritma ko'k rangga kiradi.",,,sezilarsiz,tez,,Erimaydigan asoslar ham kislotalar bilan neytrallanadi: asos kristall panjarasidagi OH⁻ ionlari H⁺ ionlari bilan suv hosil qiladi va asos eriydi. Eritma rangi Cu²⁺ ionlariga bog'liq — ko'k.,,
neytr-0042,neytrallanish,Mis(II) gidroksidning sirka kislotada erishi,yuqori,8-sinf,rules,CH3COOH(aq) 1M + Cu(OH)2(s) + C14H14N3NaO3S(aq) 0.003M,,2CH3COOH + Cu(OH)2 = (CH3COO)2Cu + 2H2O,2CH3COOH + Cu(OH)2 = Cu²⁺ + 2CH3COO⁻ + 2H2O,"Mis(II) gidroksid cho'kmasi eriydi, eritma ko'k rangga kiradi.",,,sezilarsiz,tez,,"Erimaydigan asoslar ham kislotalar bilan neytrallanadi: asos kristall panjarasidagi OH⁻ ionlari H⁺ ionlari bilan suv hosil qiladi va asos eriydi. Eritma rangi Cu²⁺ ionlariga bog'liq — ko'k. Sirka kislota kuchsiz bo'lsa-da, bu asosni eritishga yetarli.",,
neytr-0043,neytrallanish,Temir(III) gidroksidning xlorid kislotada erishi,yuqori,8-sinf,rules,HCl(aq) 0.5M + Fe(OH)3(s),,3HCl + Fe(OH)3 = FeCl3 + 3H2O,3H⁺ + Fe(OH)3 = Fe³⁺ + 3H2O,"Temir(III) gidroksid cho'kmasi eriydi, eritma sariq-qo'ng'ir rangga kiradi.",,,sezilarsiz,tez,,Erimaydigan asoslar ham kislotalar bilan neytrallanadi: asos kristall panjarasidagi OH⁻ ionlari H⁺ ionlari bilan suv hosil qiladi va asos eriydi. Eritma rangi Fe³⁺ ionlariga bog'liq — sariq-qo'ng'ir.,,
neytr-0044,neytrallanish,Temir(III) gidroksidning sulfat kislotada erishi,yuqori,8-sinf,rules,H2SO4(aq) 0.5M + Fe(OH)3(s),,3H2SO4 + 2Fe(OH)3 = Fe2(SO4)3 + 6H2O,3H⁺ + Fe(OH)3 = Fe³⁺ + 3H2O,"Temir(III) gidroksid cho'kmasi eriydi, eritma sariq-qo'ng'ir rangga kiradi.",,,sezilarsiz,tez,,Erimaydigan asoslar ham kislotalar bilan neytrallanadi: asos kristall panjarasidagi OH⁻ ionlari H⁺ ionlari bilan suv hosil qiladi va asos eriydi. Eritma rangi Fe³⁺ ionlariga bog'liq — sariq-qo'ng'ir.,,
neytr-0045,neytrallanish,Temir(III) gidroksidning nitrat kislotada erishi,yuqori,8-sinf,rules,HNO3(aq) 0.5M + Fe(OH)3(s),,3HNO3 + Fe(OH)3 = Fe(NO3)3 + 3H2O,3H⁺ + Fe(OH)3 = Fe³⁺ + 3H2O,"Temir(III) gidroksid cho'kmasi eriydi, eritma sariq-qo'ng'ir rangga kiradi.",,,sezilarsiz,tez,,Erimaydigan asoslar ham kislotalar bilan neytrallanadi: asos kristall panjarasidagi OH⁻ ionlari H⁺ ionlari bilan suv hosil qiladi va asos eriydi. Eritma rangi Fe³⁺ ionlariga bog'liq — sariq-qo'ng'ir.,,
neytr-0046,neytrallanish,Temir(II) gidroksidning xlorid kislotada erishi,yuqori,8-sinf,rules,HCl(aq) 0.5M + Fe(OH)2(s),,2HCl + Fe(OH)2 = FeCl2 + 2H2O,2H⁺ + Fe(OH)2 = Fe²⁺ + 2H2O,"Temir(II) gidroksid cho'kmasi eriydi, eritma och yashil rangga kiradi.",,,sezilarsiz,tez,,Erimaydigan asoslar ham kislotalar bilan neytrallanadi: asos kristall panjarasidagi OH⁻ ionlari H⁺ ionlari bilan suv hosil qiladi va asos eriydi. Eritma rangi Fe²⁺ ionlariga bog'liq — och yashil.,,
neytr-0047,neytrallanish,Temir(II) gidroksidning sulfat kislotada erishi,yuqori,8-sinf,rules,H2SO4(aq) 0.5M + Fe(OH)2(s),,H2SO4 + Fe(OH)2 = FeSO4 + 2H2O,2H⁺ + Fe(OH)2 = Fe²⁺ + 2H2O,"Temir(II) gidroksid cho'kmasi eriydi, eritma och yashil rangga kiradi.",,,sezilarsiz,tez,,Erimaydigan asoslar ham kislotalar bilan neytrallanadi: asos kristall panjarasidagi OH⁻ ionlari H⁺ ionlari bilan suv hosil qiladi va asos eriydi. Eritma rangi Fe²⁺ ionlariga bog'liq — och yashil.,,
neytr-0048,neytrallanish,Magniy gidroksidning xlorid kislotada erishi,yuqori,8-sinf,rules,HCl(aq) 0.5M + Mg(OH)2(s),,2HCl + Mg(OH)2 = MgCl2 + 2H2O,2H⁺ + Mg(OH)2 = Mg²⁺ + 2H2O,"Magniy gidroksid cho'kmasi eriydi, eritma rangsiz rangga kiradi.",,,sezilarsiz,tez,,Erimaydigan asoslar ham kislotalar bilan neytrallanadi: asos kristall panjarasidagi OH⁻ ionlari H⁺ ionlari bilan suv hosil qiladi va asos eriydi. Eritma rangi Mg²⁺ ionlariga bog'liq — rangsiz.,,
neytr-0049,neytrallanish,Magniy gidroksidning sulfat kislotada erishi,yuqori,8-sinf,rules,H2SO4(aq) 0.5M + Mg(OH)2(s),,H2SO4 + Mg(OH)2 = MgSO4 + 2H2O,2H⁺ + Mg(OH)2 = Mg²⁺ + 2H2O,"Magniy gidroksid cho'kmasi eriydi, eritma rangsiz rangga kiradi.",,,sezilarsiz,tez,,Erimaydigan asoslar ham kislotalar bilan neytrallanadi: asos kristall panjarasidagi OH⁻ ionlari H⁺ ionlari bilan suv hosil qiladi va asos eriydi. Eritma rangi Mg²⁺ ionlariga bog'liq — rangsiz.,,
neytr-0050,neytrallanish,Magniy gidroksidning sirka kislotada erishi,yuqori,8-sinf,rules,CH3COOH(aq) 1M + Mg(OH)2(s) + C14H14N3NaO3S(aq) 0.003M,,2CH3COOH + Mg(OH)2 = (CH3COO)2Mg + 2H2O,2CH3COOH + Mg(OH)2 = Mg²⁺ + 2CH3COO⁻ + 2H2O,"Magniy gidroksid cho'kmasi eriydi, eritma rangsiz rangga kiradi.",,,sezilarsiz,tez,,"Erimaydigan asoslar ham kislotalar bilan neytrallanadi: asos kristall panjarasidagi OH⁻ ionlari H⁺ ionlari bilan suv hosil qiladi va asos eriydi. Eritma rangi Mg²⁺ ionlariga bog'liq — rangsiz. Sirka kislota kuchsiz bo'lsa-da, bu asosni eritishga yetarli.",,
neytr-0051,neytrallanish,Nikel(II) gidroksidning xlorid kislotada erishi,yuqori,8-sinf,rules,HCl(aq) 0.5M + Ni(OH)2(s),,2HCl + Ni(OH)2 = NiCl2 + 2H2O,2H⁺ + Ni(OH)2 = Ni²⁺ + 2H2O,"Nikel(II) gidroksid cho'kmasi eriydi, eritma yashil rangga kiradi.",,,sezilarsiz,tez,,Erimaydigan asoslar ham kislotalar bilan neytrallanadi: asos kristall panjarasidagi OH⁻ ionlari H⁺ ionlari bilan suv hosil qiladi va asos eriydi. Eritma rangi Ni²⁺ ionlariga bog'liq — yashil.,,
neytr-0052,neytrallanish,Kobalt(II) gidroksidning xlorid kislotada erishi,yuqori,8-sinf,rules,HCl(aq) 0.5M + Co(OH)2(s),,2HCl + Co(OH)2 = CoCl2 + 2H2O,2H⁺ + Co(OH)2 = Co²⁺ + 2H2O,"Kobalt(II) gidroksid cho'kmasi eriydi, eritma pushti rangga kiradi.",,,sezilarsiz,tez,,Erimaydigan asoslar ham kislotalar bilan neytrallanadi: asos kristall panjarasidagi OH⁻ ionlari H⁺ ionlari bilan suv hosil qiladi va asos eriydi. Eritma rangi Co²⁺ ionlariga bog'liq — pushti.,,
neytr-0053,neytrallanish,Marganes(II) gidroksidning sulfat kislotada erishi,yuqori,8-sinf,rules,H2SO4(aq) 0.5M + Mn(OH)2(s),,H2SO4 + Mn(OH)2 = MnSO4 + 2H2O,2H⁺ + Mn(OH)2 = Mn²⁺ + 2H2O,"Marganes(II) gidroksid cho'kmasi eriydi, eritma deyarli rangsiz (och pushti) rangga kiradi.",,,sezilarsiz,tez,,Erimaydigan asoslar ham kislotalar bilan neytrallanadi: asos kristall panjarasidagi OH⁻ ionlari H⁺ ionlari bilan suv hosil qiladi va asos eriydi. Eritma rangi Mn²⁺ ionlariga bog'liq — deyarli rangsiz (och pushti).,,
neytr-0054,neytrallanish,Kalsiy gidroksidning xlorid kislotada erishi,yuqori,8-sinf,rules,HCl(aq) 0.5M + Ca(OH)2(s),,2HCl + Ca(OH)2 = CaCl2 + 2H2O,2H⁺ + Ca(OH)2 = Ca²⁺ + 2H2O,"Kalsiy gidroksid kukuni eriydi, eritma rangsiz rangga kiradi.",,,sezilarsiz,tez,,Erimaydigan asoslar ham kislotalar bilan neytrallanadi: asos kristall panjarasidagi OH⁻ ionlari H⁺ ionlari bilan suv hosil qiladi va asos eriydi. Eritma rangi Ca²⁺ ionlariga bog'liq — rangsiz.,,
neytr-0055,neytrallanish,Kalsiy gidroksidning nitrat kislotada erishi,yuqori,8-sinf,rules,HNO3(aq) 0.5M + Ca(OH)2(s),,2HNO3 + Ca(OH)2 = Ca(NO3)2 + 2H2O,2H⁺ + Ca(OH)2 = Ca²⁺ + 2H2O,"Kalsiy gidroksid kukuni eriydi, eritma rangsiz rangga kiradi.",,,sezilarsiz,tez,,Erimaydigan asoslar ham kislotalar bilan neytrallanadi: asos kristall panjarasidagi OH⁻ ionlari H⁺ ionlari bilan suv hosil qiladi va asos eriydi. Eritma rangi Ca²⁺ ionlariga bog'liq — rangsiz.,,
neytr-0056,neytrallanish,Marganes(II) gidroksidning xlorid kislotada erishi,yuqori,8-sinf,rules,HCl(aq) 0.5M + Mn(OH)2(s),,2HCl + Mn(OH)2 = MnCl2 + 2H2O,2H⁺ + Mn(OH)2 = Mn²⁺ + 2H2O,"Marganes(II) gidroksid cho'kmasi eriydi, eritma deyarli rangsiz (och pushti) rangga kiradi.",,,sezilarsiz,tez,,Erimaydigan asoslar ham kislotalar bilan neytrallanadi: asos kristall panjarasidagi OH⁻ ionlari H⁺ ionlari bilan suv hosil qiladi va asos eriydi. Eritma rangi Mn²⁺ ionlariga bog'liq — deyarli rangsiz (och pushti).,,
neytr-0057,neytrallanish,Nikel(II) gidroksidning nitrat kislotada erishi,yuqori,8-sinf,rules,HNO3(aq) 0.5M + Ni(OH)2(s),,2HNO3 + Ni(OH)2 = Ni(NO3)2 + 2H2O,2H⁺ + Ni(OH)2 = Ni²⁺ + 2H2O,"Nikel(II) gidroksid cho'kmasi eriydi, eritma yashil rangga kiradi.",,,sezilarsiz,tez,,Erimaydigan asoslar ham kislotalar bilan neytrallanadi: asos kristall panjarasidagi OH⁻ ionlari H⁺ ionlari bilan suv hosil qiladi va asos eriydi. Eritma rangi Ni²⁺ ionlariga bog'liq — yashil.,,
neytr-0058,neytrallanish,Kobalt(II) gidroksidning sulfat kislotada erishi,yuqori,8-sinf,rules,H2SO4(aq) 0.5M + Co(OH)2(s),,H2SO4 + Co(OH)2 = CoSO4 + 2H2O,2H⁺ + Co(OH)2 = Co²⁺ + 2H2O,"Kobalt(II) gidroksid cho'kmasi eriydi, eritma pushti rangga kiradi.",,,sezilarsiz,tez,,Erimaydigan asoslar ham kislotalar bilan neytrallanadi: asos kristall panjarasidagi OH⁻ ionlari H⁺ ionlari bilan suv hosil qiladi va asos eriydi. Eritma rangi Co²⁺ ionlariga bog'liq — pushti.,,
neytr-0059,neytrallanish,Magniy gidroksidning nitrat kislotada erishi,yuqori,8-sinf,rules,HNO3(aq) 0.5M + Mg(OH)2(s),,2HNO3 + Mg(OH)2 = Mg(NO3)2 + 2H2O,2H⁺ + Mg(OH)2 = Mg²⁺ + 2H2O,"Magniy gidroksid cho'kmasi eriydi, eritma rangsiz rangga kiradi.",,,sezilarsiz,tez,,Erimaydigan asoslar ham kislotalar bilan neytrallanadi: asos kristall panjarasidagi OH⁻ ionlari H⁺ ionlari bilan suv hosil qiladi va asos eriydi. Eritma rangi Mg²⁺ ionlariga bog'liq — rangsiz.,,
neytr-0060,neytrallanish,Vodorod sulfidning natriy gidroksid eritmasida yutilishi (natriy sulfid hosil bo'lishi),yuqori,9-sinf,rules,H2S(g) + NaOH(aq) 0.5M,,H2S + 2NaOH = Na2S + 2H2O,H2S + 2OH⁻ = S²⁻ + 2H2O,"Gaz to'liq yutiladi; eritma pushtiligicha qoladi (Na₂S gidroliz tufayli ishqoriy).",,,ekzotermik,bir-zumda,,Vodorod sulfid suvda eriganda kuchsiz kislota hosil qiladi va ishqor bilan neytrallanadi. Shu sababli ishqor eritmalari H₂S ni yutish (laboratoriyada zararsizlantirish) uchun ishlatiladi. Natriy sulfid eritmasi gidroliz tufayli ishqoriy muhitga ega.,,
oksid-0001,oksidlar,Kalsiy oksidning suv bilan reaksiyasi (ohakni so'ndirish),yuqori,8-sinf,rules,CaO(s) bo'lak + H2O(l) + C20H14O4(aq) 0.03M,,CaO + H2O = Ca(OH)2,CaO + H2O = Ca²⁺ + 2OH⁻,"Kesak qiziydi, bug' chiqadi va oq kukunga sochilib ketadi; oq loyqa suyuqlik hosil bo'ladi. Fenolftalein to'q pushti (malina) rangga kiradi.",,,kuchli-ekzotermik,tez,,"Kalsiy oksid asosli oksid bo'lib, suv bilan birikib asos — kalsiy gidroksid hosil qiladi. Reaksiya ko'p issiqlik chiqaradi, shuning uchun suv qaynab bug'lanadi. Eritma ishqoriy muhitga ega bo'lgani uchun fenolftalein pushti rangga bo'yaladi.",,
oksid-0002,oksidlar,Natriy oksidning suv bilan reaksiyasi,yuqori,8-sinf,rules,Na2O(s) kukun + H2O(l) + C20H14O4(aq) 0.03M,,Na2O + H2O = 2NaOH,Na2O + H2O = 2Na⁺ + 2OH⁻,"Oq kukun shiddat bilan eriydi, probirka isiydi. Fenolftalein qo'shilganda eritma to'q pushti rangga kiradi.",,,ekzotermik,tez,,"Ishqoriy metall oksidlari suv bilan shiddatli reaksiyaga kirishib ishqor hosil qiladi. Eritmada OH⁻ ionlari ko'p bo'lgani uchun muhit kuchli ishqoriy, fenolftalein pushti rangga kiradi.",,
oksid-0003,oksidlar,Kaliy oksidning suv bilan reaksiyasi va universal indikator,yuqori,8-sinf,rules,K2O(s) kukun + H2O(l) + universal-indikator(aq),,K2O + H2O = 2KOH,K2O + H2O = 2K⁺ + 2OH⁻,"Kukun tez eriydi, eritma isiydi. Universal indikator yashil rangdan to'q binafsha rangga o'tadi (pH 13–14).",,,ekzotermik,tez,,Kaliy oksid ishqoriy metall oksidi bo'lgani uchun suv bilan kuchli asos KOH hosil qiladi. Universal indikatorning to'q binafsha rangi kuchli ishqoriy muhitni ko'rsatadi.,,
oksid-0004,oksidlar,Bariy oksidning suv bilan reaksiyasi (barit suvi olish),yuqori,8-sinf,rules,BaO(s) kukun + H2O(l) + C20H14O4(aq) 0.03M,,BaO + H2O = Ba(OH)2,BaO + H2O = Ba²⁺ + 2OH⁻,Oq kukun issiqlik chiqarib eriydi. Fenolftalein qo'shilganda eritma to'q pushti rangga kiradi.,,,ekzotermik,tez,,"Ishqoriy-yer metallaridan bariy oksidi suv bilan oson birikib, suvda yaxshi eriydigan kuchli asos Ba(OH)2 hosil qiladi. Uning eritmasi 'barit suvi' deb ataladi va CO2 ni aniqlashda ishlatiladi.",,
oksid-0005,oksidlar,Magniy oksidning issiq suv bilan sekin reaksiyasi,yuqori,8-sinf,rules,MgO(s) kukun + H2O(l),"qizdirish; ≥90°C; Aralashma uzoq vaqt qaynatiladi; sovuq suvda reaksiya deyarli sezilmaydi.",MgO + H2O = Mg(OH)2,,"Oq kukun ko'rinishidan deyarli o'zgarmaydi, suyuqlik loyqa bo'lib qoladi; reaksiya juda sekin boradi.",,,sezilarsiz,juda-sekin,,"Magniy oksid asosli oksid, lekin u kalsiy va bariy oksidlaridan farqli ravishda suv bilan juda sekin, faqat qizdirilganda ta'sirlashadi. Hosil bo'ladigan Mg(OH)2 suvda deyarli erimaydi, shuning uchun eritma ishqoriyligi kuchsiz.",,
oksid-0006,oksidlar,Fosfor(V) oksidning suv bilan reaksiyasi va lakmus,yuqori,8-sinf,rules,P2O5(s) kukun + H2O(l) + lakmus(aq),,P2O5 + 3H2O = 2H3PO4,,"Oq kukun vishillab eriydi, eritma isiydi. Binafsha rangli lakmus qizil rangga o'tadi.",,,kuchli-ekzotermik,tez,,"Fosfor(V) oksid kislotali oksid bo'lib, suv bilan birikib ortofosfat kislota hosil qiladi. Reaksiya ko'p issiqlik chiqaradi, shuning uchun P2O5 kuchli qurituvchi modda sifatida ishlatiladi. Kislotali muhitda lakmus qizil rangga kiradi.",,
oksid-0007,oksidlar,Oltingugurt(VI) oksidning suv bilan reaksiyasi,yuqori,9-sinf,rules,SO3(s) kristall + H2O(l),,SO3 + H2O = H2SO4,SO3 + H2O = 2H⁺ + SO4²⁻,"Oq kristallar suv bilan shiddat bilan, vishillab reaksiyaga kirishadi; ustida oq tuman (sulfat kislota tomchilari) paydo bo'ladi, eritma qiziydi.",,,kuchli-ekzotermik,bir-zumda,,"Oltingugurt(VI) oksid kislotali oksid bo'lib, suv bilan birikib sulfat kislota hosil qiladi. Reaksiya juda ko'p issiqlik chiqargani uchun sanoatda SO3 suvga emas, konsentrlangan sulfat kislotaga yuttiriladi (oleum hosil bo'ladi).",,
oksid-0008,oksidlar,Oltingugurt(IV) oksidning suvda erishi va lakmus,yuqori,9-sinf,rules,SO2(g) + H2O(l) + lakmus(aq),,SO2 + H2O = H2SO3,,"Gaz pufakchalari suvda yaxshi yutiladi; binafsha lakmus qizil rangga o'tadi, eritmadan o'tkir hid keladi.",,,sezilarsiz,tez,,"Oltingugurt(IV) oksid kislotali oksid, u suvda yaxshi eriydi va beqaror sulfit kislota hosil qiladi. Eritmadagi H⁺ ionlari lakmusni qizil rangga bo'yaydi. Karbonat angidrid ham suv bilan xuddi shunday, lekin ancha kuchsiz kislota hosil qiladi.",,
oksid-0009,oksidlar,Kremniy(IV) oksidning suv bilan reaksiyaga kirishmasligi,yuqori,8-sinf,record,SiO2(s) kukun + H2O(l),muhit: neytral,,,"Qum (SiO2) suvda erimaydi va hech qanday o'zgarish kuzatilmaydi; lakmus rangi o'zgarmaydi.",,,sezilarsiz,bir-zumda,ha,"Kremniy(IV) oksid kislotali oksid, lekin u suv bilan reaksiyaga kirishmaydi — bu kislotali oksidlar orasidagi muhim istisno. Shuning uchun silikat kislota bevosita SiO2 dan emas, silikatlarga kislota ta'sir ettirib olinadi.",,
oksid-0010,oksidlar,Mis(II) oksidning suv bilan reaksiyaga kirishmasligi,yuqori,8-sinf,record,CuO(s) kukun + H2O(l) + C20H14O4(aq) 0.03M,muhit: neytral,,,"Qora kukun suvda erimaydi, idish tubiga cho'kadi; fenolftalein rangsizligicha qoladi.",,,sezilarsiz,bir-zumda,ha,"Faqat ishqoriy va ishqoriy-yer metallarining (Ca, Sr, Ba) oksidlari suv bilan reaksiyaga kirishib ishqor hosil qiladi. Erimaydigan asoslarga mos keladigan oksidlar (CuO, FeO, Fe2O3 va boshqalar) suv bilan reaksiyaga kirishmaydi, ularning gidroksidlari bilvosita — tuz eritmasiga ishqor ta'sir ettirib olinadi.",,
oksid-0011,oksidlar,Kremniy(IV) oksidning xlorid kislota bilan reaksiyaga kirishmasligi,yuqori,9-sinf,record,SiO2(s) kukun + HCl(aq) 2M,,,,"Qum xlorid kislotada erimaydi, hech qanday o'zgarish kuzatilmaydi.",,,sezilarsiz,bir-zumda,ha,Kislotali oksidlar kislotalar bilan reaksiyaga kirishmaydi. SiO2 faqat ftorid kislota (HF) bilan ta'sirlashadi — shu sababli HF shishani yemiradi va polietilen idishda saqlanadi.,,
oksid-0012,oksidlar,Mis(II) oksidning sulfat kislotada erishi,yuqori,8-sinf,rules,CuO(s) kukun + H2SO4(aq) 1M,"qizdirish; Reaksiyani tezlatish uchun aralashma biroz isitiladi.",CuO + H2SO4 = CuSO4 + H2O,CuO + 2H⁺ = Cu²⁺ + H2O,"Qora kukun qizdirilganda asta-sekin eriydi, eritma ko'k rangga kiradi.",,,ekzotermik,o'rtacha,,"Mis(II) oksid asosli oksid bo'lib, kislotalar bilan tuz va suv hosil qiladi. Eritmaning ko'k rangi gidratlangan Cu²⁺ ionlariga bog'liq. Bu usulda laboratoriyada mis kuporosi olinadi.",,
oksid-0013,oksidlar,Mis(II) oksidning xlorid kislotada erishi,yuqori,8-sinf,rules,CuO(s) kukun + HCl(aq) 2M,,CuO + 2HCl = CuCl2 + H2O,CuO + 2H⁺ = Cu²⁺ + H2O,"Qora kukun eriydi, eritma yashil-ko'k rangga kiradi.",,,ekzotermik,o'rtacha,,"Asosli oksid kislota bilan tuz va suv hosil qiladi. Mis(II) xlorid eritmasining rangi konsentratsiyaga bog'liq: suyultirilganda ko'k, konsentrlanganda yashil bo'ladi.",,
oksid-0014,oksidlar,Mis(II) oksidning nitrat kislotada erishi,yuqori,8-sinf,rules,CuO(s) kukun + HNO3(aq) 2M,"qizdirish; Suyultirilgan nitrat kislota ishlatiladi, aralashma biroz isitiladi.",CuO + 2HNO3 = Cu(NO3)2 + H2O,CuO + 2H⁺ = Cu²⁺ + H2O,"Qora kukun eriydi, eritma havorang-ko'k tusga kiradi; gaz ajralmaydi.",,,ekzotermik,o'rtacha,,"Mis(II) oksid nitrat kislota bilan oddiy almashinish reaksiyasiga kirishadi, chunki misning oksidlanish darajasi allaqachon +2. Mis metalidan farqli ravishda bu reaksiyada azot oksidlari ajralmaydi.",,
oksid-0015,oksidlar,Magniy oksidning xlorid kislotada erishi,yuqori,8-sinf,rules,MgO(s) kukun + HCl(aq) 2M,,MgO + 2HCl = MgCl2 + H2O,MgO + 2H⁺ = Mg²⁺ + H2O,"Oq kukun kislotada tez eriydi, rangsiz tiniq eritma hosil bo'ladi, probirka biroz isiydi.",,,ekzotermik,tez,,"Magniy oksid suv bilan juda sekin ta'sirlashsa ham, kislotalarda oson eriydi — bu uning asosli oksid ekanligini ko'rsatadi. Natijada tuz (MgCl2) va suv hosil bo'ladi.",,
oksid-0016,oksidlar,Magniy oksidning sirka kislota bilan reaksiyasi,yuqori,10-sinf,rules,MgO(s) kukun + CH3COOH(aq) 2M,,MgO + 2CH3COOH = (CH3COO)2Mg + H2O,MgO + 2CH3COOH = Mg²⁺ + 2CH3COO⁻ + H2O,"Oq kukun sirka kislotada asta-sekin eriydi, rangsiz eritma hosil bo'ladi.",,,ekzotermik,o'rtacha,,"Magniy oksid kuchli asosli xossaga ega bo'lgani uchun kuchsiz sirka kislota bilan ham reaksiyaga kirishadi. Kuchsiz kislota bo'lgani uchun reaksiya xlorid kislotaga qaraganda sekinroq boradi; ionli tenglamada sirka kislota molekula holida yoziladi.",,
oksid-0017,oksidlar,Kalsiy oksidning xlorid kislota bilan reaksiyasi,yuqori,8-sinf,rules,CaO(s) kukun + HCl(aq) 2M,,CaO + 2HCl = CaCl2 + H2O,CaO + 2H⁺ = Ca²⁺ + H2O,"Oq kukun issiqlik chiqarib tez eriydi, rangsiz tiniq eritma hosil bo'ladi.",,,ekzotermik,tez,,"Kalsiy oksid asosli oksid sifatida kislota bilan tuz va suv hosil qiladi. Ohak suvga qaraganda kislotada to'liq eriydi, chunki hosil bo'lgan CaCl2 suvda yaxshi eriydi.",,
oksid-0018,oksidlar,Temir(II) oksidning sulfat kislotada erishi,yuqori,9-sinf,rules,FeO(s) kukun + H2SO4(aq) 1M,,FeO + H2SO4 = FeSO4 + H2O,FeO + 2H⁺ = Fe²⁺ + H2O,"Qora kukun eriydi, och yashil tusli eritma hosil bo'ladi.",,,ekzotermik,o'rtacha,,"Temir(II) oksid asosli oksid bo'lib, kislota bilan temir(II) tuzi hosil qiladi. Fe²⁺ ionlari havodagi kislorod ta'sirida asta-sekin Fe³⁺ ga oksidlanadi, shuning uchun eritma vaqt o'tishi bilan sarg'ayadi.",,
oksid-0019,oksidlar,Temir(III) oksidning xlorid kislotada erishi,yuqori,9-sinf,rules,Fe2O3(s) kukun + HCl(aq) 2M,"qizdirish; Temir(III) oksid xona haroratida sekin eriydi, shuning uchun aralashma isitiladi.",Fe2O3 + 6HCl = 2FeCl3 + 3H2O,Fe2O3 + 6H⁺ = 2Fe³⁺ + 3H2O,"Qizil-qo'ng'ir kukun isitilganda asta-sekin eriydi, eritma sariq-qo'ng'ir rangga kiradi.",,,ekzotermik,sekin,,Temir(III) oksid kislotalar bilan temir(III) tuzlarini hosil qiladi. Eritmaning sariq-qo'ng'ir rangi Fe³⁺ ionlariga bog'liq. Bu reaksiya temir buyumlarni zangdan tozalashda ishlatiladi.,,
oksid-0020,oksidlar,Temir(III) oksidning sulfat kislotada erishi,yuqori,9-sinf,rules,Fe2O3(s) kukun + H2SO4(aq) 1M,"qizdirish; Aralashma isitiladi; xona haroratida reaksiya juda sekin.",Fe2O3 + 3H2SO4 = Fe2(SO4)3 + 3H2O,Fe2O3 + 6H⁺ = 2Fe³⁺ + 3H2O,"Qizil-qo'ng'ir kukun isitilganda eriydi, eritma sarg'ish tusga kiradi.",,,ekzotermik,sekin,,"Temir(III) oksid asosli xossani namoyon qilib, kislota bilan tuz va suv hosil qiladi. Temirning oksidlanish darajasi +3 bo'lgani uchun temir(III) sulfat hosil bo'ladi.",,
oksid-0021,oksidlar,"Temir(II,III) oksidning xlorid kislotada erishi",yuqori,9-sinf,rules,Fe3O4(s) kukun + HCl(aq) 2M,"qizdirish; Fe3O4 (temir kuyindisi, magnetit) xlorid kislotada isitilganda eriydi.",Fe3O4 + 8HCl = FeCl2 + 2FeCl3 + 4H2O,Fe3O4 + 8H⁺ = Fe²⁺ + 2Fe³⁺ + 4H2O,"Qora kukun isitilganda eriydi, sariq-qo'ng'ir tusli eritma hosil bo'ladi.",,,ekzotermik,o'rtacha,,"Temir(II,III) oksid ikki oksidning birikmasi (FeO·Fe2O3) sifatida qaraladi, shuning uchun kislota bilan bir vaqtda temir(II) va temir(III) tuzlarini hosil qiladi. Reaksiyada temirning oksidlanish darajalari o'zgarmaydi.",,
oksid-0022,oksidlar,Kumush(I) oksidning nitrat kislotada erishi,yuqori,9-sinf,rules,Ag2O(s) kukun + HNO3(aq) 2M,,Ag2O + 2HNO3 = 2AgNO3 + H2O,Ag2O + 2H⁺ = 2Ag⁺ + H2O,"Qo'ng'ir-qora kukun eriydi, rangsiz tiniq eritma hosil bo'ladi.",,,sezilarsiz,tez,,"Kumush(I) oksid asosli oksid bo'lib, nitrat kislotada erib, suvda yaxshi eriydigan kumush nitrat hosil qiladi. Hosil bo'lgan Ag⁺ ionlarini xloridlar yordamida aniqlash mumkin.",,
oksid-0023,oksidlar,Kumush(I) oksidning xlorid kislota bilan reaksiyasi,yuqori,9-sinf,rules,Ag2O(s) kukun + HCl(aq) 1M,,Ag2O + 2HCl = 2AgCl↓ + H2O,Ag2O + 2H⁺ + 2Cl⁻ = 2AgCl↓ + H2O,"Qo'ng'ir-qora kukun o'rnida oq suzmasimon cho'kma hosil bo'ladi, eritma rangsizligicha qoladi.",AgCl #f8f8f4 suzmasimon,,sezilarsiz,tez,,"Asosli oksid kislota bilan tuz va suv hosil qiladi, lekin bu holda hosil bo'lgan tuz — AgCl suvda erimaydi va cho'kmaga tushadi. Shuning uchun oksid eritmaga o'tmaydi, balki oq tuzga aylanadi.",,
oksid-0024,oksidlar,Simob(II) oksidning nitrat kislotada erishi,yuqori,9-sinf,rules,HgO(s) kukun + HNO3(aq) 2M,,HgO + 2HNO3 = Hg(NO3)2 + H2O,HgO + 2H⁺ = Hg²⁺ + H2O,"To'q sariq-qizil kukun eriydi, rangsiz eritma hosil bo'ladi.",,,sezilarsiz,tez,,"Simob(II) oksid asosli oksid bo'lib, nitrat kislotada erib simob(II) nitrat hosil qiladi. Simob birikmalari zaharli bo'lgani uchun bunday tajribalar faqat namoyish sifatida o'tkaziladi.",,
oksid-0025,oksidlar,Bariy oksidning sulfat kislota bilan reaksiyasi,yuqori,8-sinf,rules,BaO(s) kukun + H2SO4(aq) 1M,,BaO + H2SO4 = BaSO4↓ + H2O,BaO + 2H⁺ + SO4²⁻ = BaSO4↓ + H2O,"Oq mayda kristall cho'kma hosil bo'ladi, probirka biroz isiydi.",BaSO4 #f4f4ee mayda-kristall,,ekzotermik,tez,,"Asosli oksid kislota bilan tuz va suv hosil qiladi. Bariy sulfat suvda ham, kislotalarda ham erimaydi, shuning uchun oq cho'kma tushadi.",,
oksid-0026,oksidlar,Mis(I) oksidning suyultirilgan sulfat kislota bilan reaksiyasi (disproporsiyalanish),yuqori,litsey,record,Cu2O(s) kukun + H2SO4(aq) 1M,,Cu2O + H2SO4 = CuSO4 + Cu + H2O,Cu2O + 2H⁺ = Cu²⁺ + Cu + H2O,"Qizil kukun qizg'ish-qo'ng'ir mis kukuniga aylanadi, eritma esa havorang-ko'k tusga kiradi.",,,sezilarsiz,tez,,"Mis(I) ionlari suvli eritmada beqaror va disproporsiyalanadi: bir qismi Cu²⁺ ga oksidlanadi, bir qismi metall misga qaytariladi. Shuning uchun Cu2O suyultirilgan sulfat kislotada mis(I) sulfat emas, mis(II) sulfat va mis hosil qiladi.",,
oksid-0027,oksidlar,Rux oksidning xlorid kislotada erishi,yuqori,8-sinf,rules,ZnO(s) kukun + HCl(aq) 2M,,ZnO + 2HCl = ZnCl2 + H2O,ZnO + 2H⁺ = Zn²⁺ + H2O,"Oq kukun kislotada eriydi, rangsiz tiniq eritma hosil bo'ladi.",,,ekzotermik,tez,,Rux oksid amfoter oksid: kislotalar bilan reaksiyada asosli oksid kabi tuz va suv hosil qiladi. Uning ishqorlar bilan ham reaksiyaga kirishishi keyingi tajribada ko'rsatiladi.,,
oksid-0028,oksidlar,Rux oksidning natriy gidroksid eritmasida erishi,yuqori,8-sinf,record,ZnO(s) kukun + NaOH(aq) 2M,"qizdirish; Konsentrlanganroq ishqor eritmasi bilan biroz isitiladi.",ZnO + 2NaOH + H2O = Na2[Zn(OH)4],ZnO + 2OH⁻ + H2O = [Zn(OH)4]²⁻,"Oq kukun ishqor eritmasida isitilganda eriydi, rangsiz tiniq eritma hosil bo'ladi.",,,sezilarsiz,o'rtacha,,"Rux oksid ishqor eritmalarida erib gidroksokompleks — tetragidroksosinkat hosil qiladi. Shunday qilib, ZnO ham kislotalar, ham ishqorlar bilan reaksiyaga kirishadi, ya'ni amfoter oksid hisoblanadi.",,
oksid-0034,oksidlar,Qo'rg'oshin(II) oksidning nitrat kislotada erishi,yuqori,9-sinf,rules,PbO(s) kukun + HNO3(aq) 2M,,PbO + 2HNO3 = Pb(NO3)2 + H2O,PbO + 2H⁺ = Pb²⁺ + H2O,"Sariq kukun eriydi, rangsiz tiniq eritma hosil bo'ladi.",,,ekzotermik,tez,,"Qo'rg'oshin(II) oksid amfoter oksid. Uni eritish uchun nitrat kislota tanlanadi, chunki qo'rg'oshin(II) nitrat suvda yaxshi eriydi, xlorid va sulfat esa kam eriydi.",,
oksid-0038,oksidlar,Karbonat angidridning ohakli suv bilan reaksiyasi,yuqori,8-sinf,rules,Ca(OH)2(aq) 0.02M + CO2(g),Ohakli suv — kalsiy gidroksidning to'yingan eritmasi.,Ca(OH)2 + CO2 = CaCO3↓ + H2O,Ca²⁺ + 2OH⁻ + CO2 = CaCO3↓ + H2O,Gaz o'tkazilganda tiniq ohakli suv loyqalanadi — oq cho'kma hosil bo'ladi.,CaCO3 #f6f6f2 mayda-kristall,,sezilarsiz,tez,,"Kislotali oksid CO2 asos bilan tuz va suv hosil qiladi. Kalsiy karbonat suvda erimaydi, shuning uchun ohakli suv loyqalanadi. Bu reaksiya karbonat angidridni aniqlashda ishlatiladi.",,
oksid-0039,oksidlar,Ohakli suvga ortiqcha karbonat angidrid o'tkazish (loyqaning yo'qolishi),yuqori,9-sinf,rules,Ca(OH)2(aq) 0.02M + CO2(g),"CO2 uzoq vaqt, ortiqcha miqdorda o'tkaziladi.",Ca(OH)2 + 2CO2 = Ca(HCO3)2,OH⁻ + CO2 = HCO3⁻,"Avval ohakli suv loyqalanadi, gaz o'tkazish davom ettirilganda esa loyqa asta-sekin yo'qolib, eritma yana tiniq bo'ladi.",,,sezilarsiz,o'rtacha,,"Ortiqcha CO2 suvda erimaydigan o'rta tuz CaCO3 ni eriydigan nordon tuz Ca(HCO3)2 ga aylantiradi. Tabiatda ohaktoshlarning erishi, g'orlar hosil bo'lishi va suvning vaqtinchalik qattiqligi shu jarayon bilan bog'liq. Qaynatilganda gidrokarbonat parchalanib, yana CaCO3 cho'kadi.",,
oksid-0040,oksidlar,Oltingugurt(IV) oksidning ohakli suv bilan reaksiyasi,yuqori,9-sinf,rules,Ca(OH)2(aq) 0.02M + SO2(g),,Ca(OH)2 + SO2 = CaSO3↓ + H2O,Ca²⁺ + 2OH⁻ + SO2 = CaSO3↓ + H2O,Gaz o'tkazilganda ohakli suv loyqalanadi — oq cho'kma hosil bo'ladi.,CaSO3 #f6f6f2 mayda-kristall,,sezilarsiz,tez,,"Oltingugurt(IV) oksid ham CO2 kabi ohakli suvni loyqalantiradi, shuning uchun ohakli suv bilan bu ikki gazni farqlab bo'lmaydi. SO2 ni o'tkir hidi va kaliy permanganat yoki bromli suvni rangsizlantirishi bilan farqlash mumkin.",,
oksid-0041,oksidlar,Karbonat angidridning barit suvi bilan reaksiyasi,yuqori,9-sinf,rules,Ba(OH)2(aq) 0.1M + CO2(g),,Ba(OH)2 + CO2 = BaCO3↓ + H2O,Ba²⁺ + 2OH⁻ + CO2 = BaCO3↓ + H2O,"Gaz o'tkazilganda barit suvi tez loyqalanadi, oq cho'kma tushadi.",BaCO3 #f6f6f2 mayda-kristall,,sezilarsiz,tez,,"Barit suvi ohakli suvdan konsentrlanganroq, chunki Ba(OH)2 suvda Ca(OH)2 ga qaraganda ancha yaxshi eriydi. Shuning uchun u CO2 ning juda oz miqdorini ham sezgir aniqlaydi.",,
oksid-0042,oksidlar,Karbonat angidridning natriy gidroksid eritmasiga yutilishi,yuqori,8-sinf,rules,NaOH(aq) 1M + CO2(g) + C20H14O4(aq) 0.03M,,2NaOH + CO2 = Na2CO3 + H2O,2OH⁻ + CO2 = CO3²⁻ + H2O,"Gaz pufakchalari eritmaga to'liq yutiladi, ko'rinadigan o'zgarish bo'lmaydi; eritma ishqoriyligicha qoladi (fenolftalein pushti).",,,ekzotermik,tez,,"Kislotali oksid ishqor bilan tuz va suv hosil qiladi. Ishqor ortiqcha bo'lganda o'rta tuz Na2CO3 hosil bo'ladi; uning eritmasi gidroliz tufayli ishqoriy muhitga ega. Bu reaksiya gazlarni CO2 dan tozalashda ishlatiladi.",,
oksid-0043,oksidlar,Natriy gidroksid eritmasiga ortiqcha karbonat angidrid o'tkazish,yuqori,9-sinf,rules,NaOH(aq) 1M + CO2(g) + C20H14O4(aq) 0.03M,"CO2 ortiqcha miqdorda, uzoq vaqt o'tkaziladi.",NaOH + CO2 = NaHCO3,OH⁻ + CO2 = HCO3⁻,"Gaz o'tkazish davomida fenolftaleinning to'q pushti rangi oqarib, deyarli rangsizlanadi.",,,ekzotermik,o'rtacha,,"Ishqor va kislotali oksid nisbatiga qarab o'rta yoki nordon tuz hosil bo'ladi. CO2 ortiqcha bo'lganda natriy gidrokarbonat hosil bo'ladi; uning eritmasi juda kuchsiz ishqoriy (pH ≈ 8), shuning uchun fenolftalein rangi deyarli yo'qoladi.",,
oksid-0044,oksidlar,Oltingugurt(IV) oksidning natriy gidroksid eritmasiga yutilishi,yuqori,9-sinf,rules,NaOH(aq) 1M + SO2(g),,2NaOH + SO2 = Na2SO3 + H2O,2OH⁻ + SO2 = SO3²⁻ + H2O,"Gaz eritmaga to'liq yutiladi, o'tkir hid sezilmaydi; ko'rinadigan boshqa o'zgarish bo'lmaydi.",,,ekzotermik,tez,,SO2 kislotali oksid sifatida ishqor bilan tuz va suv hosil qiladi. Laboratoriyada ortiqcha SO2 ni zararsizlantirish uchun gaz ishqor eritmasiga yuttiriladi.,,
oksid-0045,oksidlar,Natriy gidroksid eritmasiga ortiqcha oltingugurt(IV) oksid o'tkazish,yuqori,9-sinf,rules,NaOH(aq) 1M + SO2(g),SO2 ortiqcha miqdorda o'tkaziladi.,NaOH + SO2 = NaHSO3,OH⁻ + SO2 = HSO3⁻,"Gaz avval to'liq yutiladi; oxirida eritma ustida SO2 ning o'tkir hidi seziladi, eritma kislotali bo'lib qoladi.",,,ekzotermik,o'rtacha,,"Ikki negizli kislotaga mos keladigan kislotali oksid ortiqcha bo'lganda nordon tuz hosil bo'ladi. NaHSO3 eritmasi kuchsiz kislotali, chunki HSO3⁻ ionining dissotsilanishi gidrolizidan ustun turadi.",,
oksid-0046,oksidlar,Fosfor(V) oksidning natriy gidroksid eritmasi bilan reaksiyasi,yuqori,8-sinf,rules,P2O5(s) kukun + NaOH(aq) 2M,,P2O5 + 6NaOH = 2Na3PO4 + 3H2O,P2O5 + 6OH⁻ = 2PO4³⁻ + 3H2O,"Oq kukun ishqor eritmasida vishillab eriydi, eritma qiziydi.",,,kuchli-ekzotermik,tez,,"Kislotali oksid ishqor bilan tuz va suv hosil qiladi. Uch negizli kislotaga mos keladigan P2O5 ishqor ortiqcha bo'lganda o'rta tuz — ortofosfat hosil qiladi; ishqor kam bo'lsa, nordon tuzlar (gidro- va digidrofosfatlar) hosil bo'ladi.",,
oksid-0047,oksidlar,Azot(IV) oksidning natriy gidroksid eritmasiga yutilishi,yuqori,9-sinf,rules,NO2(g) + NaOH(aq) 1M,,2NO2 + 2NaOH = NaNO3 + NaNO2 + H2O,2NO2 + 2OH⁻ = NO3⁻ + NO2⁻ + H2O,"Qo'ng'ir gaz ishqor eritmasiga tez yutilib rangsizlanadi; eritma rangsizligicha qoladi.",,,ekzotermik,tez,,"NO2 ga bitta kislota mos kelmaydi, shuning uchun u ishqor bilan ikki xil tuz hosil qiladi. Bu reaksiya sanoatda chiqindi gazlarni azot oksidlaridan tozalashda qo'llaniladi.",,
oksid-0050,oksidlar,Karbonat angidridning soda eritmasi bilan reaksiyasi,yuqori,9-sinf,rules,Na2CO3(aq) 1M + CO2(g),,Na2CO3 + CO2 + H2O = 2NaHCO3,CO3²⁻ + CO2 + H2O = 2HCO3⁻,"Gaz eritmaga yutiladi; konsentrlangan eritmada natriy gidrokarbonatning oq kristallari ajralishi mumkin.",,,sezilarsiz,o'rtacha,,Karbonat angidrid o'rta tuz eritmasi bilan ta'sirlashib uni nordon tuzga aylantiradi. Muhit kuchli ishqoriydan kuchsiz ishqoriyga o'zgaradi. Bu reaksiya soda ishlab chiqarishning ammiakli usulida muhim bosqich hisoblanadi.,,
oksid-0051,oksidlar,Karbonat angidridning natriy silikat eritmasi bilan reaksiyasi,yuqori,9-sinf,rules,Na2SiO3(aq) 0.5M + CO2(g),CO2 ortiqcha miqdorda o'tkaziladi.,Na2SiO3 + 2CO2 + 2H2O = H2SiO3↓ + 2NaHCO3,SiO3²⁻ + 2CO2 + 2H2O = H2SiO3↓ + 2HCO3⁻,Gaz o'tkazilganda eritmada oq iviqsimon (kisel ko'rinishidagi) cho'kma hosil bo'ladi.,H2SiO3 #f2f2ee iviqsimon,,sezilarsiz,o'rtacha,,Karbonat kislota silikat kislotadan kuchli bo'lgani uchun uni tuzidan siqib chiqaradi. Shu sababli havoda ochiq qoldirilgan 'suyuq shisha' asta-sekin loyqalanadi.,,
oksid-0054,oksidlar,Natriy oksidning karbonat angidrid bilan birikishi,yuqori,8-sinf,record,Na2O(s) kukun + CO2(g),Quruq natriy oksid quruq CO2 bilan ta'sirlashadi.,Na2O + CO2 = Na2CO3,,"Oq kukun ko'rinishi deyarli o'zgarmaydi, lekin natriy karbonatga aylanadi; mahsulot kislota ta'sirida gaz ajratadi.",,,ekzotermik,tez,,"Asosli oksid kislotali oksid bilan birikib tuz hosil qiladi. Natriy oksid kuchli asosli bo'lgani uchun havodagi CO2 va namlikni yutadi, shuning uchun germetik idishda saqlanadi.",,
polimer-0001,polimerlar,Etilenning polimerlanishi (polietilen olish modeli),yuqori,10-sinf,record,CH2=CH2(g),"qizdirish; ≥200°C; ≤300°C; katalizator: (C6H5COO)2; Sanoat sharoiti: yuqori bosim (150–300 MPa), initsiator — organik peroksid (modelda benzoil peroksid) yoki kislorod izlari. Maktab laboratoriyasida bajarilmaydi — virtual model.",nCH2=CH2 → (–CH2–CH2–)n,,"Gazsimon etilen qattiq, oq, mumsimon modda — polietilenga aylanadi.",,,ekzotermik,sekin,,"Polimerlanish — kichik molekulalarning (monomerlarning) qo'shbog'larning uzilishi hisobiga birikib, yirik molekula (polimer) hosil qilishi; qo'shimcha mahsulot ajralmaydi. Yuqori bosimda radikal mexanizm bo'yicha olingan polietilen tarmoqlangan va yumshoq bo'ladi; Sigler–Natta katalizatorlarida past bosimda olingan polietilen esa zichroq va qattiqroq.",,
polimer-0004,polimerlar,Organik shishaning qizdirilganda depolimerlanishi,yuqori,11-sinf,record,(–CH2–C(CH3)(COOCH3)–)n(s),"qizdirish; ≥300°C; Organik shisha bo'laklari gaz chiqarish naychali probirkada qizdiriladi, ajralgan bug'lar sovuq probirkada kondensatlanadi.",(–CH2–C(CH3)(COOCH3)–)n → nCH2=C(CH3)COOCH3↑,,"Organik shisha yumshab, ko'piklanib qaynaydi; sovuq probirkada o'ziga xos o'tkir (mevasimon) hidli rangsiz suyuqlik — monomer yig'iladi.",,,endotermik,o'rtacha,,"Polimetilmetakrilat qizdirilganda asosan monomerga parchalanadi (depolimerlanish). Bu jarayon organik shisha chiqindilarini qayta ishlab, monomerni qayta olishga imkon beradi.",,
polimer-0006,polimerlar,Fenol-formaldegid smolasini olish (polikondensatlanish),yuqori,11-sinf,record,C6H5OH(s) + HCHO(aq) 13M,"qizdirish; ≥80°C; katalizator: HCl; Katalizator — 1 ml konsentrlangan xlorid kislota; aralashma qaynoq suv hammomida qizdiriladi (fenol ortiqcha — novolak smola).",nC6H5OH + nHCHO → [–C6H3(OH)–CH2–]n + nH2O,,"Aralashma loyqalanadi, so'ng idish tubida yopishqoq och qo'ng'ir smola qatlami ajraladi; sovutilganda u qotib, mo'rt qattiq massaga aylanadi.",[–C6H3(OH)–CH2–]n #b8783a kolloid,,ekzotermik,sekin,,"Polikondensatlanish — monomerlarning birikib polimer hosil qilishi bilan birga quyi molekulyar modda (bu yerda suv) ajralishi. Fenol va formaldegiddan fenol-formaldegid smolalari olinadi; ular plastmassalar (fenoplastlar), lak va yelimlar tayyorlashda ishlatiladi. Qizdirilganda smola to'rsimon tuzilishga o'tib, termoreaktiv bo'ladi.",,
polimer-0007,polimerlar,Neylon (anid) tolasini fazalar chegarasida olish,yuqori,11-sinf,record,ClC(O)(CH2)4C(O)Cl(l) + H2N(CH2)6NH2(aq) 0.5M + NaOH(aq) 1M,"Adipoilxloridning siklogeksandagi eritmasi geksametilendiamin va NaOH ning suvdagi eritmasi ustiga ehtiyotlik bilan quyiladi; ikki qatlam chegarasida plyonka hosil bo'ladi.",nClC(O)(CH2)4C(O)Cl + nH2N(CH2)6NH2 + 2nNaOH → [–OC(CH2)4CONH(CH2)6NH–]n + 2nNaCl + 2nH2O,nClC(O)(CH2)4C(O)Cl + nH2N(CH2)6NH2 + 2nOH⁻ → [–OC(CH2)4CONH(CH2)6NH–]n + 2nCl⁻ + 2nH2O,"Ikki suyuqlik chegarasida darhol oq yupqa plyonka hosil bo'ladi; uni pinset bilan tortib olinganda uzluksiz neylon ipi cho'ziladi.",[–OC(CH2)4CONH(CH2)6NH–]n #f4f2ea kolloid,,sezilarsiz,bir-zumda,,"Dikarbon kislota xlorangidridi va diamin polikondensatlanib, poliamid — neylon-6,6 (anid) hosil qiladi; quyi molekulyar mahsulot sifatida HCl ajraladi. Reaksiya ikki aralashmaydigan suyuqlik chegarasida juda tez boradi, shuning uchun ipni to'g'ridan-to'g'ri tortib olish mumkin.",,
polimer-0010,polimerlar,Vinilxloridning polimerlanishi (polivinilxlorid olish modeli),yuqori,10-sinf,record,CH2=CHCl(g),"qizdirish; ≥50°C; ≤80°C; katalizator: (C6H5COO)2; Sanoatda vinilxlorid suvdagi suspenziyada peroksid initsiator ishtirokida 50–70 °C da polimerlanadi (virtual model).",nCH2=CHCl → (–CH2–CHCl–)n,,Gazsimon (bosim ostida suyultirilgan) vinilxlorid oq kukun — polivinilxloridga aylanadi.,,,ekzotermik,sekin,,"Vinilxlorid radikal mexanizm bo'yicha polimerlanib polivinilxlorid (PVX) hosil qiladi. PVX quvurlar, linoleum, sun'iy charm, sim izolatsiyasi tayyorlashda ishlatiladi; tarkibida xlor bo'lgani uchun yonmaydi, lekin qizdirilganda HCl ajratadi.",,
polimer-0011,polimerlar,Polietilenning yonishi,yuqori,10-sinf,record,(–CH2–CH2–)n(s) + O2(g),"yondirish; Polietilen plyonka bo'lagi tigel qisqichi bilan alangaga tutiladi.",(–CH2–CH2–)n + 3nO2 → 2nCO2 + 2nH2O,,"Polietilen suyuqlanib tomchilaydi, ko'kimtir asosli sariq alanga bilan tutunsiz yonadi, o'chirilgan sham hidi keladi; alangadan olinganda ham yonishda davom etadi.",,CO2,kuchli-ekzotermik,tez,,"Polietilen to'yingan uglevodorodlarga o'xshash tuzilishga ega, shuning uchun parafin kabi yonadi: yorqin, tutunsiz alanga hosil qiladi va sham hidi keladi. Yonish xarakteri plastmassalarni farqlashda ishlatiladi.",,
polimer-0012,polimerlar,Polivinilxloridni aniqlash: Beylshteyn sinovi va yonishi,yuqori,10-sinf,rules,(–CH2–CHCl–)n(s) + Cu(s) sim,"yondirish; Mis sim alangada qizdirilib, PVX ga tekkiziladi va yana alangaga kiritiladi.",,,"Mis sim PVX bilan birga alangaga kiritilganda alanga yorqin yashil rangga bo'yaladi. PVX bo'lagining o'zi qiyin yonadi, alangadan olinganda o'chadi, qorayadi va o'tkir hidli gaz (HCl) ajratadi — ho'l ko'k lakmus qog'ozi qizaradi.",,,ekzotermik,tez,,"Beylshteyn sinovi organik birikmalarda xlor, brom yoki yod borligini aniqlashning oddiy usuli: galogen mis bilan uchuvchan birikma hosil qilib, alangani yashil rangga bo'yaydi. PVX tarkibida xlor bo'lgani uchun u yaxshi yonmaydi va parchalanganda HCl ajratadi.",,
polimer-0013,polimerlar,Polistirolning yonishi,yuqori,10-sinf,rules,(–CH2–CH(C6H5)–)n(s),"yondirish; Polistirol bo'lagi tigel qisqichi bilan alangaga tutiladi.",,,"Polistirol yumshab, yorqin sariq alanga bilan ko'p qora qurum (tutun parchalari) chiqarib yonadi; shirinsimon (gul) hidi seziladi.",,,kuchli-ekzotermik,tez,,"Aromatik halqa tutgan polimerlar (benzol kabi) qurumli alanga bilan yonadi, chunki ularda uglerodning ulushi yuqori. Bu belgi bo'yicha polistirolni polietilen va polipropilendan oson farqlash mumkin.",,
polimer-0014,polimerlar,Kapron (poliamid) tolasini qizdirish va yondirish,yuqori,10-sinf,rules,[–NH(CH2)5CO–]n(s),"yondirish; Kapron ipi pinset bilan alangaga yaqinlashtiriladi, so'ng alangaga kiritiladi.",,,"Kapron ipi alangaga yaqinlashganda kirishib suyuqlanadi, sekin yonadi va o'ziga xos hid chiqaradi; uchida qattiq, barmoq bilan ezilmaydigan qo'ng'ir sharcha qoladi.",,,ekzotermik,tez,,"Sintetik poliamid tolalar (kapron, neylon) qizdirilganda suyuqlanadi va qattiq sharcha hosil qiladi. Tabiiy oqsil tola (jun) esa suyuqlanmasdan kuyadi va mo'rt qoldiq beradi. Yonish sinovi orqali sintetik va tabiiy tolalarni farqlash mumkin.",,
polimer-0015,polimerlar,Polietilenning bromli suvni rangsizlantirmasligi,yuqori,10-sinf,record,(–CH2–CH2–)n(s) + bromli-suv(aq),,,,Polietilen bo'lagi bilan chayqatilgan bromli suvning rangi o'zgarmaydi.,,,sezilarsiz,bir-zumda,ha,"Polimerlanish natijasida monomerning qo'shbog'lari yo'qoladi, shuning uchun polietilen to'yingan uglevodorodlar kabi bromli suvni rangsizlantirmaydi. Etilen (monomer) esa bromli suvni tez rangsizlantiradi.",,
polimer-0017,polimerlar,Termoplastik va termoreaktiv polimerlarning qizdirishga munosabati,yuqori,10-sinf,rules,(–CH2–CH2–)n(s) + [–C6H3(OH)–CH2–]n(s),"qizdirish; ≥120°C; Polietilen va fenoplast (fenol-formaldegid smolasi) bo'laklari alohida-alohida, ehtiyotlik bilan qizdiriladi.",,,"Polietilen bo'lagi qizdirilganda yumshab, shaklini o'zgartiradi va sovutilganda yangi shaklda qotadi. Fenoplast bo'lagi yumshamaydi, kuchli qizdirilganda qorayib, fenol hidini chiqaradi.",,,sezilarsiz,o'rtacha,,"Termoplastlar qizdirilganda yumshaydi va qayta shakllantirilishi mumkin — ularni qayta ishlash oson. Termoreaktiv polimerlar qizdirilganda qaytmas o'zgaradi (to'rsimon tuzilish hosil bo'ladi) va qayta suyuqlanmaydi; ular issiqlikka chidamli buyumlar (elektr vilkalari, tutqichlar) tayyorlashda ishlatiladi.",,
redoks-0001,oksidlanish-qaytarilish,Kaliy permanganatning kislotali muhitda natriy sulfit bilan qaytarilishi,yuqori,9-sinf,record,KMnO4(aq) 0.02M + H2SO4(aq) 1M + Na2SO3(aq) 0.1M,"muhit: kislotali; Avval permanganat sulfat kislota bilan kislotalanadi, so'ng sulfit qo'shiladi.",2KMnO4 + 5Na2SO3 + 3H2SO4 = 2MnSO4 + 5Na2SO4 + K2SO4 + 3H2O,2MnO4⁻ + 5SO3²⁻ + 6H⁺ = 2Mn²⁺ + 5SO4²⁻ + 3H2O,Binafsha rangli eritma darhol rangsizlanadi.,,,sezilarsiz,bir-zumda,,"Kislotali muhitda permanganat ioni eng kuchli oksidlovchi bo'lib, Mn²⁺ gacha qaytariladi. Mn²⁺ ionlari suyultirilgan eritmada deyarli rangsiz bo'lgani uchun binafsha rang yo'qoladi.",,
redoks-0002,oksidlanish-qaytarilish,Kaliy permanganatning neytral muhitda natriy sulfit bilan qaytarilishi,yuqori,9-sinf,record,KMnO4(aq) 0.02M + Na2SO3(aq) 0.1M,"Kislota ham, ishqor ham qo'shilmaydi (neytral muhit).",2KMnO4 + 3Na2SO3 + H2O = 2MnO2↓ + 3Na2SO4 + 2KOH,2MnO4⁻ + 3SO3²⁻ + H2O = 2MnO2↓ + 3SO4²⁻ + 2OH⁻,"Binafsha rang yo'qoladi, qo'ng'ir-qora MnO₂ cho'kmasi hosil bo'ladi.",MnO2 #2a2420 iviqsimon,,sezilarsiz,tez,,"Neytral muhitda permanganat ioni Mn²⁺ gacha emas, faqat Mn⁺⁴ gacha qaytariladi va suvda erimaydigan marganes(IV) oksid hosil bo'ladi. Shu sababli eritma rangsizlanadi, lekin qo'ng'ir cho'kma tushadi.",,
redoks-0003,oksidlanish-qaytarilish,Kaliy permanganatning ishqoriy muhitda natriy sulfit bilan qaytarilishi,yuqori,9-sinf,record,KMnO4(aq) 0.05M + KOH(aq) 6M ≥0.05M + Na2SO3(aq) 0.1M,"muhit: ishqoriy; Permanganat avval ishqor bilan aralashtiriladi; sulfit oz miqdorda, tomchilab qo'shiladi.",2KMnO4 + Na2SO3 + 2KOH = 2K2MnO4 + Na2SO4 + H2O,2MnO4⁻ + SO3²⁻ + 2OH⁻ = 2MnO4²⁻ + SO4²⁻ + H2O,Binafsha eritma yashil rangga kiradi (manganat ioni hosil bo'ladi).,,,sezilarsiz,bir-zumda,,"Kuchli ishqoriy muhitda permanganat ioni eng kam — bitta elektron qabul qiladi va yashil manganat ioniga aylanadi. Sulfit ortiqcha qo'shilsa, manganat ham qaytarilib MnO₂ cho'kmasi hosil bo'ladi, shuning uchun qaytaruvchi oz olinadi.",,
redoks-0004,oksidlanish-qaytarilish,Temir(II) sulfatning kislotali muhitda kaliy permanganat bilan oksidlanishi,yuqori,9-sinf,record,FeSO4(aq) 0.1M + H2SO4(aq) 1M + KMnO4(aq) 0.02M,"muhit: kislotali; Temir(II) sulfat eritmasi avval sulfat kislota bilan kislotalanadi.",2KMnO4 + 10FeSO4 + 8H2SO4 = 2MnSO4 + 5Fe2(SO4)3 + K2SO4 + 8H2O,MnO4⁻ + 5Fe²⁺ + 8H⁺ = Mn²⁺ + 5Fe³⁺ + 4H2O,"Permanganat tomchilari darhol rangsizlanadi, eritma och sariq tusga kiradi; temir tugagach, pushti rang saqlanib qoladi.",,,sezilarsiz,bir-zumda,,"Kislotali muhitda permanganat Fe²⁺ ionlarini tez va to'liq Fe³⁺ gacha oksidlaydi, o'zi esa deyarli rangsiz Mn²⁺ ga aylanadi. Bu reaksiya temirni permanganatometrik titrlashning asosidir: barcha Fe²⁺ tugagach, birinchi ortiqcha tomchi eritmani pushti rangga bo'yaydi.",,
redoks-0005,oksidlanish-qaytarilish,Vodorod peroksidning kislotali muhitda kaliy permanganat bilan oksidlanishi,yuqori,9-sinf,record,KMnO4(aq) 0.02M + H2SO4(aq) 1M + H2O2(aq) 0.88M,muhit: kislotali,2KMnO4 + 5H2O2 + 3H2SO4 = 2MnSO4 + K2SO4 + 5O2↑ + 8H2O,2MnO4⁻ + 5H2O2 + 6H⁺ = 2Mn²⁺ + 5O2↑ + 8H2O,"Binafsha eritma rangsizlanadi, gaz pufakchalari ajraladi; cho'g'langan cho'p gaz ta'sirida alangalanadi.",,O2,sezilarsiz,bir-zumda,,"Kuchli oksidlovchi — permanganat bilan uchrashganda vodorod peroksid qaytaruvchi bo'lib, kislorod ajratadi. Ajralgan barcha kislorod peroksid tarkibidan chiqadi; permanganat esa rangsiz Mn²⁺ ga qaytariladi.",,
redoks-0006,oksidlanish-qaytarilish,Kaliy yodidning kislotali muhitda kaliy permanganat bilan oksidlanishi,yuqori,9-sinf,record,KI(aq) 0.1M + H2SO4(aq) 1M + KMnO4(aq) 0.02M,muhit: kislotali,2KMnO4 + 10KI + 8H2SO4 = 2MnSO4 + 5I2 + 6K2SO4 + 8H2O,2MnO4⁻ + 10I⁻ + 16H⁺ = 2Mn²⁺ + 5I2 + 8H2O,Permanganat qo'shilganda eritma sariq-qo'ng'ir rangga kiradi (erkin yod ajraladi).,,,sezilarsiz,bir-zumda,,"Yodid ioni yaxshi qaytaruvchi bo'lib, kislotali muhitda permanganat ta'sirida erkin yodgacha oksidlanadi. Yod eritmani qo'ng'ir rangga bo'yaydi va kraxmal bilan ko'k rang beradi.",,
redoks-0007,oksidlanish-qaytarilish,Kaliy nitritning kislotali muhitda kaliy permanganat bilan oksidlanishi,yuqori,10-sinf,record,KMnO4(aq) 0.02M + H2SO4(aq) 1M + KNO2(aq) 0.1M,muhit: kislotali,2KMnO4 + 5KNO2 + 3H2SO4 = 2MnSO4 + 5KNO3 + K2SO4 + 3H2O,2MnO4⁻ + 5NO2⁻ + 6H⁺ = 2Mn²⁺ + 5NO3⁻ + 3H2O,Binafsha eritma tezda rangsizlanadi.,,,sezilarsiz,bir-zumda,,"Nitrit ionidagi azot oraliq oksidlanish darajasida (+3) bo'lgani uchun kuchli oksidlovchi bilan uchrashganda qaytaruvchi bo'lib, nitratgacha oksidlanadi. Permanganat esa kislotali muhitda rangsiz Mn²⁺ ga qaytariladi.",,
redoks-0008,oksidlanish-qaytarilish,Oksalat kislotaning qizdirilganda kaliy permanganat bilan oksidlanishi,yuqori,10-sinf,record,KMnO4(aq) 0.02M + H2SO4(aq) 1M + H2C2O4(aq) 0.1M,"qizdirish; ≥60°C; muhit: kislotali; Aralashma 60–80 °C gacha qizdiriladi; Mn²⁺ ionlari reaksiyani tezlashtiradi (avtokataliz).",2KMnO4 + 5H2C2O4 + 3H2SO4 = 2MnSO4 + K2SO4 + 10CO2↑ + 8H2O,2MnO4⁻ + 5H2C2O4 + 6H⁺ = 2Mn²⁺ + 10CO2↑ + 8H2O,"Sovuqda rang sekin o'zgaradi; qizdirilganda binafsha eritma rangsizlanadi va mayda gaz pufakchalari ajraladi.",,CO2,sezilarsiz,o'rtacha,,"Oksalat kislota tarkibidagi uglerod (+3) permanganat ta'sirida CO₂ (+4) gacha oksidlanadi. Reaksiya xona haroratida sekin boshlanadi, qizdirilganda va hosil bo'lgan Mn²⁺ ionlari katalizatorlik qilgani sababli tezlashadi (avtokataliz).",,
redoks-0009,oksidlanish-qaytarilish,Vodorod sulfidning kislotali muhitda kaliy permanganat bilan oksidlanishi,yuqori,10-sinf,record,KMnO4(aq) 0.02M + H2SO4(aq) 1M + H2S(aq) 0.1M,muhit: kislotali,2KMnO4 + 5H2S + 3H2SO4 = 2MnSO4 + 5S↓ + K2SO4 + 8H2O,2MnO4⁻ + 5H2S + 6H⁺ = 2Mn²⁺ + 5S↓ + 8H2O,"Binafsha rang yo'qoladi, eritma sarg'ish oltingugurt bilan loyqalanadi.",S #f2dc3a kolloid,,sezilarsiz,bir-zumda,,"Vodorod sulfiddagi oltingugurt eng past oksidlanish darajasida (−2) bo'lgani uchun faqat qaytaruvchi bo'la oladi. Permanganat uni erkin oltingugurtgacha oksidlaydi, oltingugurt esa suvda erimay, sarg'ish loyqa hosil qiladi.",,
redoks-0011,oksidlanish-qaytarilish,Vodorod peroksidning neytral muhitda kaliy permanganat bilan oksidlanishi,yuqori,10-sinf,record,KMnO4(aq) 0.02M + H2O2(aq) 0.88M,Kislota qo'shilmaydi (neytral muhit).,2KMnO4 + 3H2O2 = 2MnO2↓ + 3O2↑ + 2KOH + 2H2O,2MnO4⁻ + 3H2O2 = 2MnO2↓ + 3O2↑ + 2OH⁻ + 2H2O,"Gaz pufakchalari ajraladi, binafsha rang yo'qolib qo'ng'ir MnO₂ cho'kmasi hosil bo'ladi.",MnO2 #2a2420 iviqsimon,O2,sezilarsiz,tez,,"Neytral muhitda permanganat Mn⁺⁴ gacha qaytariladi va qo'ng'ir MnO₂ cho'kmasi hosil bo'ladi; vodorod peroksid esa kislorodgacha oksidlanadi. Hosil bo'lgan MnO₂ qolgan peroksidning parchalanishini ham tezlashtiradi.",,
redoks-0014,oksidlanish-qaytarilish,Kaliy manganatning kislota ta'sirida disproporsiyalanishi («kimyoviy xameleon»),yuqori,litsey,record,K2MnO4(aq) 0.05M + H2SO4(aq) 0.5M,muhit: kislotali,3K2MnO4 + 2H2SO4 = 2KMnO4 + MnO2↓ + 2K2SO4 + 2H2O,3MnO4²⁻ + 4H⁺ = 2MnO4⁻ + MnO2↓ + 2H2O,Yashil eritma binafsha rangga kiradi va qo'ng'ir MnO₂ cho'kmasi hosil bo'ladi.,MnO2 #2a2420 iviqsimon,,sezilarsiz,bir-zumda,,"Bir elementning atomlari bir vaqtda ham oksidlanib, ham qaytarilsa, bunday reaksiya disproporsiyalanish deyiladi. Manganat ioni neytral va kislotali muhitda beqaror bo'lib, permanganat va marganes(IV) oksidga aylanadi; eritma rangining yashildan binafshaga o'zgarishi «kimyoviy xameleon» deb ataladi.",,
redoks-0015,oksidlanish-qaytarilish,Temir(II) sulfatning kaliy dixromat bilan oksidlanishi,yuqori,10-sinf,record,K2Cr2O7(aq) 0.05M + H2SO4(aq) 1M + FeSO4(aq) 0.1M,muhit: kislotali,K2Cr2O7 + 6FeSO4 + 7H2SO4 = Cr2(SO4)3 + 3Fe2(SO4)3 + K2SO4 + 7H2O,Cr2O7²⁻ + 6Fe²⁺ + 14H⁺ = 2Cr³⁺ + 6Fe³⁺ + 7H2O,To'q sariq eritma yashil-ko'kimtir rangga kiradi (Cr³⁺ ionlari).,,,sezilarsiz,bir-zumda,,"Kislotali muhitda dixromat kuchli oksidlovchi bo'lib, Cr³⁺ gacha qaytariladi; eritma to'q sariqdan yashil rangga o'tadi. Bu reaksiya temirni dixromatometrik titrlashda qo'llaniladi.",,
redoks-0016,oksidlanish-qaytarilish,Kaliy yodidning kaliy dixromat bilan oksidlanishi,yuqori,10-sinf,record,K2Cr2O7(aq) 0.05M + H2SO4(aq) 1M + KI(aq) 0.1M,muhit: kislotali,K2Cr2O7 + 6KI + 7H2SO4 = Cr2(SO4)3 + 3I2 + 4K2SO4 + 7H2O,Cr2O7²⁻ + 6I⁻ + 14H⁺ = 2Cr³⁺ + 3I2 + 7H2O,Eritma to'q qo'ng'ir rangga kiradi (erkin yod ajraladi).,,,sezilarsiz,bir-zumda,,Dixromat kislotali muhitda yodid ionlarini erkin yodgacha oksidlaydi. Ajralgan yod tiosulfat bilan titrlanadi — bu yodometriya usulida dixromat miqdorini aniqlash asosidir.,,
redoks-0017,oksidlanish-qaytarilish,Natriy sulfitning kaliy dixromat bilan oksidlanishi,yuqori,10-sinf,record,K2Cr2O7(aq) 0.05M + H2SO4(aq) 1M + Na2SO3(aq) 0.1M,muhit: kislotali,K2Cr2O7 + 3Na2SO3 + 4H2SO4 = Cr2(SO4)3 + 3Na2SO4 + K2SO4 + 4H2O,Cr2O7²⁻ + 3SO3²⁻ + 8H⁺ = 2Cr³⁺ + 3SO4²⁻ + 4H2O,To'q sariq eritma yashil rangga kiradi.,,,sezilarsiz,bir-zumda,,"Sulfit ioni dixromatni Cr³⁺ gacha qaytaradi, o'zi sulfatgacha oksidlanadi. Xrom(VI) birikmalarini kamroq zaharli xrom(III) ga aylantirish uchun sanoatda ham sulfitlar ishlatiladi.",,
redoks-0018,oksidlanish-qaytarilish,Vodorod sulfidning kaliy dixromat bilan oksidlanishi,yuqori,10-sinf,record,K2Cr2O7(aq) 0.05M + H2SO4(aq) 1M + H2S(aq) 0.1M,muhit: kislotali,K2Cr2O7 + 3H2S + 4H2SO4 = Cr2(SO4)3 + 3S↓ + K2SO4 + 7H2O,Cr2O7²⁻ + 3H2S + 8H⁺ = 2Cr³⁺ + 3S↓ + 7H2O,Eritma yashil rangga kiradi va sarg'ish oltingugurt bilan loyqalanadi.,S #f2dc3a kolloid,,sezilarsiz,bir-zumda,,"Vodorod sulfid kuchli qaytaruvchi bo'lib, dixromatni Cr³⁺ gacha qaytaradi va o'zi erkin oltingugurtgacha oksidlanadi. Natijada eritma rangi o'zgaradi va oltingugurt loyqasi hosil bo'ladi.",,
redoks-0020,oksidlanish-qaytarilish,Kaliy dixromatning konsentrlangan xlorid kislota bilan qizdirilganda reaksiyasi,yuqori,10-sinf,record,K2Cr2O7(s) kristall + HCl(aq) 11.6M ≥6M,"qizdirish; ≥60°C; Konsentrlangan xlorid kislota bilan, qizdirilganda.",K2Cr2O7 + 14HCl(kons.) = 2KCl + 2CrCl3 + 3Cl2↑ + 7H2O,Cr2O7²⁻ + 14H⁺ + 6Cl⁻ = 2Cr³⁺ + 3Cl2↑ + 7H2O,"Qizdirilganda sarg'ish-yashil xlor gazi ajraladi, eritma to'q sariqdan yashil rangga o'tadi.",,Cl2 #cfd65a,sezilarsiz,o'rtacha,,"Dixromat permanganatga nisbatan kuchsizroq oksidlovchi, shuning uchun xlorid ionlarini faqat konsentrlangan kislota bilan qizdirilganda oksidlaydi. Mahsulotlar — xrom(III) xlorid (yashil) va erkin xlor.",,
redoks-0021,oksidlanish-qaytarilish,Kaliy nitritning kaliy dixromat bilan oksidlanishi,yuqori,10-sinf,record,K2Cr2O7(aq) 0.05M + H2SO4(aq) 1M + KNO2(aq) 0.1M,muhit: kislotali,K2Cr2O7 + 3KNO2 + 4H2SO4 = Cr2(SO4)3 + 3KNO3 + K2SO4 + 4H2O,Cr2O7²⁻ + 3NO2⁻ + 8H⁺ = 2Cr³⁺ + 3NO3⁻ + 4H2O,To'q sariq eritma yashil rangga kiradi.,,,sezilarsiz,bir-zumda,,"Nitrit ioni kuchli oksidlovchilar ta'sirida qaytaruvchi bo'lib, nitratgacha oksidlanadi. Dixromat esa Cr³⁺ gacha qaytarilib, eritma yashil rangga kiradi.",,
redoks-0023,oksidlanish-qaytarilish,Oltingugurt(IV) oksidning kaliy dixromat eritmasi bilan reaksiyasi,yuqori,10-sinf,record,K2Cr2O7(aq) 0.05M + H2SO4(aq) 1M + SO2(g),"muhit: kislotali; SO₂ gazi kislotalangan dixromat eritmasi orqali o'tkaziladi.",K2Cr2O7 + 3SO2 + H2SO4 = Cr2(SO4)3 + K2SO4 + H2O,Cr2O7²⁻ + 3H2SO3 + 2H⁺ = 2Cr³⁺ + 3SO4²⁻ + 4H2O,Gaz o'tkazilganda to'q sariq eritma yashil rangga kiradi.,,,sezilarsiz,tez,,"Oltingugurt(IV) oksid dixromatni Cr³⁺ gacha qaytaradi, natijada to'q sariq rang yashilga o'zgaradi. Dixromat shimdirilgan qog'oz SO₂ ni aniqlash uchun ishlatiladi.",,
redoks-0024,oksidlanish-qaytarilish,Natriy geksagidroksoxromat(III) ning vodorod peroksid bilan xromatgacha oksidlanishi,yuqori,11-sinf,record,Na3[Cr(OH)6](aq) 0.05M + H2O2(aq) 0.88M,"qizdirish; ≥60°C; Yashil xromit eritmasi xrom(III) tuziga ortiqcha ishqor qo'shib tayyorlanadi; aralashma qizdiriladi.",2Na3[Cr(OH)6] + 3H2O2 = 2Na2CrO4 + 2NaOH + 8H2O,2[Cr(OH)6]³⁻ + 3H2O2 = 2CrO4²⁻ + 2OH⁻ + 8H2O,Qizdirilganda yashil eritma sariq rangga o'tadi (xromat ioni hosil bo'ladi).,,,sezilarsiz,o'rtacha,,"Ishqoriy muhitda xrom(III) birikmalari oson oksidlanadi va sariq xromat ionlariga aylanadi. Kislotali muhitda esa aksincha, xrom(VI) kuchli oksidlovchi bo'lib Cr³⁺ gacha qaytariladi — oksidlanish-qaytarilish yo'nalishi muhitga bog'liq.",,
redoks-0026,oksidlanish-qaytarilish,Kaliy yodidning kislotali muhitda vodorod peroksid bilan oksidlanishi,yuqori,9-sinf,record,KI(aq) 0.1M + H2SO4(aq) 1M + H2O2(aq) 0.88M,muhit: kislotali,2KI + H2O2 + H2SO4 = I2 + K2SO4 + 2H2O,2I⁻ + H2O2 + 2H⁺ = I2 + 2H2O,"Rangsiz eritma asta-sekin sariq-qo'ng'ir rangga kiradi; kraxmal qo'shilsa ko'karadi.",,,sezilarsiz,tez,,"Vodorod peroksiddagi kislorod oraliq oksidlanish darajasida (−1) bo'lgani uchun u ham oksidlovchi, ham qaytaruvchi bo'la oladi. Yodid kabi qaytaruvchi bilan u oksidlovchi bo'lib, erkin yod ajratadi.",,
redoks-0027,oksidlanish-qaytarilish,Temir(II) sulfatning kislotali muhitda vodorod peroksid bilan oksidlanishi,yuqori,9-sinf,record,FeSO4(aq) 0.1M + H2SO4(aq) 1M + H2O2(aq) 0.88M,muhit: kislotali,2FeSO4 + H2O2 + H2SO4 = Fe2(SO4)3 + 2H2O,2Fe²⁺ + H2O2 + 2H⁺ = 2Fe³⁺ + 2H2O,Och yashil eritma sariq-qo'ng'ir rangga kiradi.,,,sezilarsiz,bir-zumda,,"Vodorod peroksid kislotali muhitda Fe²⁺ ni Fe³⁺ gacha oksidlaydi; mahsulot faqat suv bo'lgani uchun u «toza» oksidlovchi hisoblanadi. Fe³⁺ hosil bo'lganini tiosianat bilan qizil rang orqali aniqlash mumkin.",,
redoks-0028,oksidlanish-qaytarilish,Qo'rg'oshin(II) sulfidning vodorod peroksid bilan oqarishi,yuqori,10-sinf,record,PbS(s) kukun + H2O2(aq) 0.88M,Qora qo'rg'oshin sulfid cho'kmasi yoki u bilan qoraygan qog'oz ishlatiladi.,PbS + 4H2O2 = PbSO4↓ + 4H2O,PbS + 4H2O2 = PbSO4↓ + 4H2O,Qora cho'kma asta-sekin oqaradi.,PbSO4 #f6f6f2 kukunsimon,,sezilarsiz,sekin,,"Vodorod peroksid sulfid oltingugurtni sulfatgacha oksidlaydi, natijada qora PbS oq PbSO₄ ga aylanadi. Bu reaksiya qo'rg'oshin bo'yoqli eski rasmlarning havodagi H₂S ta'sirida qoraygan joylarini tiklashda qo'llaniladi.",,
redoks-0029,oksidlanish-qaytarilish,Marganes(II) gidroksidning vodorod peroksid bilan oksidlanishi,yuqori,10-sinf,record,MnSO4(aq) 0.1M + NaOH(aq) 1M + H2O2(aq) 0.88M,"Avval MnSO₄ ga NaOH qo'shib oq Mn(OH)₂ cho'kmasi olinadi, so'ng H₂O₂ qo'shiladi.",MnSO4 + 2NaOH + H2O2 = MnO(OH)2↓ + Na2SO4 + H2O,Mn(OH)2 + H2O2 = MnO(OH)2↓ + H2O,Oq-pushti cho'kma peroksid qo'shilishi bilan darhol to'q qo'ng'ir rangga kiradi.,MnO(OH)2 #3a2418 iviqsimon,,sezilarsiz,tez,,"Ishqoriy muhitda marganes(II) birikmalari oson oksidlanadi. Vodorod peroksid Mn(OH)₂ ni marganes(IV) gidroksidigacha oksidlaydi va cho'kma qo'ng'ir rangga kiradi; hosil bo'lgan modda ortiqcha peroksidning parchalanishini ham tezlashtiradi.",,
redoks-0030,oksidlanish-qaytarilish,Temir(II) gidroksidning vodorod peroksid bilan oksidlanishi,yuqori,9-sinf,record,FeSO4(aq) 0.1M + NaOH(aq) 1M + H2O2(aq) 0.88M,"Avval yashil Fe(OH)₂ cho'kmasi olinadi, so'ng H₂O₂ qo'shiladi.",2FeSO4 + 4NaOH + H2O2 = 2Fe(OH)3↓ + 2Na2SO4,2Fe(OH)2 + H2O2 = 2Fe(OH)3↓,Yashil cho'kma peroksid qo'shilishi bilan qizil-qo'ng'ir rangga kiradi.,Fe(OH)3 #9a4a1c iviqsimon,,sezilarsiz,tez,,"Temir(II) gidroksid kuchli qaytaruvchi bo'lib, vodorod peroksid ta'sirida bir zumda temir(III) gidroksidga oksidlanadi. Havoda ham xuddi shu jarayon kislorod ta'sirida, lekin sekin boradi.",,
redoks-0032,oksidlanish-qaytarilish,Kumush(I) oksidning vodorod peroksid bilan qaytarilishi,yuqori,10-sinf,record,Ag2O(s) kukun + H2O2(aq) 0.88M,Kumush oksidi AgNO₃ eritmasiga ishqor qo'shib yangi tayyorlanadi.,Ag2O + H2O2 = 2Ag↓ + O2↑ + H2O,Ag2O + H2O2 = 2Ag↓ + O2↑ + H2O,"Qo'ng'ir cho'kma ustida shiddatli gaz ajraladi, cho'kma kulrang mayda kumush kukuniga aylanadi.",Ag #d8d8d8 kukunsimon,O2,sezilarsiz,tez,,"Kumush(I) oksid kuchli oksidlovchi bo'lgani uchun vodorod peroksidni kislorodgacha oksidlaydi, o'zi esa metall kumushgacha qaytariladi. Bu misolda H₂O₂ qaytaruvchilik xossasini namoyon qiladi.",,
redoks-0033,oksidlanish-qaytarilish,Natriy gipoxloritning vodorod peroksid bilan reaksiyasi,yuqori,10-sinf,record,NaClO(aq) 0.7M + H2O2(aq) 0.88M,,NaClO + H2O2 = NaCl + O2↑ + H2O,ClO⁻ + H2O2 = Cl⁻ + O2↑ + H2O,Aralashtirilganda shiddatli gaz ajraladi (ko'piradi).,,O2,sezilarsiz,tez,,"Gipoxlorit ioni vodorod peroksidga nisbatan kuchliroq oksidlovchi bo'lgani uchun H₂O₂ bu reaksiyada qaytaruvchi bo'lib, kislorod ajratadi. Ikki oksidlovchining aralashmasida kuchsizrog'i qaytaruvchi vazifasini bajarishi mumkin.",,
redoks-0034,oksidlanish-qaytarilish,Xlorli suvning vodorod peroksid bilan reaksiyasi,yuqori,10-sinf,record,xlorli-suv(aq) + H2O2(aq) 0.88M,,Cl2 + H2O2 = 2HCl + O2↑,Cl2 + H2O2 = 2H⁺ + 2Cl⁻ + O2↑,"Gaz pufakchalari ajraladi, xlorli suvning sarg'ish rangi va hidi yo'qoladi.",,O2,sezilarsiz,tez,,Xlor vodorod peroksidni kislorodgacha oksidlaydi va o'zi xlorid ioniga qaytariladi. Bu reaksiya (konsentrlangan eritmalarda) qorong'ida qizil nur chiqishi bilan kechadi — u singlet kislorodning nurlanishidir.,,
redoks-0038,oksidlanish-qaytarilish,Xlorli suvning kaliy bromid bilan reaksiyasi,yuqori,9-sinf,record,KBr(aq) 0.1M + xlorli-suv(aq),,Cl2 + 2KBr = 2KCl + Br2,Cl2 + 2Br⁻ = 2Cl⁻ + Br2,Rangsiz eritma sariq-zarg'aldoq rangga kiradi (erkin brom ajraladi).,,,sezilarsiz,bir-zumda,,Xlor bromdan faolroq oksidlovchi bo'lgani uchun bromid ionlarini erkin bromgacha oksidlaydi. Galogenlarning oksidlovchilik faolligi F₂ > Cl₂ > Br₂ > I₂ qatorida kamayadi.,,
redoks-0039,oksidlanish-qaytarilish,Xlorli suvning kaliy yodid bilan reaksiyasi,yuqori,9-sinf,record,KI(aq) 0.1M + xlorli-suv(aq),"Xlorli suv oz miqdorda qo'shiladi: ortiqcha xlor yodni yod kislotagacha oksidlab, rangni yo'qotadi.",Cl2 + 2KI = 2KCl + I2,Cl2 + 2I⁻ = 2Cl⁻ + I2,"Eritma sariq-qo'ng'ir rangga kiradi; kraxmal qo'shilsa ko'k rang paydo bo'ladi.",,,sezilarsiz,bir-zumda,,"Xlor yodid ionlarini erkin yodgacha oksidlaydi. Bu reaksiya xlorni aniqlashda (yodkraxmal qog'ozining ko'karishi) ishlatiladi; ammo xlor ortiqcha bo'lsa, yod yanada oksidlanib rang yo'qoladi.",,
redoks-0040,oksidlanish-qaytarilish,Bromli suvning kaliy yodid bilan reaksiyasi,yuqori,9-sinf,record,KI(aq) 0.1M + bromli-suv(aq),,Br2 + 2KI = 2KBr + I2,Br2 + 2I⁻ = 2Br⁻ + I2,Bromli suvning sariq rangi to'q qo'ng'ir rangga o'zgaradi (yod ajraladi).,,,sezilarsiz,bir-zumda,,Brom yoddan kuchliroq oksidlovchi bo'lgani uchun yodid ionlarini erkin yodgacha oksidlaydi. Yod esa bromid va xlorid ionlarini oksidlay olmaydi.,,
redoks-0041,oksidlanish-qaytarilish,Temir(II) xloridning xlor bilan oksidlanishi,yuqori,9-sinf,record,FeCl2(aq) 0.1M + xlorli-suv(aq),,2FeCl2 + Cl2 = 2FeCl3,2Fe²⁺ + Cl2 = 2Fe³⁺ + 2Cl⁻,Och yashil eritma sariq-qo'ng'ir rangga kiradi.,,,sezilarsiz,bir-zumda,,"Xlor kuchli oksidlovchi bo'lib, temir(II) ionlarini temir(III) gacha oksidlaydi. Sanoatda temir(III) xlorid shu usulda olinadi.",,
redoks-0042,oksidlanish-qaytarilish,Temir(II) sulfatning bromli suv bilan oksidlanishi,yuqori,10-sinf,record,FeSO4(aq) 0.1M + bromli-suv(aq),,6FeSO4 + 3Br2 = 2Fe2(SO4)3 + 2FeBr3,2Fe²⁺ + Br2 = 2Fe³⁺ + 2Br⁻,"Bromli suvning zarg'aldoq rangi yo'qolib, eritma sarg'ish tusga kiradi.",,,sezilarsiz,bir-zumda,,"Brom Fe²⁺ ionlarini Fe³⁺ gacha oksidlaydi, chunki Br₂/Br⁻ juftining oksidlovchilik kuchi Fe³⁺/Fe²⁺ juftinikidan katta. Yod esa bunday qila olmaydi — aksincha, Fe³⁺ yodid ionlarini oksidlaydi.",,
redoks-0043,oksidlanish-qaytarilish,Yodli suvning natriy tiosulfat bilan rangsizlanishi,yuqori,10-sinf,record,yodli-suv(aq) + Na2S2O3(aq) 0.01M,,I2 + 2Na2S2O3 = 2NaI + Na2S4O6,I2 + 2S2O3²⁻ = 2I⁻ + S4O6²⁻,Sariq-qo'ng'ir yodli suv tiosulfat qo'shilganda butunlay rangsizlanadi.,,,sezilarsiz,bir-zumda,,Yod tiosulfat ionlarini tetrationatgacha oksidlaydi va o'zi rangsiz yodid ionlariga aylanadi. Bu reaksiya yodometrik titrlashning asosi: kraxmal ishtirokida ko'k rangning yo'qolishi oxirgi nuqtani ko'rsatadi.,,
redoks-0044,oksidlanish-qaytarilish,Yodning vodorod sulfid bilan qaytarilishi,yuqori,10-sinf,record,yodli-suv(aq) + H2S(aq) 0.1M,,I2 + H2S = S↓ + 2HI,I2 + H2S = S↓ + 2H⁺ + 2I⁻,"Yodning rangi yo'qoladi, eritma oltingugurt bilan sarg'ish-oq loyqalanadi.",S #f2dc3a kolloid,,sezilarsiz,bir-zumda,,Yod vodorod sulfidni erkin oltingugurtgacha oksidlaydi va o'zi yodidga qaytariladi. Bu reaksiya yodid kislota olish va H₂S miqdorini yodometrik aniqlashda ishlatiladi.,,
redoks-0045,oksidlanish-qaytarilish,Yodning natriy sulfit bilan qaytarilishi,yuqori,10-sinf,record,yodli-suv(aq) + Na2SO3(aq) 0.01M,,I2 + Na2SO3 + H2O = Na2SO4 + 2HI,I2 + SO3²⁻ + H2O = SO4²⁻ + 2I⁻ + 2H⁺,Yodli suvning sariq-qo'ng'ir rangi darhol yo'qoladi.,,,sezilarsiz,bir-zumda,,"Sulfit ioni yodni yodidgacha qaytaradi va o'zi sulfatga oksidlanadi. Bu reaksiya sulfitlarni (masalan, ichimliklardagi SO₂ ni) yodometrik aniqlashda ishlatiladi.",,
redoks-0046,oksidlanish-qaytarilish,Bromli suvning natriy sulfit bilan rangsizlanishi,yuqori,10-sinf,record,bromli-suv(aq) + Na2SO3(aq) 0.05M,,Br2 + Na2SO3 + H2O = Na2SO4 + 2HBr,Br2 + SO3²⁻ + H2O = SO4²⁻ + 2Br⁻ + 2H⁺,Bromli suvning zarg'aldoq rangi darhol yo'qoladi.,,,sezilarsiz,bir-zumda,,"Sulfit ioni kuchli qaytaruvchi bo'lib, bromni bromid ionlarigacha qaytaradi va o'zi sulfatgacha oksidlanadi. Shu sababli to'kilgan bromni zararsizlantirishda sulfit yoki tiosulfat eritmalari ishlatiladi.",,
redoks-0047,oksidlanish-qaytarilish,Bromning vodorod sulfid bilan qaytarilishi,yuqori,10-sinf,record,bromli-suv(aq) + H2S(aq) 0.1M,,Br2 + H2S = S↓ + 2HBr,Br2 + H2S = S↓ + 2H⁺ + 2Br⁻,Bromning rangi yo'qoladi va sarg'ish oltingugurt loyqasi hosil bo'ladi.,S #f2dc3a kolloid,,sezilarsiz,bir-zumda,,"Brom vodorod sulfidni erkin oltingugurtgacha oksidlaydi, o'zi bromid ionlariga qaytariladi. Bromli suvning rangsizlanishi qaytaruvchilarni aniqlashda ishlatiladi.",,
redoks-0048,oksidlanish-qaytarilish,Xlorli suvning vodorod sulfid bilan reaksiyasi,yuqori,9-sinf,record,xlorli-suv(aq) + H2S(aq) 0.1M,,Cl2 + H2S = S↓ + 2HCl,Cl2 + H2S = S↓ + 2H⁺ + 2Cl⁻,Eritma oltingugurt bilan sarg'ish-oq loyqalanadi.,S #f2dc3a kolloid,,sezilarsiz,bir-zumda,,"Xlor vodorod sulfidni erkin oltingugurtgacha oksidlaydi va o'zi xlorid ionlariga qaytariladi. Xlor ortiqcha bo'lsa, oltingugurt sulfat kislotagacha ham oksidlanishi mumkin.",,
redoks-0050,oksidlanish-qaytarilish,Natriy sulfitning xlorli suv bilan oksidlanishi,yuqori,10-sinf,record,xlorli-suv(aq) + Na2SO3(aq) 0.05M,,Na2SO3 + Cl2 + H2O = Na2SO4 + 2HCl,SO3²⁻ + Cl2 + H2O = SO4²⁻ + 2Cl⁻ + 2H⁺,Xlorli suvning sarg'ish rangi va hidi yo'qoladi.,,,sezilarsiz,bir-zumda,,Sulfit ioni xlorni xlorid ionlarigacha qaytaradi va o'zi sulfatga aylanadi. Suvni xlorsizlantirishda sulfitlardan foydalaniladi.,,
redoks-0051,oksidlanish-qaytarilish,Xlorning sovuq natriy gidroksid eritmasida disproporsiyalanishi,yuqori,10-sinf,record,Cl2(g) + NaOH(aq) 1M,"≤40°C; Xlor sovuq (xona haroratidagi) ishqor eritmasi orqali o'tkaziladi.",Cl2 + 2NaOH = NaCl + NaClO + H2O,Cl2 + 2OH⁻ = Cl⁻ + ClO⁻ + H2O,"Xlor ishqor eritmasiga to'liq yutiladi; hosil bo'lgan eritma oqartiruvchi xossaga ega bo'ladi (rangli qog'ozni rangsizlantiradi).",,,sezilarsiz,tez,,"Ishqoriy muhitda xlor disproporsiyalanadi: atomlarining yarmi xloridga qaytariladi, yarmi gipoxloritga oksidlanadi. Bu usulda oqartiruvchi «Javel suvi» olinadi.",,
redoks-0054,oksidlanish-qaytarilish,Bromli suv va kaliy xlorid: reaksiya ketmasligi,yuqori,9-sinf,record,KCl(aq) 0.1M + bromli-suv(aq),,,,Eritma rangi o'zgarmaydi — bromli suvning sariq rangi saqlanadi.,,,sezilarsiz,bir-zumda,ha,"Brom xlorga nisbatan kuchsizroq oksidlovchi bo'lgani uchun xlorid ionlarini xlorgacha oksidlay olmaydi. Aksincha, xlor bromid ionlarini oksidlab, bromni siqib chiqaradi.",,
redoks-0055,oksidlanish-qaytarilish,Yodli suv va kaliy bromid: reaksiya ketmasligi,yuqori,9-sinf,record,KBr(aq) 0.1M + yodli-suv(aq),,,,Yodli suvning rangi o'zgarmaydi.,,,sezilarsiz,bir-zumda,ha,"Yod bromdan kuchsiz oksidlovchi, shuning uchun bromid ionlarini oksidlamaydi. Brom esa yodid ionlarini oson oksidlab, yodni siqib chiqaradi.",,
redoks-0059,oksidlanish-qaytarilish,Kaliy bromidning konsentrlangan sulfat kislota bilan reaksiyasi,yuqori,10-sinf,record,KBr(s) kristall + H2SO4(aq) 18M ≥12M,Faqat konsentrlangan sulfat kislota bilan.,2KBr + 3H2SO4(kons.) = 2KHSO4 + Br2 + SO2↑ + 2H2O,2Br⁻ + 3H2SO4 = Br2 + SO2↑ + 2HSO4⁻ + 2H2O,"Kristallar ustida qo'ng'ir-qizg'ish brom bug'lari paydo bo'ladi, o'tkir hidli SO₂ ajraladi.",,SO2,ekzotermik,tez,,"Konsentrlangan sulfat kislota kuchli oksidlovchi bo'lib, bromid ionlarini erkin bromgacha oksidlaydi va o'zi SO₂ gacha qaytariladi. Shu sababli bromid tuzlaridan sulfat kislota yordamida toza HBr olib bo'lmaydi (HCl esa shu usulda olinadi).",,
redoks-0061,oksidlanish-qaytarilish,Temir(III) xloridning kaliy yodid bilan reaksiyasi,yuqori,10-sinf,rules,FeCl3(aq) 0.1M + KI(aq) 0.1M,,2FeCl3 + 2KI = 2FeCl2 + I2 + 2KCl,2Fe³⁺ + 2I⁻ = 2Fe²⁺ + I2,"Sarg'ish eritma to'q qo'ng'ir rangga kiradi; kraxmal qo'shilsa ko'karadi.",,,sezilarsiz,bir-zumda,,"Fe³⁺ ioni yodid ionini oksidlay oladigan darajada oksidlovchi, lekin bromid va xloridni oksidlay olmaydi. Shu sababli FeI₃ tuzi mavjud emas.",,
redoks-0062,oksidlanish-qaytarilish,Temir(III) xloridning natriy sulfit bilan qaytarilishi,yuqori,10-sinf,rules,FeCl3(aq) 0.1M + Na2SO3(aq) 0.1M,,2FeCl3 + Na2SO3 + H2O = 2FeCl2 + Na2SO4 + 2HCl,2Fe³⁺ + SO3²⁻ + H2O = 2Fe²⁺ + SO4²⁻ + 2H⁺,Sariq-qo'ng'ir eritma och yashil tusga kiradi.,,,sezilarsiz,tez,,Sulfit ioni Fe³⁺ ni Fe²⁺ gacha qaytaradi va o'zi sulfatga oksidlanadi. Shu sababli temir(III) sulfit tuzi eritmada mavjud bo'la olmaydi.,,
redoks-0063,oksidlanish-qaytarilish,Mis(II) sulfatning kaliy yodid bilan reaksiyasi,yuqori,10-sinf,rules,CuSO4(aq) 0.1M + KI(aq) 0.2M,,2CuSO4 + 4KI = 2CuI↓ + I2 + 2K2SO4,2Cu²⁺ + 4I⁻ = 2CuI↓ + I2,"Qo'ng'ir eritma va cho'kma hosil bo'ladi; yod tiosulfat bilan yo'qotilsa, oq CuI cho'kmasi ko'rinadi.",CuI #f2eee0 kukunsimon,,sezilarsiz,bir-zumda,,"Mis(II) ioni yodid ionlarini yodgacha oksidlaydi, o'zi esa mis(I) yodid cho'kmasiga aylanadi. Shu sababli mis(II) yodid mavjud emas; reaksiya misni yodometrik aniqlashda ishlatiladi.",,
redoks-0065,oksidlanish-qaytarilish,Temir(III) xloridning vodorod sulfid bilan qaytarilishi,yuqori,litsey,record,FeCl3(aq) 0.1M + H2S(aq) 0.1M,Kislotali muhitda (FeCl₃ eritmasining o'zi kislotali) FeS cho'kmaydi.,2FeCl3 + H2S = 2FeCl2 + S↓ + 2HCl,2Fe³⁺ + H2S = 2Fe²⁺ + S↓ + 2H⁺,Sariq-qo'ng'ir eritma och yashil tusga kiradi va oltingugurt bilan loyqalanadi.,S #f2dc3a kolloid,,sezilarsiz,tez,,"Temir(III) ionlari vodorod sulfidni erkin oltingugurtgacha oksidlaydi. Kislotali muhitda temir(II) sulfid cho'kmaga tushmaydi, shuning uchun faqat oltingugurt loyqasi kuzatiladi; neytral sulfid eritmasida esa qora FeS ham cho'kadi.",,
redoks-0067,oksidlanish-qaytarilish,Natriy tiosulfatning sulfat kislota bilan parchalanishi,yuqori,9-sinf,record,Na2S2O3(aq) 0.1M + H2SO4(aq) 1M,muhit: kislotali,Na2S2O3 + H2SO4 = Na2SO4 + S↓ + SO2↑ + H2O,S2O3²⁻ + 2H⁺ = S↓ + SO2↑ + H2O,"Bir necha soniyadan so'ng eritma opalessensiyalanadi va sarg'ish-oq loyqaga aylanadi; SO₂ hidi seziladi.",S #f2dc3a kolloid,SO2,sezilarsiz,o'rtacha,,"Tiosulfat kislotali muhitda disproporsiyalanadi: oltingugurtning bir qismi S⁰ ga qaytariladi, bir qismi S⁺⁴ ga oksidlanadi. Loyqa paydo bo'lish vaqti konsentratsiya va haroratga bog'liq bo'lgani uchun bu reaksiya reaksiya tezligini o'rganishda ishlatiladi.",,
redoks-0068,oksidlanish-qaytarilish,Natriy sulfid va natriy sulfit aralashmasining kislota ta'sirida oltingugurt hosil qilishi,yuqori,litsey,record,Na2S(aq) 0.1M + Na2SO3(aq) 0.1M + H2SO4(aq) 1M,"muhit: kislotali; Sulfid va sulfit aralashmasiga kislota qo'shiladi.",2Na2S + Na2SO3 + 3H2SO4 = 3S↓ + 3Na2SO4 + 3H2O,2H2S + H2SO3 = 3S↓ + 3H2O,Kislota qo'shilishi bilan eritma quyuq sarg'ish-oq loyqaga aylanadi.,S #f2dc3a kolloid,,sezilarsiz,tez,,"Neytral va ishqoriy eritmada sulfid va sulfit ionlari o'zaro ta'sirlashmaydi, kislotali muhitda esa ular komproporsiyalanib erkin oltingugurt hosil qiladi. Bu reaksiya oltingugurtning turli oksidlanish darajalaridagi birikmalari orasidagi bog'liqlikni ko'rsatadi.",,
redoks-0073,oksidlanish-qaytarilish,Kaliy nitritning kislotali muhitda kaliy yodidni oksidlashi,yuqori,10-sinf,record,KI(aq) 0.1M + H2SO4(aq) 1M + KNO2(aq) 0.1M,muhit: kislotali,2KNO2 + 2KI + 2H2SO4 = I2 + 2NO↑ + 2K2SO4 + 2H2O,2NO2⁻ + 2I⁻ + 4H⁺ = I2 + 2NO↑ + 2H2O,"Eritma darhol qo'ng'ir rangga kiradi, rangsiz gaz pufakchalari ajraladi; probirka og'zida gaz qo'ng'ir tusga kiradi.",,NO,sezilarsiz,bir-zumda,,"Nitrit ionidagi azot oraliq oksidlanish darajasida bo'lgani uchun kuchli qaytaruvchi (yodid) bilan oksidlovchi bo'lib, NO gacha qaytariladi. Bu reaksiya nitritlarni nitratlardan farqlashda ishlatiladi: suyultirilgan nitratlar bunday sharoitda yodni tez ajratmaydi.",,
redoks-0076,oksidlanish-qaytarilish,Natriy gipoxloritning xlorid kislota bilan reaksiyasi,yuqori,9-sinf,record,NaClO(aq) 0.7M + HCl(aq) 2M,muhit: kislotali,NaClO + 2HCl = NaCl + Cl2↑ + H2O,ClO⁻ + Cl⁻ + 2H⁺ = Cl2↑ + H2O,"Gaz pufakchalari ajraladi, o'tkir xlor hidi seziladi, probirka ustida sarg'ish-yashil gaz to'planadi.",,Cl2 #cfd65a,sezilarsiz,tez,,Gipoxlorit va xlorid ionlari kislotali muhitda komproporsiyalanib erkin xlor hosil qiladi. Shu sababli xlorli oqartiruvchilarni kislotali tozalash vositalari bilan aralashtirish xavfli.,,
redoks-0078,oksidlanish-qaytarilish,Natriy gipoxloritning kislotali muhitda kaliy yodidni oksidlashi,yuqori,10-sinf,record,KI(aq) 0.1M + H2SO4(aq) 0.5M + NaClO(aq) 0.1M,muhit: kislotali,NaClO + 2KI + H2SO4 = NaCl + I2 + K2SO4 + H2O,ClO⁻ + 2I⁻ + 2H⁺ = Cl⁻ + I2 + H2O,Eritma darhol sariq-qo'ng'ir rangga kiradi.,,,sezilarsiz,bir-zumda,,"Gipoxlorit kuchli oksidlovchi bo'lib, yodid ionlarini yodgacha oksidlaydi. Ajralgan yod tiosulfat bilan titrlanadi — oqartiruvchi eritmalardagi faol xlorni aniqlash shunga asoslangan.",,
redoks-0079,oksidlanish-qaytarilish,Kaliy xloratning kislotali muhitda kaliy yodidni oksidlashi,yuqori,litsey,record,KI(aq) 0.1M + H2SO4(aq) 1M + KClO3(aq) 0.1M,muhit: kislotali,KClO3 + 6KI + 3H2SO4 = KCl + 3I2 + 3K2SO4 + 3H2O,ClO3⁻ + 6I⁻ + 6H⁺ = Cl⁻ + 3I2 + 3H2O,Eritma asta-sekin sariq-qo'ng'ir rangga kiradi.,,,sezilarsiz,o'rtacha,,"Xlorat ioni neytral eritmada yodidni deyarli oksidlamaydi, kislotali muhitda esa yodgacha oksidlaydi. Oksoanionlarning oksidlovchilik kuchi H⁺ ionlari konsentratsiyasi ortishi bilan ortadi.",,
redoks-0081,oksidlanish-qaytarilish,Marganes(II) ionining qo'rg'oshin(IV) oksid bilan permanganatgacha oksidlanishi,yuqori,litsey,record,MnSO4(aq) 0.01M + HNO3(aq) 6M + PbO2(s) kukun,"qizdirish; ≥60°C; muhit: kislotali; Marganes tuzi juda suyultirilgan bo'lishi kerak; nitrat kislotali muhitda qizdiriladi.",2MnSO4 + 5PbO2 + 6HNO3 = 2HMnO4 + 2PbSO4↓ + 3Pb(NO3)2 + 2H2O,2Mn²⁺ + 5PbO2 + 4H⁺ = 2MnO4⁻ + 5Pb²⁺ + 2H2O,"Qizdirib, cho'kma tindirilgandan so'ng eritma binafsha-qizg'ish rangga kiradi.",PbSO4 #f6f6f2 kukunsimon,,sezilarsiz,o'rtacha,,"Qo'rg'oshin(IV) oksid kislotali muhitda shunchalik kuchli oksidlovchiki, Mn²⁺ ni permanganatgacha oksidlaydi. Permanganatning juda kuchli rangi tufayli bu reaksiya marganesning juda oz miqdorini aniqlash uchun ishlatiladi; xlorid ionlari bo'lmasligi kerak.",,
redoks-0082,oksidlanish-qaytarilish,Marganes(IV) oksidning kislotali muhitda vodorod peroksid bilan qaytarilishi,yuqori,10-sinf,record,MnO2(s) kukun + H2SO4(aq) 1M + H2O2(aq) 0.88M,muhit: kislotali,MnO2 + H2O2 + H2SO4 = MnSO4 + O2↑ + 2H2O,MnO2 + H2O2 + 2H⁺ = Mn²⁺ + O2↑ + 2H2O,"Qora kukun gaz ajratib eriydi, deyarli rangsiz eritma hosil bo'ladi.",,O2,sezilarsiz,tez,,"Kislotali muhitda marganes(IV) oksid vodorod peroksidni kislorodgacha oksidlaydi va o'zi eriydigan Mn²⁺ tuziga aylanadi. Shu usul bilan idishlardagi MnO₂ dog'lari tozalanadi; kislotasiz muhitda esa MnO₂ peroksid parchalanishining katalizatori bo'lib qoladi.",,
redoks-0084,oksidlanish-qaytarilish,Marganes(IV) oksidning kislotali muhitda kaliy yodidni oksidlashi,yuqori,10-sinf,record,MnO2(s) kukun + H2SO4(aq) 1M + KI(aq) 0.1M,muhit: kislotali,MnO2 + 2KI + 2H2SO4 = MnSO4 + I2 + K2SO4 + 2H2O,MnO2 + 2I⁻ + 4H⁺ = Mn²⁺ + I2 + 2H2O,"Qora kukun atrofida eritma qo'ng'ir rangga kiradi, kukun asta-sekin eriydi.",,,sezilarsiz,o'rtacha,,Kislotali muhitda marganes(IV) oksid yodid ionlarini yodgacha oksidlaydi. Bu reaksiya yodni laboratoriyada yodidlardan olish usullaridan biri.,,
redoks-0086,oksidlanish-qaytarilish,Marganes(IV) oksidning kislotali muhitda natriy sulfit bilan qaytarilishi,yuqori,10-sinf,record,MnO2(s) kukun + H2SO4(aq) 1M + Na2SO3(aq) 0.5M,muhit: kislotali,MnO2 + Na2SO3 + H2SO4 = MnSO4 + Na2SO4 + H2O,MnO2 + SO3²⁻ + 2H⁺ = Mn²⁺ + SO4²⁻ + H2O,"Qora-qo'ng'ir kukun eriydi, deyarli rangsiz eritma hosil bo'ladi.",,,sezilarsiz,tez,,"Kislotali muhitda sulfit (yoki SO₂) marganes(IV) oksidni Mn²⁺ gacha qaytaradi, shuning uchun qora kukun eriydi. Shu reaksiyadan permanganat va MnO₂ dog'larini tozalashda hamda marganes rudalarini eritishda foydalaniladi.",,
redoks-0088,oksidlanish-qaytarilish,Temir(II) gidroksidning havo kislorodi bilan oksidlanishi,yuqori,9-sinf,record,FeSO4(aq) 0.1M + NaOH(aq) 1M + O2(g),Cho'kma havoda qoldiriladi yoki suspenziya orqali kislorod o'tkaziladi.,4FeSO4 + 8NaOH + O2 + 2H2O = 4Fe(OH)3↓ + 4Na2SO4,4Fe(OH)2 + O2 + 2H2O = 4Fe(OH)3↓,Yashil cho'kma sirtdan boshlab asta-sekin qo'ng'ir rangga kiradi.,Fe(OH)3 #9a4a1c iviqsimon,,sezilarsiz,sekin,,"Temir(II) gidroksid havo kislorodi ta'sirida asta-sekin temir(III) gidroksidga oksidlanadi. Shu sababli Fe(OH)₂ ni toza holda olish uchun kislorodsiz sharoit kerak; temirning zanglashi ham shunga o'xshash jarayon.",,
redoks-0089,oksidlanish-qaytarilish,Marganes(II) gidroksidning havo kislorodi bilan oksidlanishi,yuqori,10-sinf,record,MnSO4(aq) 0.1M + NaOH(aq) 1M + O2(g),Cho'kma havoda qoldiriladi yoki suspenziya orqali kislorod o'tkaziladi.,2MnSO4 + 4NaOH + O2 = 2MnO(OH)2↓ + 2Na2SO4,2Mn(OH)2 + O2 = 2MnO(OH)2↓,Oq-pushti cho'kma havoda asta-sekin qo'ng'ir rangga kiradi.,MnO(OH)2 #3a2418 iviqsimon,,sezilarsiz,sekin,,Ishqoriy muhitda marganes(II) gidroksid havo kislorodi bilan oson oksidlanadi. Suvdagi erigan kislorodni aniqlashning Vinkler usuli shu reaksiyaga asoslangan.,,
sakarid-0001,uglevodlar,"Glyukozaning ""kumush ko'zgu"" reaksiyasi",yuqori,10-sinf,record,C6H12O6(aq) 0.5M + Tollens(aq),"qizdirish; ≥50°C; Probirka 60–70 °C li suv hammomida chayqatmasdan qizdiriladi.",C6H12O6 + 2[Ag(NH3)2]OH → 2Ag↓ + C6H11O7NH4 + 3NH3 + H2O,C6H12O6 + 2[Ag(NH3)2]⁺ + 2OH⁻ → 2Ag↓ + C6H11O7NH4 + 3NH3 + H2O,Bir necha daqiqadan so'ng probirka devorlarida yaltiroq kumush ko'zgu qatlami hosil bo'ladi.,,,sezilarsiz,o'rtacha,,"Glyukoza aldegid guruhi tutgani uchun aldegidlar kabi ""kumush ko'zgu"" reaksiyasini beradi va glyukon kislotagacha (ammiakli muhitda uning ammoniyli tuzigacha) oksidlanadi. Bu reaksiya glyukozani aniqlashda va oyna (ko'zgu) ishlab chiqarishda qo'llaniladi.",,
sakarid-0002,uglevodlar,Glyukozaning ko'p atomli spirt sifatida mis(II) gidroksid bilan reaksiyasi (sovuqda),yuqori,10-sinf,rules,C6H12O6(aq) 0.5M + Cu(OH)2(s),"Cu(OH)₂ ortiqcha NaOH ishtirokida CuSO₄ dan yangi cho'ktirib olinadi; reaksiya xona haroratida o'tkaziladi.",,,"Havorang Cu(OH)₂ cho'kmasi glyukoza eritmasida eriydi, to'q ko'k tiniq eritma hosil bo'ladi.",,,sezilarsiz,tez,,"Glyukoza ikki xil funksional guruh tutadi: gidroksil guruhlari hisobiga u glitserin kabi Cu(OH)₂ ni eritib to'q ko'k eritma beradi, aldegid guruhi hisobiga esa qizdirilganda Cu(OH)₂ ni qaytaradi. Demak, glyukoza aldegidospirt.",,
sakarid-0003,uglevodlar,Glyukozaning mis(II) gidroksid bilan qizdirilgandagi oksidlanishi,yuqori,10-sinf,record,C6H12O6(aq) 0.5M + Cu(OH)2(s),"qizdirish; ≥60°C; Cu(OH)₂ ortiqcha ishqor ishtirokida yangi cho'ktirib olinadi; aralashmaning yuqori qismi qizdiriladi.",C6H12O6 + 2Cu(OH)2 → C6H12O7 + Cu2O↓ + 2H2O,,"Qizdirilganda to'q ko'k eritma avval sarg'ayadi, so'ng g'isht-qizil Cu₂O cho'kmasi tushadi.",Cu2O #b8321e kukunsimon,,sezilarsiz,tez,,"Glyukoza aldegid guruhi hisobiga qizdirilganda mis(II) gidroksidni mis(I) oksidgacha qaytaradi, o'zi esa glyukon kislotagacha oksidlanadi. Bu reaksiya (shuningdek Feling suyuqligi bilan) qon va siydikda qand miqdorini aniqlashda qo'llanilgan.",,
sakarid-0004,uglevodlar,"Saxarozaning ""kumush ko'zgu"" reaksiyasini bermasligi",yuqori,10-sinf,record,C12H22O11(aq) 0.3M + Tollens(aq),"qizdirish; ≥50°C; Taqqoslash uchun glyukoza bilan ham parallel tajriba o'tkaziladi.",,,"Qizdirilganda ham kumush ko'zgu hosil bo'lmaydi, eritma tiniq qoladi.",,,sezilarsiz,bir-zumda,ha,"Saxaroza qaytaruvchi bo'lmagan disaxarid: uning molekulasida erkin aldegid guruhi yo'q. Shuning uchun u ""kumush ko'zgu"" reaksiyasini bermaydi va Cu(OH)₂ ni qizdirilganda qaytarmaydi. Maltoza va laktoza esa qaytaruvchi disaxaridlar.",,
sakarid-0005,uglevodlar,Saxarozaning kislotali gidrolizi,yuqori,10-sinf,record,C12H22O11(aq) 0.3M,"qizdirish; ≥70°C; katalizator: H2SO4; Katalizator — 1 ml suyultirilgan sulfat kislota; aralashma 5 daqiqa qaynatiladi, so'ng NaOH bilan neytrallanib, Cu(OH)₂ bilan sinaladi.",C12H22O11 + H2O → C6H12O6 + C6H12O6,,"Qaynatishda tashqi o'zgarish ko'rinmaydi; neytrallangan gidrolizat Cu(OH)₂ bilan qizdirilganda qizil Cu₂O cho'kmasi beradi, gidrolizlanmagan saxaroza esa bermaydi.",,,sezilarsiz,sekin,,"Saxaroza kislotalar (yoki fermentlar) ta'sirida gidrolizlanib, glyukoza va fruktozaga parchalanadi. Gidroliz mahsulotlari qaytaruvchi bo'lgani uchun Cu(OH)₂ ni qaytaradi, saxarozaning o'zi esa qaytarmaydi. Asal asosan glyukoza va fruktoza aralashmasidan iborat.",,
sakarid-0006,uglevodlar,Kraxmalning yod bilan sifat reaksiyasi,yuqori,10-sinf,rules,(C6H10O5)n(aq) 0.06M + Lugol(aq),,,,"Kraxmal kleysteri yod tomizilganda to'q ko'k rangga kiradi; qizdirilganda rang yo'qoladi, sovutilganda yana paydo bo'ladi.",,,sezilarsiz,bir-zumda,,"Kraxmal yod bilan to'q ko'k rang beradi — bu kraxmalga (va yodga) xos sifat reaksiya. U yordamida oziq-ovqat mahsulotlarida (kartoshka, non, guruch) kraxmal borligini aniqlash mumkin.",,
sakarid-0007,uglevodlar,Kraxmalning kislotali gidrolizi,yuqori,10-sinf,record,(C6H10O5)n(aq) 0.06M,"qizdirish; ≥90°C; katalizator: H2SO4; Katalizator — 1 ml suyultirilgan sulfat kislota; aralashma 10–15 daqiqa qaynatiladi, vaqti-vaqti bilan bir tomchisi yod bilan sinab turiladi.",(C6H10O5)n + nH2O → nC6H12O6,,"Qaynatish davomida olingan namunalarning yod bilan rangi ko'kdan binafsha, qizg'ish-qo'ng'ir rangga o'tadi va oxirida rang bermaydi; neytrallangan gidrolizat Cu(OH)₂ bilan qizil cho'kma beradi.",,,sezilarsiz,sekin,,"Kraxmal polisaxarid bo'lib, kislota yoki fermentlar ta'sirida bosqichma-bosqich gidrolizlanadi va oxirida glyukoza hosil bo'ladi. Sanoatda kraxmaldan shu usulda glyukoza va qiyom (patoka) olinadi; organizmda kraxmal fermentlar ta'sirida gidrolizlanadi.",,
sakarid-0011,uglevodlar,Sellyulozaning (paxtaning) yonishi,yuqori,10-sinf,record,[C6H7O2(OH)3]n(s) + O2(g),"yondirish; Paxta momig'i yoki filtr qog'oz bo'lagi pinset bilan alangaga tutiladi.",[C6H7O2(OH)3]n + 6nO2 → 6nCO2 + 5nH2O,,"Paxta tez va yorqin sariq alanga bilan yonadi, kuygan qog'oz hidi keladi, oz miqdorda kulrang kul qoladi.",,CO2,kuchli-ekzotermik,tez,,"Sellyuloza to'liq yonganda karbonat angidrid va suv hosil qiladi. Paxta, zig'ir kabi o'simlik tolalari yonganda kuygan qog'oz hidi chiqadi va kul qoladi; oqsil tolalar (jun, ipak) esa kuygan pat hidini beradi — bu tolalarni farqlash usuli.",,
sakarid-0013,uglevodlar,Kraxmal kleysterini tayyorlash,yuqori,10-sinf,rules,(C6H10O5)n(s) + H2O(l),"qizdirish; ≥70°C; Kraxmal avval ozgina sovuq suvda aralashtirilib, qaynoq suvga quyiladi.",,,"Sovuq suvda oq loyqa hosil bo'ladi va tez cho'kadi; qaynoq suvga quyilganda opalsimon, yopishqoq kleyster hosil bo'ladi.",,,sezilarsiz,o'rtacha,,"Kraxmal sovuq suvda erimaydi, issiq suvda esa bo'kib kolloid eritma — kleyster hosil qiladi. Kleyster yelim sifatida, to'qimachilikda va kraxmalning yod bilan reaksiyasini o'tkazishda ishlatiladi.",,
sakarid-0015,uglevodlar,Glyukozaning bromli suv bilan oksidlanishi,yuqori,11-sinf,record,C6H12O6(aq) 0.5M + bromli-suv(aq),,C6H12O6 + Br2 + H2O → C6H12O7 + 2HBr,C6H12O6 + Br2 + H2O → C6H12O7 + 2H⁺ + 2Br⁻,Sariq bromli suv glyukoza eritmasi bilan aralashtirilganda bir necha daqiqada rangsizlanadi.,,,sezilarsiz,sekin,,"Bromli suv aldozalarni (aldegid guruhli monosaxaridlarni) glyukon kislota kabi kislotalargacha oksidlaydi, ketozalarni (fruktozani) esa bu sharoitda oksidlamaydi. Shu sababli bromli suv yordamida glyukoza va fruktozani farqlash mumkin.",,
sifat-0001,sifat-reaksiyalari,Kumush ionini xlorid kislota bilan aniqlash,yuqori,9-sinf,rules,AgNO3(aq) 0.1M + HCl(aq) 1M,,AgNO3 + HCl = AgCl↓ + HNO3,Ag⁺ + Cl⁻ = AgCl↓,"Oq suzmasimon cho'kma tushadi; yorug'likda asta-sekin qorayadi.",AgCl #f8f8f4 suzmasimon,,sezilarsiz,bir-zumda,,"Kumush ioni xlorid ionlari bilan kislotalarda erimaydigan oq suzmasimon AgCl cho'kmasini hosil qiladi. Shuning uchun xlorid kislota (yoki xloridlar) kumush ioniga, kumush nitrat esa xlorid ioniga reaktiv bo'ladi.",,
sifat-0002,sifat-reaksiyalari,Kumush xlorid cho'kmasining ammiakda erishi,yuqori,11-sinf,rules,AgCl(s) kukun + NH3·H2O(aq) 2M,Oldingi tajribada olingan AgCl cho'kmasiga ammiakli suv qo'shiladi.,AgCl + 2NH3 = [Ag(NH3)2]Cl,AgCl + 2NH3 = [Ag(NH3)2]⁺ + Cl⁻,"Oq cho'kma ammiakli suvda erib, rangsiz tiniq eritma hosil bo'ladi.",,,sezilarsiz,tez,,"Kumush xlorid ammiakda eruvchan kompleks — diamminkumush xlorid hosil qilib eriydi, AgBr qisman, AgI esa umuman erimaydi. Bu xossa kumush ionini va galogenid ionlarini bir-biridan farqlashda qo'llaniladi.",,
sifat-0003,sifat-reaksiyalari,Kumush ionining kaliy xromat bilan reaksiyasi,yuqori,litsey,rules,AgNO3(aq) 0.1M + K2CrO4(aq) 0.1M,,2AgNO3 + K2CrO4 = Ag2CrO4↓ + 2KNO3,2Ag⁺ + CrO4²⁻ = Ag2CrO4↓,Sariq eritmada g'isht-qizil cho'kma hosil bo'ladi.,Ag2CrO4 #a8321e mayda-kristall,,sezilarsiz,bir-zumda,,"Kumush xromat g'isht-qizil rangli kam eriydigan tuz. Bu reaksiya neytral muhitda kumush ionini aniqlashda, shuningdek xloridlarni kumush nitrat bilan titrlashda (Mor usuli) indikator reaksiya sifatida qo'llaniladi.",,
sifat-0004,sifat-reaksiyalari,Kumush ionining ishqor bilan reaksiyasi — kumush(I) oksid hosil bo'lishi,yuqori,10-sinf,rules,AgNO3(aq) 0.1M + NaOH(aq) 1M,,2AgNO3 + 2NaOH = Ag2O↓ + 2NaNO3 + H2O,2Ag⁺ + 2OH⁻ = Ag2O↓ + H2O,Qo'ng'ir (to'q jigarrang) cho'kma hosil bo'ladi.,Ag2O #3a2a20 mayda-kristall,,sezilarsiz,bir-zumda,,Kumush gidroksid oddiy sharoitda mavjud bo'lmaydi: u hosil bo'lishi bilanoq qo'ng'ir kumush(I) oksidga parchalanadi. Bu kumush ionining ishqorlar bilan boshqa metall ionlaridan farq qiluvchi xususiyatidir.,,
sifat-0005,sifat-reaksiyalari,Bariy ionini sulfat kislota bilan aniqlash,yuqori,9-sinf,rules,BaCl2(aq) 0.1M + H2SO4(aq) 1M,,BaCl2 + H2SO4 = BaSO4↓ + 2HCl,Ba²⁺ + SO4²⁻ = BaSO4↓,"Oq mayda kristall cho'kma tushadi; u xlorid va nitrat kislotalarda erimaydi.",BaSO4 #f4f4ee mayda-kristall,,sezilarsiz,bir-zumda,,"Bariy ioni sulfat ionlari bilan kislotalarda ham erimaydigan oq bariy sulfat cho'kmasini beradi. Sulfat kislota yoki eruvchan sulfatlar bariy ioniga, bariy tuzlari esa sulfat ioniga reaktivdir.",,
sifat-0006,sifat-reaksiyalari,Bariy ionining kaliy xromat bilan reaksiyasi,yuqori,litsey,rules,BaCl2(aq) 0.1M + K2CrO4(aq) 0.1M,,BaCl2 + K2CrO4 = BaCrO4↓ + 2KCl,Ba²⁺ + CrO4²⁻ = BaCrO4↓,Sariq kristall cho'kma hosil bo'ladi.,BaCrO4 #f5d31a mayda-kristall,,sezilarsiz,bir-zumda,,"Bariy ioni xromat ionlari bilan sariq bariy xromat cho'kmasini hosil qiladi. Kalsiy ioni bunday sharoitda cho'kma bermaydi, shuning uchun bu reaksiya bariyni kalsiydan farqlashga imkon beradi.",,
sifat-0007,sifat-reaksiyalari,Kalsiy ionini ammoniy oksalat bilan aniqlash,yuqori,9-sinf,rules,CaCl2(aq) 0.1M + (NH4)2C2O4(aq) 0.1M,,CaCl2 + (NH4)2C2O4 = CaC2O4↓ + 2NH4Cl,Ca²⁺ + C2O4²⁻ = CaC2O4↓,"Oq mayda kristall cho'kma hosil bo'ladi; u sirka kislotada erimaydi.",CaC2O4 #f6f6f2 mayda-kristall,,sezilarsiz,tez,,Kalsiy ioni oksalat ionlari bilan sirka kislotada erimaydigan oq kalsiy oksalat cho'kmasini beradi — bu kalsiyga xos sifat reaksiya. Buyrak toshlarining asosiy qismi ham kalsiy oksalatdan iborat.,,
sifat-0008,sifat-reaksiyalari,Temir(II) ionini qizil qon tuzi bilan aniqlash (Turnbul ko'ki),yuqori,9-sinf,record,FeSO4(aq) 0.1M + K3[Fe(CN)6](aq) 0.1M,Temir(II) sulfat eritmasi yangi tayyorlangan bo'lishi kerak.,3FeSO4 + 2K3[Fe(CN)6] = Fe3[Fe(CN)6]2↓ + 3K2SO4,3Fe²⁺ + 2[Fe(CN)6]³⁻ = Fe3[Fe(CN)6]2↓,Och yashil eritmada darhol to'q ko'k cho'kma hosil bo'ladi.,Fe3[Fe(CN)6]2 #163a8a kolloid,,sezilarsiz,bir-zumda,,"Temir(II) ioni qizil qon tuzi bilan to'q ko'k Turnbul ko'ki cho'kmasini hosil qiladi. Zamonaviy tadqiqotlarga ko'ra Turnbul ko'ki va Berlin lazuri tarkibi bir xil, ammo maktab kursida ular alohida formulalar bilan yoziladi. Bu reaksiya Fe²⁺ ni Fe³⁺ dan farqlashda qo'llaniladi.",,
sifat-0009,sifat-reaksiyalari,Temir(III) ionini sariq qon tuzi bilan aniqlash (Berlin lazuri),yuqori,9-sinf,record,FeCl3(aq) 0.1M + K4[Fe(CN)6](aq) 0.1M,,4FeCl3 + 3K4[Fe(CN)6] = Fe4[Fe(CN)6]3↓ + 12KCl,4Fe³⁺ + 3[Fe(CN)6]⁴⁻ = Fe4[Fe(CN)6]3↓,Sarg'ish eritmada to'q ko'k cho'kma hosil bo'ladi.,Fe4[Fe(CN)6]3 #123a8a kolloid,,sezilarsiz,bir-zumda,,"Temir(III) ioni sariq qon tuzi bilan to'q ko'k Berlin lazuri cho'kmasini beradi. Bu juda sezgir reaksiya bo'lib, Fe³⁺ ning oz miqdorini ham aniqlashga imkon beradi; Berlin lazuri bo'yoq sifatida ham ishlatiladi.",,
sifat-0010,sifat-reaksiyalari,Temir(III) ionini kaliy rodanid bilan aniqlash,yuqori,9-sinf,record,FeCl3(aq) 0.05M + KSCN(aq) 0.1M,,FeCl3 + 3KSCN = Fe(SCN)3 + 3KCl,Fe³⁺ + 3SCN⁻ = Fe(SCN)3,"Och sariq eritma bir zumda qon-qizil rangga kiradi; cho'kma tushmaydi.",,,sezilarsiz,bir-zumda,,Temir(III) ionlari rodanid ionlari bilan qon-qizil rangli kompleks hosil qiladi. Bu Fe³⁺ ga eng sezgir sifat reaksiyalardan biri: hatto juda oz miqdordagi temir(III) ham eritmani pushti-qizil rangga bo'yaydi.,,
sifat-0011,sifat-reaksiyalari,Temir(III) ionining ishqor bilan reaksiyasi,yuqori,9-sinf,rules,FeCl3(aq) 0.1M + NaOH(aq) 1M,,FeCl3 + 3NaOH = Fe(OH)3↓ + 3NaCl,Fe³⁺ + 3OH⁻ = Fe(OH)3↓,Qo'ng'ir-qizg'ish iviqsimon cho'kma hosil bo'ladi.,Fe(OH)3 #9a4a1c iviqsimon,,sezilarsiz,bir-zumda,,Temir(III) ioni ishqorlar bilan qo'ng'ir temir(III) gidroksid cho'kmasini beradi. Bu cho'kma rangi Fe³⁺ ni Fe²⁺ (yashil-oq cho'kma) dan oson farqlashga imkon beradi.,,
sifat-0012,sifat-reaksiyalari,Temir(II) ionining ishqor bilan reaksiyasi,yuqori,9-sinf,rules,FeSO4(aq) 0.1M + NaOH(aq) 1M,,FeSO4 + 2NaOH = Fe(OH)2↓ + Na2SO4,Fe²⁺ + 2OH⁻ = Fe(OH)2↓,"Och yashil iviqsimon cho'kma hosil bo'ladi; havoda yuqori qismidan boshlab asta-sekin qo'ng'irlashadi.",Fe(OH)2 #c8d8b0 iviqsimon,,sezilarsiz,bir-zumda,,Temir(II) ioni ishqor bilan yashil-oq temir(II) gidroksid cho'kmasini beradi. U havodagi kislorod ta'sirida temir(III) gidroksidga oksidlanib qo'ng'ir tusga kiradi — bu temir(II) birikmalarining qaytaruvchilik xossasini ko'rsatadi.,,
sifat-0013,sifat-reaksiyalari,Mis(II) ionini ammiakli suv bilan aniqlash,yuqori,11-sinf,rules,CuSO4(aq) 0.1M + NH3·H2O(aq) 2M,"Ammiakli suv avval tomchilab, so'ng ortiqcha miqdorda qo'shiladi.",CuSO4 + 4NH3 = [Cu(NH3)4]SO4,Cu²⁺ + 4NH3 = [Cu(NH3)4]²⁺,"Avval havorang cho'kma tushadi, ortiqcha ammiakda u erib, eritma to'q ko'k (ko'k-binafsha) rangga kiradi.",,,sezilarsiz,tez,,Mis(II) ioni ortiqcha ammiak bilan to'q ko'k rangli tetraamminmis(II) kompleks ionini hosil qiladi. Bu rang juda yaqqol bo'lgani uchun reaksiya mis ionlarini aniqlashning eng qulay usulidir.,,
sifat-0014,sifat-reaksiyalari,Mis(II) ionining ishqor bilan reaksiyasi,yuqori,9-sinf,rules,CuSO4(aq) 0.1M + NaOH(aq) 1M,,CuSO4 + 2NaOH = Cu(OH)2↓ + Na2SO4,Cu²⁺ + 2OH⁻ = Cu(OH)2↓,"Havorang iviqsimon cho'kma hosil bo'ladi; qizdirilganda qorayadi.",Cu(OH)2 #4a9be0 iviqsimon,,sezilarsiz,bir-zumda,,"Mis(II) ioni ishqorlar bilan havorang mis(II) gidroksid cho'kmasini beradi; qizdirilganda u qora mis(II) oksidga aylanadi. Cho'kmaning o'ziga xos rangi mis ionini aniqlashga imkon beradi.",,
sifat-0015,sifat-reaksiyalari,Mis(II) ionining sariq qon tuzi bilan reaksiyasi,yuqori,litsey,record,CuSO4(aq) 0.1M + K4[Fe(CN)6](aq) 0.1M,,2CuSO4 + K4[Fe(CN)6] = Cu2[Fe(CN)6]↓ + 2K2SO4,2Cu²⁺ + [Fe(CN)6]⁴⁻ = Cu2[Fe(CN)6]↓,Qizil-qo'ng'ir cho'kma hosil bo'ladi.,Cu2[Fe(CN)6] #7a2a14 iviqsimon,,sezilarsiz,bir-zumda,,"Mis(II) ioni sariq qon tuzi bilan qizil-qo'ng'ir cho'kma beradi. Bu reaksiya juda sezgir bo'lib, ammiak bilan reaksiyani tasdiqlovchi qo'shimcha sinov sifatida qo'llaniladi.",,
sifat-0016,sifat-reaksiyalari,Mis(II) ionining kaliy yodid bilan reaksiyasi,yuqori,litsey,rules,CuSO4(aq) 0.1M + KI(aq) 0.5M,,2CuSO4 + 4KI = 2CuI↓ + I2 + 2K2SO4,2Cu²⁺ + 4I⁻ = 2CuI↓ + I2,"Qo'ng'ir eritma va iflos-oq (sarg'ish-qo'ng'ir tusli) cho'kma hosil bo'ladi; natriy tiosulfat bilan yod yo'qotilsa, cho'kmaning oq rangi ko'rinadi.",CuI #f2eee0 kukunsimon,,sezilarsiz,bir-zumda,,Mis(II) ioni yodid ionlari bilan oksidlanish-qaytarilish reaksiyasiga kirishadi: oq mis(I) yodid cho'kadi va erkin yod ajraladi. Bu reaksiya misni yodometrik aniqlashning asosidir.,,
sifat-0017,sifat-reaksiyalari,Ammoniy ionini ishqor bilan qizdirib aniqlash,yuqori,9-sinf,rules,(NH4)2SO4(aq) 0.5M + NaOH(aq) 2M,"qizdirish; Aralashma ehtiyotkorlik bilan isitiladi; probirka og'ziga ho'llangan qizil lakmus qog'ozi tutiladi.",(NH4)2SO4 + 2NaOH = Na2SO4 + 2NH3↑ + 2H2O,NH4⁺ + OH⁻ = NH3↑ + H2O,"Isitilganda novshadil hidi paydo bo'ladi; probirka og'zidagi ho'l qizil lakmus qog'ozi ko'karadi.",,NH3,sezilarsiz,o'rtacha,,Barcha ammoniy tuzlari ishqorlar bilan isitilganda ammiak ajratadi. Ammiak hidi va ho'l qizil lakmusning ko'karishi ammoniy ioniga xos sifat reaksiyadir.,,
sifat-0018,sifat-reaksiyalari,Ammoniy ionini Nessler reaktivi bilan aniqlash,yuqori,litsey,record,NH4Cl(aq) 0.1M + Nessler(aq),,NH4Cl + 2K2[HgI4] + 4KOH = [OHg2NH2]I↓ + KCl + 7KI + 3H2O,NH4⁺ + 2[HgI4]²⁻ + 4OH⁻ = [OHg2NH2]I↓ + 7I⁻ + 3H2O,Qizil-qo'ng'ir cho'kma hosil bo'ladi (juda oz NH₄⁺ bo'lsa — eritma sarg'ish-qo'ng'ir tusga kiradi).,[OHg2NH2]I #8a4a1a iviqsimon,,sezilarsiz,tez,,Nessler reaktivi (K₂[HgI₄] ning ishqoriy eritmasi) ammoniy ioni bilan qizil-qo'ng'ir cho'kma beradi. Reaksiya juda sezgir bo'lgani uchun suvda ammoniyning juda oz miqdorini aniqlashda qo'llaniladi.,,
sifat-0019,sifat-reaksiyalari,"Qo'rg'oshin(II) ionini kaliy yodid bilan aniqlash (""oltin yomg'ir"")",yuqori,9-sinf,rules,Pb(NO3)2(aq) 0.1M + KI(aq) 0.2M,,Pb(NO3)2 + 2KI = PbI2↓ + 2KNO3,Pb²⁺ + 2I⁻ = PbI2↓,"Yorqin sariq cho'kma tushadi; qizdirib eritilib sovutilganda oltinrang yaltiroq kristallar (""oltin yomg'ir"") paydo bo'ladi.",PbI2 #ffd21a oltin-yomg'ir,,sezilarsiz,bir-zumda,,Qo'rg'oshin(II) ioni yodid ionlari bilan sariq qo'rg'oshin(II) yodid cho'kmasini hosil qiladi. Uning issiq suvda eriydigan va sovuganda chiroyli oltinrang kristallar hosil qiladigan xossasi qo'rg'oshin ionini ishonchli aniqlashga imkon beradi.,,
sifat-0020,sifat-reaksiyalari,Qo'rg'oshin(II) ionining kaliy xromat bilan reaksiyasi,yuqori,litsey,rules,Pb(NO3)2(aq) 0.1M + K2CrO4(aq) 0.1M,,Pb(NO3)2 + K2CrO4 = PbCrO4↓ + 2KNO3,Pb²⁺ + CrO4²⁻ = PbCrO4↓,Yorqin sariq cho'kma hosil bo'ladi.,PbCrO4 #f7c400 mayda-kristall,,sezilarsiz,bir-zumda,,"Qo'rg'oshin(II) ioni xromat ionlari bilan sariq qo'rg'oshin xromat cho'kmasini beradi. Bu modda ilgari ""xrom sarig'i"" bo'yog'i sifatida ishlatilgan; uning ishqorda erishi qo'rg'oshin gidroksidining amfoterligi bilan bog'liq.",,
sifat-0021,sifat-reaksiyalari,Qo'rg'oshin(II) ionining xlorid kislota bilan reaksiyasi,yuqori,litsey,rules,Pb(NO3)2(aq) 0.5M + HCl(aq) 2M,,Pb(NO3)2 + 2HCl = PbCl2↓ + 2HNO3,Pb²⁺ + 2Cl⁻ = PbCl2↓,"Oq kristall cho'kma tushadi; qizdirilganda eriydi, sovutilganda ignasimon kristallar holida qayta ajraladi.",PbCl2 #f6f6f2 kristall,,sezilarsiz,tez,,"Qo'rg'oshin(II) xlorid sovuq suvda kam, issiq suvda esa ancha yaxshi eriydi. Shu xossa sifat analizida PbCl₂ ni boshqa erimaydigan xloridlardan (AgCl dan) ajratishda qo'llaniladi.",,
sifat-0022,sifat-reaksiyalari,Alyuminiy ionining ammiakli suv bilan reaksiyasi,yuqori,9-sinf,rules,AlCl3(aq) 0.1M + NH3·H2O(aq) 2M,,AlCl3 + 3NH3 + 3H2O = Al(OH)3↓ + 3NH4Cl,Al³⁺ + 3NH3 + 3H2O = Al(OH)3↓ + 3NH4⁺,"Oq iviqsimon cho'kma hosil bo'ladi; ortiqcha ammiakli suvda u erimaydi.",Al(OH)3 #f2f4f4 iviqsimon,,sezilarsiz,bir-zumda,,"Alyuminiy ioni ammiakli suv bilan oq iviqsimon Al(OH)₃ cho'kmasini beradi. Ishqordan farqli ravishda ortiqcha ammiak bu cho'kmani eritmaydi; rux gidroksidi esa ortiqcha ammiakda eriydi — shu tufayli Al³⁺ va Zn²⁺ ni farqlash mumkin.",,
sifat-0023,sifat-reaksiyalari,Rux ionining ortiqcha ammiakli suvda kompleks hosil qilishi,yuqori,11-sinf,rules,ZnSO4(aq) 0.1M + NH3·H2O(aq) 2M,"Ammiakli suv avval tomchilab, so'ng ortiqcha qo'shiladi.",ZnSO4 + 4NH3 = [Zn(NH3)4]SO4,Zn²⁺ + 4NH3 = [Zn(NH3)4]²⁺,"Avval oq cho'kma tushadi, ortiqcha ammiakli suvda u erib, rangsiz tiniq eritma hosil bo'ladi.",,,sezilarsiz,tez,,"Rux ioni ortiqcha ammiak bilan eruvchan rangsiz tetraamminrux kompleksini hosil qiladi. Alyuminiy ionida bunday xossa yo'q, shuning uchun ammiak bu ikki ionni farqlashga imkon beradi.",,
sifat-0024,sifat-reaksiyalari,Rux ionining sariq qon tuzi bilan reaksiyasi,yuqori,litsey,record,ZnSO4(aq) 0.1M + K4[Fe(CN)6](aq) 0.1M,,3ZnSO4 + 2K4[Fe(CN)6] = K2Zn3[Fe(CN)6]2↓ + 3K2SO4,3Zn²⁺ + 2K⁺ + 2[Fe(CN)6]⁴⁻ = K2Zn3[Fe(CN)6]2↓,Oq iviqsimon cho'kma hosil bo'ladi.,K2Zn3[Fe(CN)6]2 #f4f4ee iviqsimon,,sezilarsiz,tez,,Rux ioni sariq qon tuzi bilan kislotalarda erimaydigan oq kaliy-rux geksatsianoferrat(II) cho'kmasini hosil qiladi. Bu reaksiya ruxni alyuminiydan farqlashda qo'llaniladi.,,
sifat-0025,sifat-reaksiyalari,Rux ionining natriy sulfid bilan reaksiyasi — oq sulfid hosil bo'lishi,yuqori,litsey,rules,ZnSO4(aq) 0.1M + Na2S(aq) 0.1M,,ZnSO4 + Na2S = ZnS↓ + Na2SO4,Zn²⁺ + S²⁻ = ZnS↓,Oq cho'kma hosil bo'ladi.,ZnS #f4f4ee kukunsimon,,sezilarsiz,bir-zumda,,"Rux sulfid oq rangli yagona keng tarqalgan erimaydigan sulfid bo'lib, bu rux ionini aniqlashga imkon beradi. Mis, qo'rg'oshin, kumush sulfidlari qora, marganes sulfidi esa pushti rangli.",,
sifat-0026,sifat-reaksiyalari,Nikel(II) ionini dimetilglioksim bilan aniqlash (Chugayev reaksiyasi),yuqori,litsey,record,NiSO4(aq) 0.05M + C4H8N2O2(aq) 0.08M,Reaksiya neytral yoki kuchsiz ammiakli muhitda olib boriladi: ajralgan H⁺ ni bog'lash uchun 1–2 tomchi ammiakli suv qo'shiladi.,NiSO4 + 2C4H8N2O2 = Ni(C4H7N2O2)2↓ + H2SO4,Ni²⁺ + 2C4H8N2O2 = Ni(C4H7N2O2)2↓ + 2H⁺,Malina-qizil (qizil-pushti) cho'kma hosil bo'ladi.,Ni(C4H7N2O2)2 #d81e4a suzmasimon,,sezilarsiz,tez,,Nikel(II) ioni dimetilglioksim (Chugayev reaktivi) bilan malina-qizil rangli ichki kompleks tuz hosil qiladi. Bu reaksiya nikelga juda tanlab ta'sir qiladi va uni kobalt va boshqa ionlar ishtirokida ham aniqlashga imkon beradi.,,
sifat-0027,sifat-reaksiyalari,Nikel(II) ionining ishqor bilan reaksiyasi,yuqori,9-sinf,rules,NiSO4(aq) 0.1M + NaOH(aq) 1M,,NiSO4 + 2NaOH = Ni(OH)2↓ + Na2SO4,Ni²⁺ + 2OH⁻ = Ni(OH)2↓,Och yashil iviqsimon cho'kma hosil bo'ladi.,Ni(OH)2 #7ec27a iviqsimon,,sezilarsiz,bir-zumda,,Nikel(II) ioni ishqorlar bilan och yashil nikel(II) gidroksid cho'kmasini beradi. Fe(OH)₂ dan farqli ravishda bu cho'kma havoda o'z rangini o'zgartirmaydi.,,
sifat-0028,sifat-reaksiyalari,Nikel(II) ionining ortiqcha ammiakda kompleks hosil qilishi,yuqori,11-sinf,rules,NiSO4(aq) 0.1M + NH3·H2O(aq) 2M,,NiSO4 + 6NH3 = [Ni(NH3)6]SO4,Ni²⁺ + 6NH3 = [Ni(NH3)6]²⁺,"Yashil eritmada avval och yashil cho'kma tushadi, ortiqcha ammiakda u erib, eritma ko'k-binafsha rangga kiradi.",,,sezilarsiz,tez,,"Nikel(II) ioni ortiqcha ammiak bilan ko'k-binafsha geksaamminnikel(II) kompleksini hosil qiladi. Koordinatsion son 6 ga teng; mis ammiakati esa to'q ko'k rangli va koordinatsion soni 4.",,
sifat-0030,sifat-reaksiyalari,Marganes(II) ionining ishqor bilan reaksiyasi,yuqori,9-sinf,rules,MnSO4(aq) 0.1M + NaOH(aq) 1M,,MnSO4 + 2NaOH = Mn(OH)2↓ + Na2SO4,Mn²⁺ + 2OH⁻ = Mn(OH)2↓,Oq (och pushti tusli) cho'kma hosil bo'ladi va havoda tezda qo'ng'irlashadi.,Mn(OH)2 #f0e2dc iviqsimon,,sezilarsiz,bir-zumda,,"Marganes(II) ioni ishqor bilan oq gidroksid cho'kmasini beradi; u havoda tezda qo'ng'ir marganes(IV) birikmalariga oksidlanadi. Bu Mn(II) birikmalarining qaytaruvchilik xossasini ko'rsatadi.",,
sifat-0031,sifat-reaksiyalari,Marganes(II) ionini qo'rg'oshin(IV) oksid bilan permanganatgacha oksidlash,yuqori,litsey,record,Mn(NO3)2(aq) 0.01M + PbO2(s) kukun + HNO3(aq) 6M,"qizdirish; ≥80°C; muhit: kislotali; Marganes juda oz miqdorda olinadi; xlorid ionlari bo'lmasligi kerak. Aralashma qaynaguncha qizdiriladi va cho'kma tindiriladi.",2Mn(NO3)2 + 5PbO2 + 6HNO3 = 2HMnO4 + 5Pb(NO3)2 + 2H2O,2Mn²⁺ + 5PbO2 + 4H⁺ = 2MnO4⁻ + 5Pb²⁺ + 2H2O,"Cho'kma tingach, uning ustidagi eritma binafsha-qizil (permanganat) rangga kiradi.",,,sezilarsiz,o'rtacha,,"Kislotali muhitda qo'rg'oshin(IV) oksid marganes(II) ionini binafsha-qizil permanganat ioniga oksidlaydi. Rang juda intensiv bo'lgani uchun reaksiya marganesning juda oz miqdorini ham aniqlashga imkon beradi; marganes ko'p bo'lsa, ortiqcha Mn²⁺ permanganatni qaytarib, rangni yo'qotadi.",,
sifat-0032,sifat-reaksiyalari,Marganes(II) ionining natriy sulfid bilan reaksiyasi — pushti sulfid,yuqori,litsey,rules,MnSO4(aq) 0.1M + Na2S(aq) 0.1M,,MnSO4 + Na2S = MnS↓ + Na2SO4,Mn²⁺ + S²⁻ = MnS↓,Och pushti (go'sht rangli) cho'kma hosil bo'ladi.,MnS #e8b7a0 kukunsimon,,sezilarsiz,bir-zumda,,"Marganes(II) sulfid boshqa metall sulfidlaridan farqli ravishda pushti rangli bo'lib, bu marganes ionini aniqlashga yordam beradi. U kislotalarda oson eriydi.",,
sifat-0033,sifat-reaksiyalari,Xrom(III) birikmasining ishqoriy muhitda vodorod peroksid bilan xromatgacha oksidlanishi,yuqori,litsey,record,Na3[Cr(OH)6](aq) 0.05M + H2O2(aq) 0.88M,"qizdirish; ≥60°C; muhit: ishqoriy; Natriy geksagidroksoxromat(III) eritmasi xrom(III) tuziga ortiqcha ishqor qo'shib olinadi.",2Na3[Cr(OH)6] + 3H2O2 = 2Na2CrO4 + 2NaOH + 8H2O,2[Cr(OH)6]³⁻ + 3H2O2 = 2CrO4²⁻ + 2OH⁻ + 8H2O,Yashil eritma isitilganda sariq rangga kiradi.,,,ekzotermik,o'rtacha,,"Ishqoriy muhitda vodorod peroksid yashil xrom(III) birikmalarini sariq xromat ionlarigacha oksidlaydi. Sariq rangning paydo bo'lishi xrom(III) ionini aniqlashda qo'llaniladi; xromatni so'ng BaCl₂ yoki AgNO₃ bilan tasdiqlash mumkin.",,
sifat-0034,sifat-reaksiyalari,Magniy ionining ishqor bilan reaksiyasi,yuqori,9-sinf,rules,MgCl2(aq) 0.1M + NaOH(aq) 1M,,MgCl2 + 2NaOH = Mg(OH)2↓ + 2NaCl,Mg²⁺ + 2OH⁻ = Mg(OH)2↓,"Oq iviqsimon cho'kma hosil bo'ladi; ortiqcha ishqorda erimaydi.",Mg(OH)2 #f6f6f2 iviqsimon,,sezilarsiz,bir-zumda,,"Magniy ioni ishqor bilan oq magniy gidroksid cho'kmasini beradi, u ortiqcha ishqorda erimaydi. Shu tufayli magniyni oq gidroksid hosil qiluvchi amfoter metallar (alyuminiy, rux) dan farqlash mumkin.",,
sifat-0035,sifat-reaksiyalari,Litiy ionini alanga rangi bo'yicha aniqlash,yuqori,9-sinf,rules,LiCl(aq) 1M,"Nixrom sim avval xlorid kislotada yuvilib, alanga rangsiz bo'lguncha qizdiriladi.",,,Rangsiz alanga to'q qizil (karmin) rangga bo'yaladi.,,,sezilarsiz,bir-zumda,,Litiy birikmalari rangsiz alangani to'q qizil (karmin) rangga bo'yaydi. Har bir element o'ziga xos nurlanish spektriga ega bo'lgani uchun alanga sinovi metall ionlarini tez aniqlashga imkon beradi.,,
sifat-0036,sifat-reaksiyalari,Natriy ionini alanga rangi bo'yicha aniqlash,yuqori,9-sinf,rules,NaCl(aq) 1M,"Nixrom sim avval xlorid kislotada yuvilib, alanga rangsiz bo'lguncha qizdiriladi.",,,Rangsiz alanga sariq rangga bo'yaladi.,,,sezilarsiz,bir-zumda,,"Natriy birikmalari rangsiz alangani sariq rangga bo'yaydi. Har bir element o'ziga xos nurlanish spektriga ega bo'lgani uchun alanga sinovi metall ionlarini tez aniqlashga imkon beradi. Natriyning sariq rangi juda kuchli bo'lib, boshqa ionlar rangini to'sib qo'yadi.",,
sifat-0037,sifat-reaksiyalari,Kaliy ionini alanga rangi bo'yicha aniqlash (kobalt shisha orqali),yuqori,9-sinf,rules,KCl(aq) 1M,Kaliy alangasi natriy aralashmasi sariq rangini to'sib qo'yish uchun ko'k kobalt shisha orqali kuzatiladi.,,,Rangsiz alanga binafsha (och siyohrang) rangga bo'yaladi.,,,sezilarsiz,bir-zumda,,Kaliy birikmalari rangsiz alangani binafsha (och siyohrang) rangga bo'yaydi. Har bir element o'ziga xos nurlanish spektriga ega bo'lgani uchun alanga sinovi metall ionlarini tez aniqlashga imkon beradi. Natriy aralashmasining sariq rangini to'sish uchun ko'k kobalt shishadan foydalaniladi.,,
sifat-0038,sifat-reaksiyalari,Kalsiy ionini alanga rangi bo'yicha aniqlash,yuqori,9-sinf,rules,CaCl2(aq) 1M,"Nixrom sim avval xlorid kislotada yuvilib, alanga rangsiz bo'lguncha qizdiriladi.",,,Rangsiz alanga g'isht-qizil rangga bo'yaladi.,,,sezilarsiz,bir-zumda,,Kalsiy birikmalari rangsiz alangani g'isht-qizil rangga bo'yaydi. Har bir element o'ziga xos nurlanish spektriga ega bo'lgani uchun alanga sinovi metall ionlarini tez aniqlashga imkon beradi.,,
sifat-0039,sifat-reaksiyalari,Stronsiy ionini alanga rangi bo'yicha aniqlash,yuqori,9-sinf,rules,SrCl2(aq) 1M,"Nixrom sim avval xlorid kislotada yuvilib, alanga rangsiz bo'lguncha qizdiriladi.",,,Rangsiz alanga qizil (karmin) rangga bo'yaladi.,,,sezilarsiz,bir-zumda,,Stronsiy birikmalari rangsiz alangani qizil (karmin) rangga bo'yaydi. Har bir element o'ziga xos nurlanish spektriga ega bo'lgani uchun alanga sinovi metall ionlarini tez aniqlashga imkon beradi.,,
sifat-0040,sifat-reaksiyalari,Bariy ionini alanga rangi bo'yicha aniqlash,yuqori,9-sinf,rules,BaCl2(aq) 1M,"Nixrom sim avval xlorid kislotada yuvilib, alanga rangsiz bo'lguncha qizdiriladi.",,,Rangsiz alanga sarg'ish-yashil rangga bo'yaladi.,,,sezilarsiz,bir-zumda,,Bariy birikmalari rangsiz alangani sarg'ish-yashil rangga bo'yaydi. Har bir element o'ziga xos nurlanish spektriga ega bo'lgani uchun alanga sinovi metall ionlarini tez aniqlashga imkon beradi.,,
sifat-0041,sifat-reaksiyalari,Mis(II) ionini alanga rangi bo'yicha aniqlash,yuqori,9-sinf,rules,CuCl2(aq) 1M,"Nixrom sim avval xlorid kislotada yuvilib, alanga rangsiz bo'lguncha qizdiriladi.",,,Rangsiz alanga yashil (ko'kimtir-yashil) rangga bo'yaladi.,,,sezilarsiz,bir-zumda,,Mis birikmalari rangsiz alangani yashil (ko'kimtir-yashil) rangga bo'yaydi. Har bir element o'ziga xos nurlanish spektriga ega bo'lgani uchun alanga sinovi metall ionlarini tez aniqlashga imkon beradi.,,
sifat-0042,sifat-reaksiyalari,Xlorid ionini kumush nitrat bilan aniqlash,yuqori,9-sinf,rules,NaCl(aq) 0.1M + AgNO3(aq) 0.1M,"Tekshiriladigan eritma bir necha tomchi nitrat kislota bilan kislotalanadi (karbonat, fosfat ionlari xalaqit bermasligi uchun).",NaCl + AgNO3 = AgCl↓ + NaNO3,Ag⁺ + Cl⁻ = AgCl↓,"Oq suzmasimon cho'kma tushadi; u nitrat kislotada erimaydi, ammiakli suvda eriydi.",AgCl #f8f8f4 suzmasimon,,sezilarsiz,bir-zumda,,Xlorid ionlari kumush ionlari bilan nitrat kislotada erimaydigan oq suzmasimon AgCl cho'kmasini hosil qiladi. Shuning uchun kumush nitrat xlorid kislota va uning tuzlariga reaktivdir.,,
sifat-0043,sifat-reaksiyalari,Bromid ionini kumush nitrat bilan aniqlash,yuqori,9-sinf,rules,KBr(aq) 0.1M + AgNO3(aq) 0.1M,,KBr + AgNO3 = AgBr↓ + KNO3,Ag⁺ + Br⁻ = AgBr↓,Och sarg'ish suzmasimon cho'kma tushadi.,AgBr #f2ecc0 suzmasimon,,sezilarsiz,bir-zumda,,"Bromid ionlari kumush ionlari bilan och sarg'ish kumush bromid cho'kmasini hosil qiladi. Kumush galogenidlarining rangi xloriddan yodidga qarab oqdan sariqqa o'zgaradi; AgBr yorug'likka sezgir bo'lgani uchun fotografiyada ishlatilgan.",,
sifat-0044,sifat-reaksiyalari,Yodid ionini kumush nitrat bilan aniqlash,yuqori,9-sinf,rules,KI(aq) 0.1M + AgNO3(aq) 0.1M,,KI + AgNO3 = AgI↓ + KNO3,Ag⁺ + I⁻ = AgI↓,"Sariq suzmasimon cho'kma tushadi; u ammiakli suvda erimaydi.",AgI #f2df5a suzmasimon,,sezilarsiz,bir-zumda,,"Yodid ionlari kumush ionlari bilan sariq, ammiakda ham erimaydigan kumush yodid cho'kmasini hosil qiladi. Rangi va ammiakka munosabati bo'yicha AgI ni AgCl va AgBr dan farqlash mumkin.",,
sifat-0045,sifat-reaksiyalari,Bromid ionini xlorli suv bilan aniqlash (organik qatlamda),yuqori,9-sinf,record,KBr(aq) 0.1M + xlorli-suv(aq) + C6H14(l),"Eritma ustiga ozgina organik erituvchi (geksan) quyilib, xlorli suv tomizilgach chayqatiladi.",2KBr + Cl2 = 2KCl + Br2,2Br⁻ + Cl2 = 2Cl⁻ + Br2,Chayqatilgandan so'ng yuqoridagi organik qatlam sariq-to'q sariq rangga bo'yaladi.,,,sezilarsiz,tez,,"Xlor bromid ionlarini erkin bromgacha oksidlaydi. Ajralgan brom organik erituvchiga o'tib, uni sariq-to'q sariq rangga bo'yaydi. Yodid ionlari bilan esa organik qatlam binafsha rangga kiradi — shu bilan Br⁻ va I⁻ farqlanadi.",,
sifat-0046,sifat-reaksiyalari,Sulfat ionini bariy xlorid bilan aniqlash,yuqori,9-sinf,rules,K2SO4(aq) 0.1M + BaCl2(aq) 0.1M,Tekshiriladigan eritma oldindan xlorid kislota bilan kislotalanadi (karbonat va sulfit ionlari xalaqit bermasligi uchun).,K2SO4 + BaCl2 = BaSO4↓ + 2KCl,Ba²⁺ + SO4²⁻ = BaSO4↓,Kislotali eritmada oq mayda kristall cho'kma tushadi.,BaSO4 #f4f4ee mayda-kristall,,sezilarsiz,bir-zumda,,"Sulfat ionlari bariy ionlari bilan kislotalarda erimaydigan oq bariy sulfat cho'kmasini beradi. Eritmani avval kislotalash boshqa anionlar (CO₃²⁻, SO₃²⁻, PO₄³⁻) hosil qiladigan bariy cho'kmalarining xalaqitini yo'qotadi.",,
sifat-0047,sifat-reaksiyalari,Sulfit ionining bariy xlorid bilan reaksiyasi,yuqori,litsey,rules,Na2SO3(aq) 0.1M + BaCl2(aq) 0.1M,,Na2SO3 + BaCl2 = BaSO3↓ + 2NaCl,Ba²⁺ + SO3²⁻ = BaSO3↓,"Oq cho'kma tushadi; xlorid kislota qo'shilganda u o'tkir SO₂ hidi chiqarib eriydi.",BaSO3 #f6f6f2 mayda-kristall,,sezilarsiz,bir-zumda,,"Sulfit ioni bariy ionlari bilan oq cho'kma beradi, ammo u bariy sulfatdan farqli ravishda kuchli kislotalarda SO₂ ajratib eriydi. Shu xossa sulfit va sulfat ionlarini farqlashga imkon beradi.",,
sifat-0048,sifat-reaksiyalari,Sulfit ionining yod eritmasini rangsizlantirishi,yuqori,litsey,record,Na2SO3(aq) 0.1M + Lugol(aq),,Na2SO3 + I2 + H2O = Na2SO4 + 2HI,SO3²⁻ + I2 + H2O = SO4²⁻ + 2I⁻ + 2H⁺,Qo'ng'ir yod eritmasi sulfit qo'shilganda rangsizlanadi.,,,sezilarsiz,bir-zumda,,"Sulfit ionlari yodni yodid ionlarigacha qaytarib, eritmani rangsizlantiradi; o'zlari sulfat ionlariga oksidlanadi. Bu sulfit ionlarining qaytaruvchilik xossasini ko'rsatadi va ularni aniqlashda qo'llaniladi.",,
sifat-0049,sifat-reaksiyalari,Sulfid ionini qo'rg'oshin(II) atsetat bilan aniqlash,yuqori,9-sinf,rules,Na2S(aq) 0.1M + (CH3COO)2Pb(aq) 0.1M,,Na2S + (CH3COO)2Pb = PbS↓ + 2CH3COONa,Pb²⁺ + S²⁻ = PbS↓,Qora cho'kma hosil bo'ladi.,PbS #151515 kukunsimon,,sezilarsiz,bir-zumda,,Sulfid ionlari qo'rg'oshin(II) ionlari bilan qora qo'rg'oshin sulfid cho'kmasini hosil qiladi. Bu sulfid ionlari va vodorod sulfidga eng ko'p ishlatiladigan sifat reaksiyadir.,,
sifat-0050,sifat-reaksiyalari,Sulfid ionining kislota bilan reaksiyasi — vodorod sulfid ajralishi,yuqori,9-sinf,rules,Na2S(aq) 0.5M + HCl(aq) 2M,,Na2S + 2HCl = 2NaCl + H2S↑,S²⁻ + 2H⁺ = H2S↑,"Palag'da tuxum hidi paydo bo'ladi; probirka og'ziga tutilgan qo'rg'oshin atsetatli ho'l qog'oz qorayadi.",,H2S,sezilarsiz,bir-zumda,,Sulfidlar kuchli kislotalar bilan vodorod sulfid ajratadi. Gazning hidi va qo'rg'oshin atsetatli qog'ozning qorayishi sulfid ionlari borligini tasdiqlaydi.,,
sifat-0051,sifat-reaksiyalari,Karbonat ionini kislota va ohakli suv yordamida aniqlash,yuqori,9-sinf,rules,Na2CO3(aq) 0.5M + HCl(aq) 2M,Ajralgan gaz gaz chiqarish naychasi orqali ohakli suvga o'tkaziladi.,Na2CO3 + 2HCl = 2NaCl + CO2↑ + H2O,CO3²⁻ + 2H⁺ = CO2↑ + H2O,"Shiddatli pufakchalar (""qaynash"") kuzatiladi; ajralgan hidsiz gaz ohakli suvni loyqalantiradi.",,CO2,sezilarsiz,bir-zumda,,"Karbonatlar kislotalar bilan CO₂ ajratadi; gaz hidsiz bo'lib, ohakli suvni loyqalantiradi. Bu ikki belgining birgalikda kuzatilishi karbonat (yoki gidrokarbonat) ioni borligini tasdiqlaydi.",,
sifat-0052,sifat-reaksiyalari,Karbonat ionining bariy xlorid bilan reaksiyasi va cho'kmaning kislotada erishi,yuqori,litsey,rules,K2CO3(aq) 0.1M + BaCl2(aq) 0.1M,,K2CO3 + BaCl2 = BaCO3↓ + 2KCl,Ba²⁺ + CO3²⁻ = BaCO3↓,"Oq cho'kma tushadi; xlorid kislota qo'shilganda pufakchalar chiqarib eriydi.",BaCO3 #f6f6f2 mayda-kristall,,sezilarsiz,bir-zumda,,"Karbonat ioni bariy ionlari bilan oq cho'kma beradi, lekin bu cho'kma kislotada CO₂ ajratib eriydi. Shu bilan karbonat ionini kislotada erimaydigan BaSO₄ beruvchi sulfat ionidan farqlash mumkin.",,
sifat-0053,sifat-reaksiyalari,Fosfat ionini kumush nitrat bilan aniqlash,yuqori,9-sinf,rules,Na3PO4(aq) 0.1M + AgNO3(aq) 0.1M,,Na3PO4 + 3AgNO3 = Ag3PO4↓ + 3NaNO3,3Ag⁺ + PO4³⁻ = Ag3PO4↓,"Sariq cho'kma hosil bo'ladi; u nitrat kislotada eriydi.",Ag3PO4 #f2d23a mayda-kristall,,sezilarsiz,bir-zumda,,"Fosfat ionlari kumush ionlari bilan sariq kumush fosfat cho'kmasini beradi. Bu cho'kma nitrat kislotada eriydi, sariq kumush yodid esa erimaydi — shu bilan bu ikki ion farqlanadi.",,
sifat-0055,sifat-reaksiyalari,Silikat ionini kislota bilan aniqlash — silikat kislota iviqining hosil bo'lishi,yuqori,9-sinf,rules,Na2SiO3(aq) 0.5M + HCl(aq) 2M,,Na2SiO3 + 2HCl = H2SiO3↓ + 2NaCl,SiO3²⁻ + 2H⁺ = H2SiO3↓,"Rangsiz shaffof iviqsimon cho'kma hosil bo'ladi; konsentrlangan eritmalarda butun suyuqlik iviqqa aylanadi.",H2SiO3 #f2f2ee iviqsimon,,sezilarsiz,tez,,"Silikat ionlari kislotalar bilan suvda erimaydigan iviqsimon silikat kislota hosil qiladi. Bu silikat ioniga xos sifat reaksiya bo'lib, ""kuchli kislota kuchsiz kislotani tuzidan siqib chiqaradi"" qoidasini yaqqol ko'rsatadi.",,
sifat-0057,sifat-reaksiyalari,Xromat ionining kislotali muhitda dixromatga o'tishi,yuqori,litsey,record,K2CrO4(aq) 0.1M + H2SO4(aq) 1M,,2K2CrO4 + H2SO4 = K2Cr2O7 + K2SO4 + H2O,2CrO4²⁻ + 2H⁺ = Cr2O7²⁻ + H2O,Sariq eritma kislota qo'shilganda to'q sariq rangga kiradi.,,,sezilarsiz,bir-zumda,,"Xromat va dixromat ionlari muhitga qarab bir-biriga o'tadi: kislotali muhitda to'q sariq dixromat, ishqoriy muhitda sariq xromat barqaror. Bu oksidlanish-qaytarilish emas — xromning oksidlanish darajasi ikkala ionda ham +6.",,
sifat-0058,sifat-reaksiyalari,Yodni kraxmal yordamida aniqlash,yuqori,9-sinf,rules,yodli-suv(aq) + (C6H10O5)n(aq) 0.06M,,,,Och sariq yodli suv kraxmal kleystri qo'shilganda to'q ko'k rangga kiradi.,,,sezilarsiz,bir-zumda,,"Kraxmal yod bilan to'q ko'k rang beradi — bu juda sezgir reaksiya bo'lib, yodni ham, kraxmalni ham aniqlashda qo'llaniladi. Rang kimyoviy bog' emas, yodning kraxmal spirallari ichiga kirib qolishi bilan bog'liq, shuning uchun qizdirilganda yo'qolib, sovutilganda qaytadi.",,
sifat-0059,sifat-reaksiyalari,Ftorid ionini kalsiy xlorid bilan aniqlash,yuqori,litsey,rules,NaF(aq) 0.1M + CaCl2(aq) 0.1M,,2NaF + CaCl2 = CaF2↓ + 2NaCl,Ca²⁺ + 2F⁻ = CaF2↓,Oq mayda (shilimshiq) cho'kma hosil bo'ladi.,CaF2 #f6f6f2 kukunsimon,,sezilarsiz,tez,,"Ftorid ioni boshqa galogenid ionlaridan farqli ravishda kumush bilan cho'kma bermaydi, ammo kalsiy bilan erimaydigan oq kalsiy ftorid (flyuorit) hosil qiladi. Tish pastasidagi ftoridlarning tish emalini mustahkamlashi ham kalsiy bilan birikishiga asoslangan.",,
sifat-0060,sifat-reaksiyalari,Nitrit ionini kaliy yodid bilan kislotali muhitda aniqlash,yuqori,litsey,record,NaNO2(aq) 0.1M + KI(aq) 0.1M + H2SO4(aq) 1M,muhit: kislotali,2NaNO2 + 2KI + 2H2SO4 = 2NO↑ + I2 + Na2SO4 + K2SO4 + 2H2O,2NO2⁻ + 2I⁻ + 4H⁺ = 2NO↑ + I2 + 2H2O,"Eritma qo'ng'ir rangga kiradi (kraxmal bilan to'q ko'k), mayda pufakchalar ajraladi; probirka og'zida gaz havoda qo'ng'irlashadi.",,NO,sezilarsiz,tez,,"Kislotali muhitda nitrit ionlari yodid ionlarini erkin yodgacha oksidlaydi, o'zlari esa azot(II) oksidgacha qaytariladi. Nitrat ionlari bunday sharoitda yodni ajratmaydi, shuning uchun bu reaksiya nitritni nitratdan farqlashga imkon beradi.",,
spirt-0001,spirtlar-fenollar,Etanolning natriy bilan reaksiyasi,yuqori,10-sinf,record,C2H5OH(l) + Na(s) bo'lak,Suvsiz (absolyut) etanol ishlatiladi.,2C2H5OH + 2Na → 2C2H5ONa + H2↑,,"Natriy bo'lagi idish tubida sokin ""erib"" ketadi va gaz pufakchalari (vodorod) ajraladi; reaksiya suvdagiga qaraganda ancha sekin boradi.",,H2,ekzotermik,o'rtacha,,"Spirtlar gidroksil guruhi hisobiga faol metallar bilan reaksiyaga kirishib alkogolyatlar va vodorod hosil qiladi. Etil radikali elektronodonor bo'lgani uchun etanolning kislotali xossasi suvnikidan ham kuchsiz, shuning uchun natriy etanol bilan suvga qaraganda sokinroq reaksiyaga kirishadi.",,
spirt-0002,spirtlar-fenollar,Natriy etilatning gidrolizi (ishqoriy muhit),yuqori,10-sinf,record,C2H5ONa(s) + H2O(l),Etanol bilan natriy reaksiyasidan qolgan qattiq natriy etilatga suv va fenolftalein qo'shiladi.,C2H5ONa + H2O → C2H5OH + NaOH,C2H5ONa + H2O → C2H5OH + Na⁺ + OH⁻,"Natriy etilat suvda eriydi; fenolftalein qo'shilganda eritma to'q pushti (malina) rangga kiradi.",,,sezilarsiz,tez,,"Alkogolyatlar suvda to'liq gidrolizlanadi, chunki spirt suvdan ham kuchsiz kislota. Natijada spirt va ishqor hosil bo'ladi — fenolftalein buni pushti rang bilan ko'rsatadi.",,
spirt-0003,spirtlar-fenollar,Etanolning yonishi,yuqori,10-sinf,record,C2H5OH(l) + O2(g),"yondirish; Chinni kosachadagi ozgina etanol (yoki spirt lampasi) yondiriladi.",C2H5OH + 3O2 → 2CO2↑ + 3H2O,,"Etanol ko'kimtir, tutunsiz alanga bilan yonadi; alanga ustida tutilgan sovuq stakan devorida suv tomchilari paydo bo'ladi.",,CO2,kuchli-ekzotermik,bir-zumda,,"Spirtlar to'liq yonib CO₂ va suv hosil qiladi. Etanol tutunsiz va issiq alanga bergani uchun spirt lampalarida yoqilg'i sifatida, shuningdek, benzinga qo'shimcha (bioetanol) sifatida ishlatiladi.",,
spirt-0004,spirtlar-fenollar,Etanolning mis(II) oksid bilan oksidlanishi — atsetaldegid olish,yuqori,10-sinf,record,CuO(s) sim + C2H5OH(l),"qizdirish; ≥250°C; Mis sim spiral alangada qizdirilib (sirti qora CuO bilan qoplanadi), darhol etanolli probirkaga tushiriladi.",C2H5OH + CuO → CH3CHO↑ + Cu + H2O,,"Qora mis spiral etanolga tushirilganda darhol qizil-yaltiroq rangga kiradi (metall mis qaytariladi); o'tkir, chirigan olma hidi (atsetaldegid) seziladi.",,,ekzotermik,tez,,"Birlamchi spirtlar yumshoq oksidlovchilar (qizdirilgan CuO) ta'sirida aldegidlarga oksidlanadi, ikkilamchi spirtlar esa ketonlarga. Spiralning qoradan qizilga o'tishi misning qaytarilganini, o'ziga xos hid esa aldegid hosil bo'lganini ko'rsatadi.",,
spirt-0005,spirtlar-fenollar,Etanolning kaliy dixromat bilan kislotali muhitda oksidlanishi,yuqori,10-sinf,record,K2Cr2O7(aq) 0.1M + H2SO4(aq) 1M + C2H5OH(l),"muhit: kislotali; Dixromat eritmasi sulfat kislota bilan kislotalanib, keyin etanol qo'shiladi.",3C2H5OH + K2Cr2O7 + 4H2SO4 → 3CH3CHO + Cr2(SO4)3 + K2SO4 + 7H2O,3C2H5OH + Cr2O7²⁻ + 8H⁺ → 3CH3CHO + 2Cr³⁺ + 7H2O,"To'q sariq eritma bir necha daqiqada yashil-ko'kimtir rangga o'tadi; atsetaldegid hidi seziladi.",,,ekzotermik,o'rtacha,,"Kaliy dixromat kislotali muhitda birlamchi spirtlarni aldegidlarga (ortiqcha oksidlovchida — karbon kislotalarga) oksidlaydi. To'q sariq rangning yashilga o'tishi spirt bug'ini aniqlovchi eski ""alkotest"" naychalarining ishlash asosidir; uchlamchi spirtlar bu sharoitda oksidlanmaydi.",,
spirt-0006,spirtlar-fenollar,Etanolning kislotali muhitda kaliy permanganat bilan sirka kislotagacha oksidlanishi,yuqori,litsey,record,KMnO4(aq) 0.05M + H2SO4(aq) 1M + C2H5OH(l),"muhit: kislotali; Kislotalangan permanganat eritmasiga etanol qo'shiladi va iliq suv hammomida biroz isitiladi.",5C2H5OH + 4KMnO4 + 6H2SO4 → 5CH3COOH + 4MnSO4 + 2K2SO4 + 11H2O,5C2H5OH + 4MnO4⁻ + 12H⁺ → 5CH3COOH + 4Mn²⁺ + 11H2O,"Iliq eritmada binafsha rang tez yo'qoladi; eritmadan sirka hidi kela boshlaydi.",,,ekzotermik,tez,,Kuchli oksidlovchilar kislotali muhitda birlamchi spirtlarni oraliq aldegid orqali karbon kislotalargacha oksidlaydi. Mahsulot oksidlovchining kuchi va miqdoriga bog'liq: yumshoq oksidlovchi (CuO) bilan aldegidda to'xtatish mumkin.,,
spirt-0008,spirtlar-fenollar,Metanolning mis(II) oksid bilan oksidlanishi — formaldegid olish,yuqori,10-sinf,record,CuO(s) sim + CH3OH(l),"qizdirish; ≥250°C; Qizdirilgan mis spiral metanolli probirkaga tushiriladi.",CH3OH + CuO → HCHO↑ + Cu + H2O,,"Qora spiral metanolga tushirilganda qizarib yaltiraydi; o'tkir, nafasni qisadigan formaldegid hidi paydo bo'ladi.",,HCHO,ekzotermik,tez,,"Metanol birlamchi spirt sifatida aldegidga — formaldegidga oksidlanadi. Sanoatda formaldegid metanol bug'larini havo bilan mis yoki kumush katalizatori ustidan o'tkazib olinadi; uning 40% li eritmasi formalin deyiladi.",,
spirt-0009,spirtlar-fenollar,Propanol-2 ning mis(II) oksid bilan oksidlanishi — aseton olish,yuqori,litsey,record,CuO(s) sim + CH3CH(OH)CH3(l),"qizdirish; ≥250°C; Qizdirilgan mis spiral izopropil spirtiga tushiriladi.",CH3CH(OH)CH3 + CuO → CH3COCH3↑ + Cu + H2O,,"Qora spiral spirtga tushirilganda qizarib yaltiraydi; asetonning o'ziga xos (lak eritgich) hidi paydo bo'ladi.",,,ekzotermik,tez,,Ikkilamchi spirtlar oksidlanganda ketonlar hosil bo'ladi. Ketonlar aldegidlardan farqli ravishda kumush ko'zgu reaksiyasini bermaydi — bu orqali birlamchi va ikkilamchi spirtlarning oksidlanish mahsulotlarini farqlash mumkin.,,
spirt-0010,spirtlar-fenollar,Etanoldan brometan olish (spirtlarning vodorod galogenidlar bilan reaksiyasi),yuqori,10-sinf,record,C2H5OH(l) + NaBr(s) + H2SO4(aq) 18M,"qizdirish; ≥50°C; Etanol, natriy bromid va konsentrlangan sulfat kislota aralashmasi ohista qizdiriladi; brometan haydalib muzli suv ostida yig'iladi.",C2H5OH + NaBr + H2SO4 → C2H5Br↑ + NaHSO4 + H2O,C2H5OH + H⁺ + Br⁻ → C2H5Br↑ + H2O,"Qizdirilganda haydalgan bug'lar muzli suvga tushib, uning tubida og'ir, rangsiz, suvda erimaydigan moysimon suyuqlik — brometan tomchilari to'planadi.",,C2H5Br,ekzotermik,o'rtacha,,"Spirtlar vodorod galogenidlar bilan reaksiyaga kirishib galogenalkanlar hosil qiladi; gidroksil guruh kislotada protonlangandan keyin suv ko'rinishida oson ajraladi. Brometan suvdan og'ir va unda erimagani uchun tubga cho'kadi.",,
spirt-0011,spirtlar-fenollar,tret-Butanolning konsentrlangan xlorid kislota bilan reaksiyasi (S_N1),yuqori,litsey,record,(CH3)3COH(l) + HCl(aq) 11.6M ≥4M,Xona haroratida chayqatiladi.,(CH3)3COH + HCl → (CH3)3CCl + H2O,(CH3)3COH + H⁺ + Cl⁻ → (CH3)3CCl + H2O,Chayqatilgach bir necha daqiqada eritma loyqalanadi va ustida suvda erimaydigan moysimon qatlam (tret-butilxlorid) ajraladi.,,,sezilarsiz,o'rtacha,,"Uchlamchi spirtlar karbokation orqali (S_N1) juda oson reaksiyaga kirishadi, chunki uchlamchi karbokation barqaror. Birlamchi spirtlar bu sharoitda deyarli reaksiyaga kirishmaydi — spirtlarni farqlovchi Lukas sinovi shunga asoslangan.",,
spirt-0012,spirtlar-fenollar,Propanol-1 ning xona haroratida konsentrlangan xlorid kislota bilan reaksiyaga kirishmasligi,yuqori,litsey,record,CH3CH2CH2OH(l) + HCl(aq) 11.6M,"Rux xloridsiz, xona haroratida chayqatiladi.",,,"Eritma tiniqligicha qoladi, loyqalanish va qatlam ajralishi kuzatilmaydi (propanol-1 suv bilan aralashib ketadi).",,,sezilarsiz,bir-zumda,ha,"Birlamchi spirtlar konsentrlangan xlorid kislota bilan xona haroratida amalda reaksiyaga kirishmaydi: barqaror karbokation hosil bo'lmaydi. Ularni xlorlash uchun ZnCl₂ katalizatori va qizdirish yoki boshqa reagentlar (PCl₅, SOCl₂) kerak.",,
spirt-0015,spirtlar-fenollar,Dietil efirning alangalanishi,yuqori,10-sinf,record,C2H5OC2H5(l) + O2(g),"yondirish; Chinni kosachadagi bir necha tomchi efir uzun cho'p bilan yondiriladi (mo'rili shkafda).",C2H5OC2H5 + 6O2 → 4CO2↑ + 5H2O,,"Efir bug'lari cho'p yaqinlashtirilishi bilan ""lop"" etib alangalanadi va yorqin alanga bilan tez yonib ketadi.",,CO2,kuchli-ekzotermik,bir-zumda,,"Dietil efir past haroratda qaynaydi va bug'lari havo bilan juda oson alangalanadigan aralashma hosil qiladi. Shu sababli efir bilan ishlashda ochiq alanga va qizigan sirtlar butunlay chetlashtiriladi; efir uzoq saqlansa portlovchi peroksidlar ham hosil qilishi mumkin.",,
spirt-0016,spirtlar-fenollar,Dietil efirning natriy bilan reaksiyaga kirishmasligi,yuqori,10-sinf,record,C2H5OC2H5(l) + Na(s) bo'lak,,,,"Natriy bo'lagi efirda o'zgarmay qoladi, gaz ajralmaydi.",,,sezilarsiz,bir-zumda,ha,"Etanol va dietil efir tarkibida kislorod bo'lsa-da, faqat spirtda gidroksil guruh bor. Shuning uchun natriy etanoldan vodorodni siqib chiqaradi, efir bilan esa reaksiyaga kirishmaydi — hatto efirni suvdan tozalash (quritish) uchun natriy ishlatiladi.",,
spirt-0017,spirtlar-fenollar,Brometanning ishqorning suvli eritmasi bilan gidrolizi — etanol olish,yuqori,10-sinf,record,C2H5Br(l) + NaOH(aq) 2M,"qizdirish; ≥50°C; Aralashma qaytar sovutgich bilan chayqatib turib qizdiriladi.",C2H5Br + NaOH → C2H5OH + NaBr,C2H5Br + OH⁻ → C2H5OH + Br⁻,"Chayqatib qizdirilganda tubdagi og'ir brometan qatlami asta-sekin yo'qoladi. Eritma nitrat kislota bilan kislotalanib AgNO₃ qo'shilsa, och sariq AgBr cho'kmasi tushadi.",,,sezilarsiz,o'rtacha,,Galogenalkanlar ishqorning suvli eritmasida nukleofil o'rin olish reaksiyasiga kirishib spirtlar hosil qiladi. Erituvchi muhim: spirtli eritmada xuddi shu reagentlar eliminirlanish (alken hosil bo'lishi) ga olib keladi.,,
spirt-0022,spirtlar-fenollar,Etanolning mis(II) gidroksid bilan reaksiyaga kirishmasligi,yuqori,10-sinf,record,Cu(OH)2(s) + C2H5OH(l),,,,"Ko'k Cu(OH)₂ cho'kmasi o'zgarmay qoladi, eritma rangi o'zgarmaydi.",,,sezilarsiz,bir-zumda,ha,Bir atomli spirtlar mis(II) gidroksid bilan kompleks hosil qilmaydi. Shuning uchun Cu(OH)₂ bilan reaksiya bir atomli va ko'p atomli spirtlarni bir-biridan farqlashga imkon beradi.,,
spirt-0023,spirtlar-fenollar,Fenolning natriy gidroksid eritmasida erishi,yuqori,10-sinf,rules,C6H5OH(aq) 0.5M + NaOH(aq) 2M,Fenolning suv bilan loyqa emulsiyasiga NaOH eritmasi qo'shiladi.,C6H5OH + NaOH → C6H5ONa + H2O,C6H5OH + OH⁻ → C6H5O⁻ + H2O,Fenolning loyqa suvli emulsiyasi ishqor qo'shilganda tiniq eritmaga aylanadi.,,,ekzotermik,bir-zumda,,"Fenol spirtlardan farqli ravishda ishqorlar bilan reaksiyaga kirishadi, ya'ni kuchsiz kislota xossasini namoyon qiladi (tarixiy nomi — karbol kislota). Bunga sabab — benzol halqasining gidroksil guruhga ta'siri: fenolyat ioni halqa hisobiga barqarorlashadi.",,
spirt-0024,spirtlar-fenollar,Natriy fenolyat eritmasiga karbonat angidrid ta'siri,yuqori,10-sinf,rules,C6H5ONa(aq) 0.5M + CO2(g),Natriy fenolyat eritmasi orqali CO₂ o'tkaziladi.,C6H5ONa + CO2 + H2O → C6H5OH + NaHCO3,C6H5O⁻ + CO2 + H2O → C6H5OH + HCO3⁻,Tiniq eritma CO₂ o'tkazilganda loyqalanadi — ajralgan fenol mayda tomchilar (emulsiya) hosil qiladi.,,,sezilarsiz,tez,,"Kuchliroq kislota kuchsizroq kislotani uning tuzidan siqib chiqaradi. Hatto karbonat kislota ham fenolni fenolyatdan siqib chiqaradi — demak, fenol karbonat kislotadan kuchsiz kislota; shu sababli fenol gidrokarbonatlardan CO₂ siqib chiqara olmaydi.",,
spirt-0025,spirtlar-fenollar,Natriy fenolyatdan xlorid kislota ta'sirida fenolni ajratish,yuqori,10-sinf,rules,C6H5ONa(aq) 0.5M + HCl(aq) 1M,,C6H5ONa + HCl → C6H5OH + NaCl,C6H5O⁻ + H⁺ → C6H5OH,Tiniq fenolyat eritmasi kislota qo'shilganda oqarib loyqalanadi.,,,ekzotermik,bir-zumda,,"Fenolyatlar kuchli kislotalar ta'sirida parchalanadi va erkin fenol ajraladi. Fenolning ishqorda erib, kislotada yana ajralishi uni neytral organik moddalardan ajratib olishda ishlatiladi.",,
spirt-0026,spirtlar-fenollar,Fenolning natriy karbonat eritmasida erishi (CO₂ ajralmasdan),yuqori,litsey,rules,C6H5OH(aq) 0.5M + Na2CO3(aq) 1M,,C6H5OH + Na2CO3 → C6H5ONa + NaHCO3,C6H5OH + CO3²⁻ → C6H5O⁻ + HCO3⁻,"Fenol emulsiyasi soda eritmasida eriydi, ammo gaz pufakchalari ajralmaydi.",,,sezilarsiz,tez,,"Fenol kislotaligi bo'yicha karbonat kislota (birinchi bosqich) dan kuchsiz, gidrokarbonat ionidan esa kuchli. Shuning uchun u sodada erib gidrokarbonat hosil qiladi, lekin karbon kislotalardan farqli ravishda karbonatlardan CO₂ siqib chiqarmaydi.",,
spirt-0027,spirtlar-fenollar,Fenolning natriy gidrokarbonat bilan reaksiyaga kirishmasligi,yuqori,litsey,record,C6H5OH(aq) 0.5M + NaHCO3(aq) 0.5M,,,,"Fenol emulsiyasi loyqaligicha qoladi, gaz pufakchalari ajralmaydi.",,,sezilarsiz,bir-zumda,ha,"Karbon kislotalar gidrokarbonatlardan CO₂ siqib chiqaradi, fenol esa yo'q, chunki u karbonat kislotadan kuchsiz kislota. Bu oddiy sinov karboksil guruhli moddalarni fenollardan farqlashga imkon beradi.",,
spirt-0028,spirtlar-fenollar,"Fenolning bromli suv bilan reaksiyasi — 2,4,6-tribromfenol",yuqori,10-sinf,record,C6H5OH(aq) 0.5M + bromli-suv(aq),,C6H5OH + 3Br2 → C6H2Br3OH↓ + 3HBr,C6H5OH + 3Br2 → C6H2Br3OH↓ + 3H⁺ + 3Br⁻,"Bromli suv bir zumda rangsizlanadi va oq cho'kma — 2,4,6-tribromfenol tushadi.",C6H2Br3OH #f6f6f0 suzmasimon,,sezilarsiz,bir-zumda,,"Benzol bromli suv bilan reaksiyaga kirishmaydi, fenol esa katalizatorsiz, bir zumda uchta brom atomini biriktiradi: bu gidroksil guruhning benzol halqasiga ta'sirini (halqani faollashtirishini) ko'rsatadi. Oq cho'kma hosil bo'lishi fenolni aniqlashning sezgir sifat reaksiyasi.",,
termik-0001,termik-parchalanish,Mis(II) gidroksidning qizdirilganda parchalanishi,yuqori,8-sinf,record,Cu(OH)2(s),"qizdirish; ≥100°C; Probirka spirt lampasi alangasida qizdiriladi.",Cu(OH)2 = CuO + H2O↑,,"Ko'k modda qorayadi, probirka og'zi yaqinidagi sovuq devorda suv tomchilari paydo bo'ladi.",,,endotermik,tez,,"Suvda erimaydigan asoslar qizdirilganda oksid va suvga parchalanadi. Ishqorlar (NaOH, KOH) esa bunday sharoitda parchalanmaydi.",,
termik-0002,termik-parchalanish,Temir(III) gidroksidning qizdirilganda parchalanishi,yuqori,8-sinf,record,Fe(OH)3(s),"qizdirish; ≥200°C; Quruq probirkada spirt lampasi alangasida qizdiriladi.",2Fe(OH)3 = Fe2O3 + 3H2O↑,,"Qo'ng'ir modda qizil-qo'ng'ir kukunga aylanadi, probirkaning sovuq qismida suv tomchilari paydo bo'ladi.",,,endotermik,tez,,Temir(III) gidroksid suvda erimaydigan asos bo'lgani uchun qizdirilganda oksid va suvga parchalanadi. Hosil bo'lgan Fe₂O₃ tabiatda gematit minerali sifatida uchraydi va qizil bo'yoq (mumiyo) sifatida ishlatiladi.,,
termik-0003,termik-parchalanish,Alyuminiy gidroksidning qizdirilganda parchalanishi,yuqori,8-sinf,record,Al(OH)3(s),"qizdirish; ≥300°C",2Al(OH)3 = Al2O3 + 3H2O↑,,"Oq modda tashqi ko'rinishini deyarli o'zgartirmaydi, lekin probirka devorida suv tomchilari to'planadi; qoldiq massasi kamayadi.",,,endotermik,tez,,"Alyuminiy gidroksid suvda erimaydi, shuning uchun qizdirilganda oksid va suvga parchalanadi. Rang o'zgarmagani uchun reaksiya borganini suv tomchilari va qoldiq massasining kamayishi ko'rsatadi; Al₂O₃ juda qattiq va qiyin suyuqlanadigan modda.",,
termik-0004,termik-parchalanish,Rux gidroksidning qizdirilganda parchalanishi,yuqori,8-sinf,record,Zn(OH)2(s),"qizdirish; ≥130°C",Zn(OH)2 = ZnO + H2O↑,,"Oq modda qizdirilganda sarg'ayadi, sovutilganda yana oq bo'ladi; probirka devorida suv tomchilari paydo bo'ladi.",,,endotermik,tez,,"Rux gidroksid erimaydigan (amfoter) gidroksid, qizdirilganda rux oksidga aylanadi. ZnO issiq holatda sariq, sovuqda oq rangda bo'ladi — bu kristall panjaradagi o'zgarish bilan bog'liq fizik hodisa (termoxromizm).",,
termik-0005,termik-parchalanish,Xrom(III) gidroksidning qizdirilganda parchalanishi,yuqori,9-sinf,record,Cr(OH)3(s),"qizdirish; ≥300°C",2Cr(OH)3 = Cr2O3 + 3H2O↑,,"Kulrang-yashil modda to'q yashil kukunga aylanadi, probirka devorida suv tomchilari paydo bo'ladi.",,,endotermik,tez,,"Xrom(III) gidroksid erimaydigan amfoter gidroksid bo'lib, qizdirilganda Cr₂O₃ va suvga parchalanadi. Cr₂O₃ — barqaror yashil pigment (""xrom yashili""), u bo'yoq va abraziv sifatida ishlatiladi.",,
termik-0006,termik-parchalanish,Magniy gidroksidning qizdirilganda parchalanishi,yuqori,8-sinf,record,Mg(OH)2(s),"qizdirish; ≥350°C",Mg(OH)2 = MgO + H2O↑,,"Oq kukun ko'rinishi o'zgarmaydi, probirkaning sovuq qismida suv tomchilari to'planadi.",,,endotermik,tez,,Magniy gidroksid kam eriydigan asos va u ishqorlarga qaraganda ancha oson parchalanadi. Hosil bo'lgan MgO o'tga chidamli material sifatida ishlatiladi.,,
termik-0007,termik-parchalanish,Kalsiy gidroksidning kuchli qizdirilganda parchalanishi,yuqori,9-sinf,record,Ca(OH)2(s),"qizdirish; ≥520°C; Spirt lampasi alangasi yetarli emas — tigelda gorelka bilan kuchli qizdiriladi.",Ca(OH)2 = CaO + H2O↑,,"Oq kukun tashqi ko'rinishini o'zgartirmaydi; sovigan qoldiqqa bir tomchi suv tomizilsa, u qiziydi (CaO so'nadi).",,,endotermik,tez,,"Kalsiy gidroksid ishqor bo'lsa-da, NaOH va KOH dan farqli ravishda yuqori haroratda oksid va suvga parchalanadi. Hosil bo'lgan CaO suv bilan qizib, yana Ca(OH)₂ ga aylanadi (ohakni so'ndirish).",,
termik-0008,termik-parchalanish,Silikat kislotaning qizdirilganda parchalanishi,yuqori,9-sinf,record,H2SiO3(s),"qizdirish; ≥200°C; Silikat kislota iviq cho'kmasi oldindan quritiladi.",H2SiO3 = SiO2 + H2O↑,,"Oq modda qizdirilganda suv ajratadi (probirka devorida tomchilar), qoldiq oq kukun — kremniy(IV) oksid.",,,endotermik,tez,,"Silikat kislota suvda erimaydigan, beqaror kislota bo'lib, qizdirilganda kislotali oksid (SiO₂) va suvga parchalanadi. Shu jarayonda g'ovak silikagel olinadi — u yaxshi adsorbent va quritgich.",,
termik-0009,termik-parchalanish,"Kalsiy karbonatning (ohaktosh, marmar) termik parchalanishi",yuqori,9-sinf,record,CaCO3(s) bo'lak,"qizdirish; ≥900°C; Marmar bo'lagi gorelkaning eng issiq alangasida yoki mufel pechida qizdiriladi.",CaCO3 = CaO + CO2↑,,"Qattiq qizdirilgan marmar bo'lagi yorqin oq nur sochadi; sovutilgandan keyin unga suv tomizilsa qiziydi va fenolftalein qo'shilsa eritma to'q pushti rangga bo'yaladi.",,CO2,kuchli-endotermik,tez,,"Kalsiy karbonat faqat yuqori haroratda (taxminan 900 °C atrofida) parchalanadi; sanoatda ohak shu usulda ohak pechlarida kuydiriladi. Qizdirilgan CaO yorqin nur sochadi (""ohak nuri""), hosil bo'lgan oksid suv bilan ishqor beradi.",,
termik-0010,termik-parchalanish,Magniy karbonatning termik parchalanishi,yuqori,9-sinf,record,MgCO3(s),"qizdirish; ≥450°C",MgCO3 = MgO + CO2↑,,"Oq kukun o'zgarmaydi; gaz o'tkazuvchi naycha ohakli suvga tushirilsa, ohakli suv loyqalanadi.",,CO2,endotermik,tez,,"Magniy karbonat kalsiy karbonatga qaraganda pastroq haroratda parchalanadi: kationning zaryad zichligi qanchalik katta bo'lsa, karbonat shuncha oson parchalanadi. Ajralgan CO₂ ohakli suvni loyqalatishi bilan aniqlanadi.",,
termik-0011,termik-parchalanish,Rux karbonatning termik parchalanishi,yuqori,9-sinf,record,ZnCO3(s),"qizdirish; ≥300°C",ZnCO3 = ZnO + CO2↑,,"Oq kukun qizdirilganda sarg'ayadi va sovuganda yana oqaradi; ajralgan gaz ohakli suvni loyqalatadi.",,CO2,endotermik,tez,,Og'ir metallarning karbonatlari ishqoriy metallar karbonatlariga qaraganda ancha oson parchalanadi. ZnO ning issiqda sarg'ayishi — uning sifat belgisi.,,
termik-0012,termik-parchalanish,Malaxitning (mis(II) gidroksokarbonat) termik parchalanishi,yuqori,8-sinf,record,(CuOH)2CO3(s),"qizdirish; ≥250°C",(CuOH)2CO3 = 2CuO + CO2↑ + H2O↑,,"Yashil kukun qorayadi, probirka devorida suv tomchilari paydo bo'ladi, ajralgan gaz ohakli suvni loyqalatadi.",,CO2,endotermik,tez,,"Malaxit — asosli tuz, uning tarkibida ham gidroksid, ham karbonat guruhi bor, shuning uchun parchalanganda uch xil modda: oksid, suv va karbonat angidrid hosil bo'ladi. Bu tajriba parchalanish reaksiyasining klassik namunasi.",,
termik-0013,termik-parchalanish,Qo'rg'oshin(II) karbonatning termik parchalanishi,yuqori,9-sinf,record,PbCO3(s),"qizdirish; ≥350°C",PbCO3 = PbO + CO2↑,,"Oq kukun sarg'ayadi, ajralgan gaz ohakli suvni loyqalatadi.",,CO2,endotermik,tez,,"Qo'rg'oshin karbonat nisbatan past haroratda parchalanib, sariq PbO hosil qiladi. Rangning oqdan sariqqa o'zgarishi va CO₂ ning ajralishi reaksiya borganini ko'rsatadi.",,
termik-0016,termik-parchalanish,Natriy gidrokarbonatning (ichimlik sodasi) termik parchalanishi,yuqori,8-sinf,record,NaHCO3(s),"qizdirish; ≥120°C",2NaHCO3 = Na2CO3 + CO2↑ + H2O↑,,"Oq kukun tashqi ko'rinishini saqlaydi, probirka devorida suv tomchilari paydo bo'ladi, ajralgan gaz ohakli suvni loyqalatadi.",,CO2,endotermik,tez,,"Nordon tuzlar o'rta tuzlarga qaraganda beqaror: NaHCO₃ nisbatan past haroratda parchalanadi, Na₂CO₃ esa bunday sharoitda parchalanmaydi. Novvoychilikda xamirning ko'pchishi ham shu reaksiyada ajraladigan CO₂ hisobiga.",,
termik-0017,termik-parchalanish,Kaliy gidrokarbonatning termik parchalanishi,yuqori,8-sinf,record,KHCO3(s),"qizdirish; ≥150°C",2KHCO3 = K2CO3 + CO2↑ + H2O↑,,"Oq kristallar kukunga aylanadi, probirka devorida suv tomchilari to'planadi, ajralgan gaz ohakli suvni loyqalatadi.",,CO2,endotermik,tez,,"Kaliy gidrokarbonat ham natriy gidrokarbonat kabi qizdirilganda o'rta tuz, CO₂ va suvga parchalanadi. Hosil bo'lgan K₂CO₃ (potash) esa termik barqaror.",,
termik-0018,termik-parchalanish,Ammoniy gidrokarbonatning qizdirilganda to'liq parchalanishi,yuqori,8-sinf,record,NH4HCO3(s),"qizdirish; ≥60°C",NH4HCO3 = NH3↑ + CO2↑ + H2O↑,,"Oq kristallar qoldiqsiz yo'qoladi, ammiak hidi seziladi, probirka og'ziga tutilgan ho'l qizil lakmus qog'ozi ko'karadi.",,NH3,endotermik,tez,,"Ammoniy gidrokarbonat past haroratda ham parchalanadi va barcha mahsulotlari uchuvchan bo'lgani uchun qoldiq qolmaydi. Shuning uchun u qandolatchilikda yumshatgich (""ammoniy"") sifatida ishlatiladi.",,
termik-0019,termik-parchalanish,Ammoniy karbonatning qizdirilganda parchalanishi,yuqori,8-sinf,record,(NH4)2CO3(s),"qizdirish; ≥60°C",(NH4)2CO3 = 2NH3↑ + CO2↑ + H2O↑,,"Oq modda qoldiqsiz yo'qoladi, kuchli ammiak hidi seziladi, ho'l qizil lakmus qog'ozi ko'karadi.",,NH3,endotermik,tez,,Kuchsiz asos (NH₃) va kuchsiz kislota (H₂CO₃) dan hosil bo'lgan tuz termik beqaror. Qizdirilganda u o'zini tashkil etgan uchuvchan moddalarga to'liq parchalanadi.,,
termik-0020,termik-parchalanish,Kalsiy gidrokarbonat eritmasini qaynatish (suvning vaqtinchalik qattiqligini yo'qotish),yuqori,9-sinf,record,Ca(HCO3)2(aq) 0.05M,"qizdirish; ≥70°C; Eritma qaynaguncha qizdiriladi.",Ca(HCO3)2 = CaCO3↓ + CO2↑ + H2O,Ca²⁺ + 2HCO3⁻ = CaCO3↓ + CO2↑ + H2O,"Tiniq eritma qaynatilganda loyqalanadi va oq cho'kma tushadi, mayda gaz pufakchalari ajraladi.",CaCO3 #f6f6f2 mayda-kristall,CO2,sezilarsiz,o'rtacha,,Kalsiy va magniy gidrokarbonatlari suvga vaqtinchalik qattiqlik beradi. Qaynatilganda ular parchalanib erimaydigan karbonatga aylanadi — choynak va qozonlarda quyqa (nakip) shu tarzda hosil bo'ladi.,,
termik-0021,termik-parchalanish,"Ammoniy xloridning qizdirilganda parchalanishi va qayta birikishi (""sublimatsiya"")",yuqori,9-sinf,record,NH4Cl(s),"qizdirish; ≥340°C; Probirkaning faqat tubi qizdiriladi; yuqori sovuq qismida NH₃ va HCl qayta birikadi.",NH4Cl = NH3↑ + HCl↑,,"Probirka tubidagi oq kristallar yo'qoladi, yuqori sovuq devorda esa yana oq g'ubor (NH₄Cl) yig'iladi; og'ziga tutilgan ho'l lakmus qog'ozi avval ko'karadi, so'ng qizaradi.",,NH3,kuchli-endotermik,tez,,"Bu hodisa tashqi tomondan sublimatsiyaga o'xshaydi, lekin aslida kimyoviy jarayon: NH₄Cl issiqda NH₃ va HCl ga parchalanadi, sovuqda ular qayta birikadi (NH₃ + HCl = NH₄Cl). Yengilroq NH₃ tezroq tarqalgani uchun lakmus avval ko'karadi.",,
termik-0022,termik-parchalanish,"Ammoniy dixromatning parchalanishi (""vulqon"" tajribasi)",yuqori,9-sinf,record,(NH4)2Cr2O7(s),"qizdirish; ≥180°C; Kristallar uyumi cho'g'langan shisha tayoqcha yoki gugurt alangasi bilan bir joyidan qizdiriladi; reaksiya o'z-o'zidan davom etadi.",(NH4)2Cr2O7 = Cr2O3 + N2↑ + 4H2O↑,,"To'q sariq kristallar uchqun sochib ""otiladi"", hajmi ancha katta bo'lgan yengil to'q yashil kukun (Cr₂O₃) qoladi.",,N2,ekzotermik,tez,,"Ammoniy dixromatda xrom(VI) oksidlovchi, ammoniy azoti (N⁻³) esa qaytaruvchi vazifasini bajaradi, shuning uchun modda tashqi reagentsiz parchalanadi. Reaksiya ekzotermik bo'lgani uchun bir marta boshlansa o'zi davom etadi.",,
termik-0023,termik-parchalanish,Ammoniy nitrit eritmasining qizdirilganda parchalanishi (azot olish),yuqori,9-sinf,record,NH4NO2(aq) 2M,"qizdirish; ≥70°C; Konsentrlangan eritma ehtiyotkorlik bilan qizdiriladi; amalda ko'pincha NH₄Cl va NaNO₂ eritmalari aralashmasi ishlatiladi.",NH4NO2 = N2↑ + 2H2O,NH4⁺ + NO2⁻ = N2↑ + 2H2O,"Qizdirilganda eritmadan rangsiz, hidsiz gaz pufakchalari ajraladi; gaz yig'ilgan probirkaga tushirilgan yonib turgan cho'p o'chadi.",,N2,ekzotermik,o'rtacha,,"Ammoniy nitritda bir xil element (azot) ham oksidlovchi, ham qaytaruvchi vazifasida bo'ladi, shuning uchun parchalanganda faqat N₂ va suv hosil bo'ladi. Laboratoriyada sof azot shu usulda olinadi; azot yonishni quvvatlamaydi.",,
termik-0024,termik-parchalanish,Natriy nitratning termik parchalanishi,yuqori,9-sinf,record,NaNO3(s),"qizdirish; ≥400°C; Tuz avval suyuqlanadi, so'ng parchalanadi.",2NaNO3 = 2NaNO2 + O2↑,,"Oq tuz suyuqlanadi, suyuqlanmadan gaz pufakchalari ajraladi; probirkaga tushirilgan cho'g'langan cho'p alangalanib ketadi.",,O2,endotermik,tez,,Ishqoriy metallar nitratlari (litiydan tashqari) qizdirilganda nitrit va kislorodga parchalanadi. Ajralgan kislorod cho'g'langan cho'pni alangalatishi bilan aniqlanadi.,,
termik-0025,termik-parchalanish,Kaliy nitratning (selitra) termik parchalanishi,yuqori,9-sinf,record,KNO3(s),"qizdirish; ≥400°C",2KNO3 = 2KNO2 + O2↑,,"Kristallar suyuqlanadi, suyuqlanmadan gaz pufakchalari chiqadi; cho'g'langan cho'p alangalanadi.",,O2,endotermik,tez,,Kaliy nitrat ham boshqa ishqoriy metallar nitratlari kabi nitrit va kislorodga parchalanadi. Ajralgan kislorod tufayli selitra yonish jarayonlarini kuchaytiradi.,,
termik-0026,termik-parchalanish,Mis(II) nitratning termik parchalanishi,yuqori,9-sinf,record,Cu(NO3)2(s),"qizdirish; ≥200°C",2Cu(NO3)2 = 2CuO + 4NO2↑ + O2↑,,"Ko'k kristallar avval o'z kristallanish suvida eriydi, so'ng qorayadi; probirkadan qo'ng'ir gaz (NO₂) chiqadi.",,NO2 #a8461c,endotermik,tez,,"Mis nitrati qizdirilganda qora mis(II) oksid, qo'ng'ir NO₂ va kislorod hosil bo'ladi. Bu faollik qatorining o'rta qismidagi metallar nitratlariga xos parchalanish turi.",,
termik-0027,termik-parchalanish,Qo'rg'oshin(II) nitratning termik parchalanishi,yuqori,9-sinf,record,Pb(NO3)2(s),"qizdirish; ≥470°C",2Pb(NO3)2 = 2PbO + 4NO2↑ + O2↑,,"Oq kristallar chirsillab yoriladi, qo'ng'ir gaz ajraladi, qoldiq sariq rangga kiradi.",,NO2 #a8461c,endotermik,tez,,Qo'rg'oshin nitrat — NO₂ ni laboratoriyada olishning klassik manbai. Kristallar ichidagi qoldiq namlik va gazlarning keskin kengayishi ularning chirsillab yorilishiga sabab bo'ladi.,,
termik-0028,termik-parchalanish,Kumush nitratning termik parchalanishi,yuqori,9-sinf,record,AgNO3(s),"qizdirish; ≥440°C",2AgNO3 = 2Ag + 2NO2↑ + O2↑,,"Tuz suyuqlanadi, qo'ng'ir gaz chiqadi, probirka tubida kulrang-oq kumush qoladi.",,NO2 #a8461c,endotermik,tez,,"Kumush oksidi ham beqaror bo'lgani uchun kumush nitrat parchalanganda oksid emas, balki erkin metall hosil bo'ladi. Shunday qilib nitratlarning parchalanish mahsuloti metallning faolligiga bog'liq.",,
termik-0029,termik-parchalanish,Magniy nitratning termik parchalanishi,yuqori,9-sinf,record,Mg(NO3)2(s),"qizdirish; ≥350°C",2Mg(NO3)2 = 2MgO + 4NO2↑ + O2↑,,"Oq tuz qizdirilganda qo'ng'ir gaz ajratadi, probirkada oq kukun (MgO) qoladi.",,NO2 #a8461c,endotermik,tez,,"Magniy faollik qatorida ishqoriy metallardan keyin turadi, uning nitrati qizdirilganda oksid, NO₂ va O₂ hosil qiladi. Bu qoidaning chegarasini ko'rsatuvchi misol.",,
termik-0032,termik-parchalanish,Simob(II) oksidning termik parchalanishi,yuqori,8-sinf,record,HgO(s),"qizdirish; ≥450°C",2HgO = 2Hg + O2↑,,"To'q sariq-qizil kukun qorayib kamayadi, probirkaning sovuq devorida kumushrang simob tomchilari paydo bo'ladi; cho'g'langan cho'p alangalanadi.",,O2,endotermik,tez,,"1774 yilda J. Pristli kislorodni aynan shu reaksiya bilan olgan. Kam faol metallarning oksidlari qizdirilganda metall va kislorodga parchalanadi; bu reaksiya oddiy moddalardan murakkab modda hosil bo'lishining teskarisi.",,
termik-0033,termik-parchalanish,Mis kuporosining suvsizlanishi (ko'k → oq),yuqori,8-sinf,record,CuSO4·5H2O(s),"qizdirish; ≥150°C",CuSO4·5H2O = CuSO4 + 5H2O↑,,"Ko'k kristallar asta-sekin oq kukunga aylanadi, probirka devorida suv tomchilari to'planadi. Sovigan oq kukunga suv tomizilsa, u yana ko'karadi va qiziydi.",,,endotermik,tez,,"Kristallogidratlar tarkibida ma'lum miqdorda kristallanish suvi bo'ladi; qizdirilganda u ajraladi. Suvsiz CuSO₄ suvni qayta biriktirib ko'karadi, shuning uchun u suvni (masalan, spirtdagi namlikni) aniqlashda ishlatiladi.",,
termik-0034,termik-parchalanish,Kobalt(II) xlorid geksagidratining suvsizlanishi (pushti → ko'k),yuqori,9-sinf,record,CoCl2·6H2O(s),"qizdirish; ≥130°C",CoCl2·6H2O = CoCl2 + 6H2O↑,,"Pushti-qizil kristallar ko'k kukunga aylanadi, probirka devorida suv tomchilari paydo bo'ladi; havoda turganda kukun asta-sekin yana pushti rangga kiradi.",,,endotermik,tez,,"Gidratlangan kobalt(II) tuzlari pushti, suvsizlari ko'k rangda bo'ladi. Bu xossadan namlik indikatorlarida (masalan, silikagel donachalarida) foydalaniladi: ko'k rang quruqlikni, pushti rang namlikni bildiradi.",,
termik-0035,termik-parchalanish,Temir kuporosining suvsizlanishi,yuqori,9-sinf,record,FeSO4·7H2O(s),"qizdirish; ≥250°C",FeSO4·7H2O = FeSO4 + 7H2O↑,,"Och yashil kristallar oq-kulrang kukunga aylanadi, probirka devorida suv tomchilari to'planadi.",,,endotermik,tez,,"Temir kuporosi ham mis kuporosi kabi kristallogidrat. Suvsizlangan FeSO₄ ni yanada kuchli qizdirilsa, u Fe₂O₃, SO₂ va SO₃ ga parchalanadi.",,
termik-0036,termik-parchalanish,Temir(II) sulfatning kuchli qizdirilganda parchalanishi,yuqori,litsey,record,FeSO4(s),"qizdirish; ≥550°C; Oldindan suvsizlantirilgan FeSO₄ qiyin suyuqlanuvchan probirkada yoki tigelda kuchli qizdiriladi.",2FeSO4 = Fe2O3 + SO2↑ + SO3↑,,"Oq-kulrang kukun qizil-qo'ng'ir rangga kiradi, probirkadan o'tkir hidli oq tutun (SO₃ va SO₂) chiqadi.",,SO2,endotermik,tez,,"O'rta asrlarda sulfat kislota (""kuporos moyi"") aynan temir kuporosini quruq haydash bilan olingan: ajralgan SO₃ suvda yutilib H₂SO₄ hosil qiladi. Qoldiq Fe₂O₃ qizil bo'yoq sifatida ishlatilgan.",,
termik-0037,termik-parchalanish,Kristall sodaning suvsizlanishi,yuqori,8-sinf,record,Na2CO3·10H2O(s),"qizdirish; ≥110°C",Na2CO3·10H2O = Na2CO3 + 10H2O↑,,"Shaffof kristallar o'z suvida suyuqlanadi va ""qaynaydi"", so'ng oq quruq kukun qoladi; probirka devorida suv tomchilari to'planadi.",,,endotermik,tez,,"Kristall sodaning massasining yarmidan ko'pi kristallanish suvi. Qizdirilganda u suvni yo'qotib, suvsiz Na₂CO₃ ga aylanadi; karbonatning o'zi esa bu sharoitda parchalanmaydi.",,
termik-0038,termik-parchalanish,Kumush(I) oksidning termik parchalanishi,yuqori,9-sinf,record,Ag2O(s),"qizdirish; ≥350°C",2Ag2O = 4Ag + O2↑,,"To'q qo'ng'ir kukun oqish-kulrang metall kumushga aylanadi; cho'g'langan cho'p alangalanadi.",,O2,endotermik,tez,,"Kam faol metallarning (Ag, Hg, Au) oksidlari nisbatan past haroratda metall va kislorodga parchalanadi. Shu sababli AgNO₃ parchalanganda ham oksid emas, metall kumush hosil bo'ladi.",,
termik-0043,termik-parchalanish,Rux nitratning termik parchalanishi,yuqori,9-sinf,record,Zn(NO3)2(s),"qizdirish; ≥300°C",2Zn(NO3)2 = 2ZnO + 4NO2↑ + O2↑,,"Oq tuz suyuqlanadi, qo'ng'ir gaz ajraladi; qoldiq issiqda sarg'ish, sovuganda oq (ZnO).",,NO2 #a8461c,endotermik,tez,,"Rux nitrat Mg(NO₃)₂ va Cu(NO₃)₂ kabi oksid, NO₂ va O₂ ga parchalanadi. Qoldiqning qizdirilganda sarg'ayib, sovuganda oqarishi uning ZnO ekanini ko'rsatadi.",,
titr-0001,titrlash,Xlorid kislotani natriy gidroksid bilan titrlash (indikator — fenolftalein),yuqori,litsey,rules,HCl(aq) 0.1M + NaOH(aq) 0.1M + C20H14O4(aq) 0.003M,,HCl + NaOH = NaCl + H2O,H⁺ + OH⁻ = H2O,"Oxirgi nuqtada fenolftalein rangi o'zgaradi; sarflangan titrant hajmi ≈ 10 ml.",,,sezilarsiz,bir-zumda,,"Kuchli kislotani kuchli asos bilan titrlashda ekvivalent nuqtada pH = 7; fenolftalein bitta ortiqcha tomchida rangsizdan pushti rangga o'tadi.",,
titr-0002,titrlash,Natriy gidroksidni xlorid kislota bilan titrlash (indikator — metiloranj),yuqori,litsey,rules,NaOH(aq) 0.1M + HCl(aq) 0.1M + C14H14N3NaO3S(aq) 0.003M,,NaOH + HCl = NaCl + H2O,OH⁻ + H⁺ = H2O,"Oxirgi nuqtada metiloranj rangi o'zgaradi; sarflangan titrant hajmi ≈ 10 ml.",,,sezilarsiz,bir-zumda,,"Ishqorni kislota bilan titrlashda metiloranj sariq rangdan to'q sariq rangga o'tgan payt oxirgi nuqta hisoblanadi; titrlash sakrashi keng bo'lgani uchun xato juda kichik.",,
titr-0003,titrlash,Sirka kislotani natriy gidroksid bilan titrlash (indikator — fenolftalein),yuqori,litsey,rules,CH3COOH(aq) 0.1M + NaOH(aq) 0.1M + C20H14O4(aq) 0.003M,,CH3COOH + NaOH = CH3COONa + H2O,CH3COOH + OH⁻ = CH3COO⁻ + H2O,"Oxirgi nuqtada fenolftalein rangi o'zgaradi; sarflangan titrant hajmi ≈ 10 ml.",,,sezilarsiz,bir-zumda,,"Kuchsiz kislota titrlanganda ekvivalent nuqtada hosil bo'lgan CH₃COONa gidrolizlanib muhitni ishqoriy qiladi (pH ≈ 8,7) — shuning uchun indikator sifatida fenolftalein tanlanadi, metiloranj yaroqsiz.",,
titr-0004,titrlash,Ammiakli suvni xlorid kislota bilan titrlash (indikator — metiloranj),yuqori,litsey,rules,NH3·H2O(aq) 0.1M + HCl(aq) 0.1M + C14H14N3NaO3S(aq) 0.003M,,NH3·H2O + HCl = NH4Cl + H2O,NH3·H2O + H⁺ = NH4⁺ + H2O,"Oxirgi nuqtada metiloranj rangi o'zgaradi; sarflangan titrant hajmi ≈ 10 ml.",,,sezilarsiz,bir-zumda,,"Kuchsiz asos titrlanganda ekvivalent nuqtada NH₄Cl gidrolizi tufayli muhit kuchsiz kislotali (pH ≈ 5,3) — metiloranj mos keladi.",,
titr-0005,titrlash,Natriy karbonatni xlorid kislota bilan titrlash (indikator — metiloranj),yuqori,litsey,rules,Na2CO3(aq) 0.1M + HCl(aq) 0.1M + C14H14N3NaO3S(aq) 0.003M,,Na2CO3 + 2HCl = 2NaCl + CO2↑ + H2O,CO3²⁻ + 2H⁺ = CO2↑ + H2O,"Oxirgi nuqtada metiloranj rangi o'zgaradi; sarflangan titrant hajmi ≈ 20 ml.",,,sezilarsiz,bir-zumda,,"Natriy karbonat ikki bosqichda titrlanadi; metiloranj bilan ikkala bosqich birga (CO₂ gacha) aniqlanadi. Oxiriga yaqin eritmani qaynatib CO₂ chiqarib yuborish aniqlikni oshiradi.",,
titr-0006,titrlash,Natriy karbonatni xlorid kislota bilan titrlash (indikator — fenolftalein),yuqori,litsey,rules,Na2CO3(aq) 0.1M + HCl(aq) 0.1M + C20H14O4(aq) 0.003M,,Na2CO3 + HCl = NaHCO3 + NaCl,CO3²⁻ + H⁺ = HCO3⁻,"Oxirgi nuqtada fenolftalein rangi o'zgaradi; sarflangan titrant hajmi ≈ 10 ml.",,,sezilarsiz,bir-zumda,,"Fenolftalein bilan titrlashda faqat birinchi bosqich — NaHCO₃ hosil bo'lguncha (pH ≈ 8,3) aniqlanadi.",,
titr-0007,titrlash,Sulfat kislotani natriy gidroksid bilan titrlash (indikator — fenolftalein),yuqori,litsey,rules,H2SO4(aq) 0.1M + NaOH(aq) 0.1M + C20H14O4(aq) 0.003M,,H2SO4 + 2NaOH = Na2SO4 + 2H2O,H⁺ + OH⁻ = H2O,"Oxirgi nuqtada fenolftalein rangi o'zgaradi; sarflangan titrant hajmi ≈ 20 ml.",,,sezilarsiz,bir-zumda,,Sulfat kislota ikki negizli: 1 mol H₂SO₄ ga 2 mol NaOH sarflanadi.,,
titr-0008,titrlash,Fosfat (ortofosfat) kislotani natriy gidroksid bilan titrlash (indikator — metiloranj),yuqori,litsey,rules,H3PO4(aq) 0.1M + NaOH(aq) 0.1M + C14H14N3NaO3S(aq) 0.003M,,H3PO4 + NaOH = NaH2PO4 + H2O,H3PO4 + OH⁻ = H2PO4⁻ + H2O,"Oxirgi nuqtada metiloranj rangi o'zgaradi; sarflangan titrant hajmi ≈ 10 ml.",,,sezilarsiz,bir-zumda,,"Fosfat kislota metiloranj bilan birinchi bosqichgacha (NaH₂PO₄, pH ≈ 4,7) titrlanadi.",,
titr-0009,titrlash,Oksalat kislotani natriy gidroksid bilan titrlash (indikator — fenolftalein),yuqori,litsey,rules,H2C2O4(aq) 0.1M + NaOH(aq) 0.1M + C20H14O4(aq) 0.003M,,H2C2O4 + 2NaOH = Na2C2O4 + 2H2O,H2C2O4 + 2OH⁻ = C2O4²⁻ + 2H2O,"Oxirgi nuqtada fenolftalein rangi o'zgaradi; sarflangan titrant hajmi ≈ 20 ml.",,,sezilarsiz,bir-zumda,,Oksalat kislota (H₂C₂O₄·2H₂O) natriy gidroksid eritmasining aniq konsentratsiyasini aniqlash (standartlash) uchun boshlang'ich modda sifatida ishlatiladi.,,
titr-0010,titrlash,Nitrat kislotani kaliy gidroksid bilan titrlash (indikator — fenolftalein),yuqori,litsey,rules,HNO3(aq) 0.1M + KOH(aq) 0.1M + C20H14O4(aq) 0.003M,,HNO3 + KOH = KNO3 + H2O,H⁺ + OH⁻ = H2O,"Oxirgi nuqtada fenolftalein rangi o'zgaradi; sarflangan titrant hajmi ≈ 10 ml.",,,sezilarsiz,bir-zumda,,Nitrat kislota kuchli kislota: kaliy gidroksid bilan titrlashda ekvivalent nuqtada muhit neytral.,,
titr-0011,titrlash,Natriy gidrokarbonatni xlorid kislota bilan titrlash (indikator — metiloranj),yuqori,litsey,rules,NaHCO3(aq) 0.1M + HCl(aq) 0.1M + C14H14N3NaO3S(aq) 0.003M,,NaHCO3 + HCl = NaCl + CO2↑ + H2O,HCO3⁻ + H⁺ = CO2↑ + H2O,"Oxirgi nuqtada metiloranj rangi o'zgaradi; sarflangan titrant hajmi ≈ 10 ml.",,,sezilarsiz,bir-zumda,,Ichimlik sodasi (NaHCO₃) tarkibini metiloranj bilan titrlab aniqlash mumkin.,,
titr-0012,titrlash,Temir(II) ni kaliy permanganat bilan titrlash (permanganatometriya),yuqori,litsey,record,(NH4)2Fe(SO4)2·6H2O(aq) 0.05M + KMnO4(aq) 0.01M + H2SO4(aq) 1M,muhit: kislotali,10(NH4)2Fe(SO4)2·6H2O + 2KMnO4 + 8H2SO4 = 5Fe2(SO4)3 + 2MnSO4 + K2SO4 + 10(NH4)2SO4 + 68H2O,MnO4⁻ + 5Fe²⁺ + 8H⁺ = Mn²⁺ + 5Fe³⁺ + 4H2O,"Oxirgi nuqtada eritma rangi o'zgaradi; titrant hajmi ≈ 10 ml.",,,sezilarsiz,bir-zumda,,"Permanganat o'zi indikator vazifasini bajaradi: ekvivalent nuqtagacha qo'shilgan MnO₄⁻ darhol rangsizlanadi, bitta ortiqcha tomchi eritmani och pushti rangga bo'yaydi. Titrlash sulfat kislotali muhitda olib boriladi.",,
titr-0013,titrlash,Oksalat kislotani kaliy permanganat bilan titrlash (qizdirib),yuqori,litsey,record,H2C2O4(aq) 0.05M + KMnO4(aq) 0.02M + H2SO4(aq) 1M,"qizdirish; ≥60°C; muhit: kislotali; Eritma 70–80 °C gacha isitiladi.",5H2C2O4 + 2KMnO4 + 3H2SO4 = 10CO2↑ + 2MnSO4 + K2SO4 + 8H2O,2MnO4⁻ + 5H2C2O4 + 6H⁺ = 2Mn²⁺ + 10CO2↑ + 8H2O,"Oxirgi nuqtada eritma rangi o'zgaradi; titrant hajmi ≈ 10 ml.",,CO2,sezilarsiz,o'rtacha,,"Reaksiya sovuqda sekin boradi, shuning uchun eritma 70–80 °C gacha isitiladi. Hosil bo'lgan Mn²⁺ ionlari reaksiyani tezlashtiradi (avtokataliz) — dastlabki tomchilar sekin, keyingilari tez rangsizlanadi. Bu usul KMnO₄ eritmasini standartlash uchun qo'llaniladi.",,
titr-0014,titrlash,Vodorod peroksidni kaliy permanganat bilan titrlash,yuqori,litsey,record,H2O2(aq) 0.05M + KMnO4(aq) 0.02M + H2SO4(aq) 1M,muhit: kislotali,5H2O2 + 2KMnO4 + 3H2SO4 = 5O2↑ + 2MnSO4 + K2SO4 + 8H2O,2MnO4⁻ + 5H2O2 + 6H⁺ = 2Mn²⁺ + 5O2↑ + 8H2O,"Oxirgi nuqtada eritma rangi o'zgaradi; titrant hajmi ≈ 10 ml.",,O2,sezilarsiz,bir-zumda,,Vodorod peroksid bu reaksiyada qaytaruvchi: undagi O⁻¹ kislorod molekulasigacha oksidlanadi. Oxirgi nuqtani permanganatning o'z rangi ko'rsatadi.,,
titr-0015,titrlash,"Yodni natriy tiosulfat bilan titrlash (yodometriya, indikator — kraxmal)",yuqori,litsey,record,Lugol(aq) + Na2S2O3(aq) 0.1M + (C6H10O5)n(aq) 0.06M,muhit: kislotali,I2 + 2Na2S2O3 = 2NaI + Na2S4O6,I2 + 2S2O3²⁻ = 2I⁻ + S4O6²⁻,"Oxirgi nuqtada eritma rangi o'zgaradi; titrant hajmi ≈ 10 ml.",,,sezilarsiz,bir-zumda,,"Tiosulfat yodni yodid ionlarigacha qaytaradi, o'zi tetrationat ioniga oksidlanadi. Kraxmal titrlash oxiriga yaqin (eritma och sariq bo'lganda) qo'shiladi; to'q ko'k rangning yo'qolishi oxirgi nuqtani ko'rsatadi.",,
titr-0019,titrlash,Xlorid ionlarini kumush nitrat bilan titrlash (Mor usuli),yuqori,universitet,rules,NaCl(aq) 0.05M + AgNO3(aq) 0.05M + K2CrO4(aq) 0.1M,Neytral yoki kuchsiz ishqoriy muhitda.,NaCl + AgNO3 = AgCl↓ + NaNO3,Ag⁺ + Cl⁻ = AgCl↓,"Titrlash davomida oq suzmasimon cho'kma tushadi; oxirgi nuqtada g'isht-qizil tus paydo bo'ladi.",AgCl #f8f8f4 suzmasimon,,sezilarsiz,bir-zumda,,"Mor usuli cho'kmalarning eruvchanligi farqiga asoslangan: AgCl Ag₂CrO₄ ga qaraganda kamroq eriydi va birinchi cho'kadi. Xlorid tugashi bilan g'isht-qizil kumush xromat hosil bo'lib, oxirgi nuqtani ko'rsatadi.",,
uglevod-0001,uglevodorodlar,Etilenning bromli suvni rangsizlantirishi,yuqori,10-sinf,record,CH2=CH2(g) + bromli-suv(aq),Etilen bromli suv orqali o'tkaziladi.,CH2=CH2 + Br2 → CH2Br–CH2Br,,Sariq-qo'ng'ir bromli suv rangsizlanadi.,,,sezilarsiz,tez,,"Etilen molekulasidagi qo'shbog' (π-bog') oson uziladi va brom atomlari uglerod atomlariga birikadi. Rangsiz 1,2-dibrometan hosil bo'lgani uchun bromli suv rangsizlanadi — bu to'yinmaganlikka sifat reaksiyasi.",,
uglevod-0002,uglevodorodlar,Propanning yonishi (suyultirilgan maishiy gaz),yuqori,10-sinf,record,C3H8(g) + O2(g),"yondirish; Propan (zajigalka yoki ballon gazi) naycha uchida yondiriladi.",C3H8 + 5O2 → 3CO2↑ + 4H2O,,"Propan ko'k alanga bilan yonadi, ko'p issiqlik ajraladi. Sovuq stakan devorida suv tomchilari to'planadi.",,CO2,kuchli-ekzotermik,bir-zumda,,"Propan — to'yingan uglevodorod, havoda to'liq yonib CO₂ va H₂O hosil qiladi. Maishiy gazdagi propan-butan aralashmasi bosim ostida suyultirilib saqlanadi; havo yetishmasa to'liq yonmaydi va zaharli is gazi hosil bo'ladi.",,
uglevod-0003,uglevodorodlar,Metanning yorug'likda xlorlanishi,yuqori,10-sinf,record,CH4(g) + Cl2(g),"yorug'lik; Metan va xlor aralashmasi solingan silindr sochilgan yorug'likka (yoki UB lampa ostiga) qo'yiladi.",CH4 + Cl2 → CH3Cl + HCl↑,,"Silindrdagi xlorning sarg'ish-yashil rangi asta-sekin yo'qoladi, devorlarda moysimon tomchilar (CH₂Cl₂, CHCl₃, CCl₄) paydo bo'ladi. Silindr suvga botirilganda suv ko'tariladi (HCl eriydi), suvga ko'k lakmus qo'shilsa qizaradi.",,HCl,ekzotermik,o'rtacha,,"Alkanlar uchun eng xarakterli reaksiya — o'rin olish. Yorug'lik xlor molekulasini radikallarga parchalaydi va zanjirli radikal reaksiya boshlanadi; vodorod atomlari ketma-ket xlorga almashinib, aralashmada CH₃Cl, CH₂Cl₂, CHCl₃ va CCl₄ hosil bo'ladi. Ajralgan HCl suvda eriydi, shuning uchun silindrda suv ko'tariladi.",,
uglevod-0004,uglevodorodlar,Metan va xlorning qorong'ida reaksiyaga kirishmasligi,yuqori,10-sinf,record,CH4(g) + Cl2(g),Aralashma qorong'i joyda (yoki qora qog'ozga o'ralgan silindrda) saqlanadi.,,,"Qorong'ida xlorning sarg'ish-yashil rangi saqlanib qoladi, hech qanday o'zgarish kuzatilmaydi.",,,sezilarsiz,bir-zumda,ha,"Metanning xlor bilan o'rin olish reaksiyasi radikal zanjir mexanizmi bo'yicha boradi va uni boshlash uchun energiya — yorug'lik yoki qizdirish kerak. Qorong'ida va xona haroratida xlor molekulalari radikallarga parchalanmaydi, shuning uchun reaksiya amalda ketmaydi.",,
uglevod-0005,uglevodorodlar,Xlormetanning keyingi xlorlanishi (dixlormetan hosil bo'lishi),yuqori,litsey,record,CH3Cl(g) + Cl2(g),"yorug'lik; Gazlar aralashmasi UB lampa bilan yoritiladi.",CH3Cl + Cl2 → CH2Cl2 + HCl↑,,"Xlorning rangi yo'qoladi, idish devorlarida rangsiz uchuvchan suyuqlik tomchilari (dixlormetan) paydo bo'ladi, nam havoda HCl tumani ko'rinadi.",,HCl,ekzotermik,o'rtacha,,"Metanni xlorlash bir bosqichda to'xtamaydi: hosil bo'lgan xlormetan ham radikal o'rin olishga kirishib dixlormetan, so'ng trixlormetan va tetraxlormetan hosil qiladi. Mahsulotlar nisbatini metan va xlor nisbati boshqaradi — xlor ko'p bo'lsa ko'proq xlorlangan mahsulotlar hosil bo'ladi.",,
uglevod-0007,uglevodorodlar,Etanning yorug'likda bromlanishi,yuqori,10-sinf,record,C2H6(g) + Br2(l),"yorug'lik; Etan brom bug'lari bilan aralashtirilib yoritiladi.",C2H6 + Br2 → C2H5Br + HBr↑,,"Brom bug'larining qizg'ish-qo'ng'ir rangi asta-sekin yo'qoladi, nam havoda HBr tumani hosil bo'ladi.",,HBr,sezilarsiz,sekin,,"Brom xlorga nisbatan sustroq reagent bo'lgani uchun alkanlarni bromlash sekinroq boradi, lekin mexanizm bir xil — radikal zanjir. Brom rangining yo'qolishi alkanlar ham yorug'likda galogenlar bilan o'rin olish reaksiyasiga kirishishini ko'rsatadi.",,
uglevod-0008,uglevodorodlar,Propanning bromlanishi: radikallar barqarorligi va tanlovchanlik,yuqori,universitet,record,C3H8(g) + Br2(l),"yorug'lik; Propan va brom bug'lari aralashmasi yoritiladi.",C3H8 + Br2 → CH3CHBrCH3 + HBr↑,,"Brom bug'larining rangi asta-sekin yo'qoladi, HBr tumani hosil bo'ladi; mahsulot asosan 2-brompropandan iborat.",,HBr,sezilarsiz,sekin,,"Brom kam faol va shuning uchun tanlovchan reagent: u eng barqaror (ikkilamchi) radikal hosil bo'ladigan C–H bog'ini uzadi. Shu sababli propanni bromlaganda asosiy mahsulot 2-brompropan bo'ladi; xlorlashda esa tanlovchanlik ancha past va ikkala izomer sezilarli miqdorda hosil bo'ladi.",,
uglevod-0009,uglevodorodlar,Metanning bromli suvni rangsizlantirmasligi,yuqori,10-sinf,record,CH4(g) + bromli-suv(aq),Metan bromli suv orqali o'tkaziladi.,,,"Metan pufakchalari o'tadi, lekin bromli suvning sariq-qo'ng'ir rangi saqlanib qoladi.",,,sezilarsiz,bir-zumda,ha,To'yingan uglevodorodlarda qo'shbog' bo'lmagani uchun ular bromli suv va kaliy permanganat eritmasini rangsizlantirmaydi. Bu xossa alkanlarni to'yinmagan uglevodorodlardan farqlashda ishlatiladi.,,
uglevod-0010,uglevodorodlar,Geksanning kaliy permanganat eritmasini rangsizlantirmasligi,yuqori,10-sinf,record,C6H14(l) + KMnO4(aq) 0.02M,,,,"Ikki qatlam hosil bo'ladi: yuqorida rangsiz geksan, pastda binafsha rangli permanganat eritmasi. Chayqatilgandan keyin ham rang o'zgarmaydi.",,,sezilarsiz,bir-zumda,ha,"Alkanlar odatdagi sharoitda kuchli oksidlovchilar (KMnO₄, K₂Cr₂O₇) ta'siriga chidamli, shuning uchun ularni ""parafinlar"" (kam faol) deb atashgan. Permanganat rangining saqlanishi moddada qo'shbog' yoki uchbog' yo'qligini ko'rsatadi.",,
uglevod-0011,uglevodorodlar,Geksanning qorong'ida bromli suv bilan reaksiyaga kirishmasligi (brom ekstraksiyasi),yuqori,10-sinf,record,C6H14(l) + bromli-suv(aq),Probirka qorong'ida chayqatiladi.,,,"Chayqatilgandan so'ng suv qatlami deyarli rangsizlanadi, yuqoridagi geksan qatlami esa sariq-to'q sariq rangga bo'yaladi. Brom yo'qolmaydi — u geksan qatlamiga o'tadi.",,,sezilarsiz,bir-zumda,ha,"Bu tajribada kimyoviy reaksiya ketmaydi: bromli suvning rangsizlanishi alkenlardagidek birikish emas, balki bromning geksan qatlamiga ekstraksiyasidir. Agar organik qatlam ham rangsiz bo'lib qolsa — reaksiya ketgan bo'ladi; geksan bilan esa bu faqat yorug'lik ta'sirida sekin o'rin olish (HBr ajralishi) bilan sodir bo'ladi.",,
uglevod-0012,uglevodorodlar,Yodli suvdan yodni geksan bilan ekstraksiya qilish,yuqori,9-sinf,rules,yodli-suv(aq) + C6H14(l),,,,"Chayqatilgach suv qatlami deyarli rangsizlanadi, yuqoridagi geksan qatlami esa binafsha-pushti rangga kiradi.",,,sezilarsiz,tez,,"Ekstraksiya — moddani bir erituvchidan unda aralashmaydigan ikkinchi erituvchiga o'tkazish usuli. Yod qutbsiz geksanda yaxshi erigani uchun deyarli butunlay organik qatlamga o'tadi va o'ziga xos binafsha rang beradi; bu usul dengiz suvi va o'simliklardan yod ajratishda ham qo'llaniladi.",,
uglevod-0013,uglevodorodlar,Alyuminiy karbidning gidrolizi — metan olish,yuqori,10-sinf,record,Al4C3(s) + H2O(l),Reaksiyani tezlashtirish uchun suv ozgina iliqlashtiriladi.,Al4C3 + 12H2O → 4Al(OH)3↓ + 3CH4↑,,"Sariq kulrang karbid bo'laklari yuzasidan gaz pufakchalari ajraladi, oq iviqsimon cho'kma hosil bo'ladi.",Al(OH)3 #f2f4f4 iviqsimon,CH4,ekzotermik,sekin,,"Ion tuzilishli karbidlar suv bilan gidrolizlanib uglevodorod hosil qiladi: alyuminiy karbiddan metan, kalsiy karbiddan esa atsetilen olinadi. Qaysi uglevodorod hosil bo'lishi karbiddagi uglerod anionining tuzilishiga (C⁴⁻ yoki C₂²⁻) bog'liq.",,
uglevod-0015,uglevodorodlar,Metanning termik parchalanishi — qurum va vodorod olish,yuqori,10-sinf,record,CH4(g),"qizdirish; ≥1000°C; Metan havosiz, ~1000 °C dan yuqori qizdirilgan naycha orqali o'tkaziladi.",CH4 → C + 2H2↑,,"Naycha devorlarida qora qurum qatlami to'planadi; chiqayotgan gaz (vodorod) rangsiz alanga bilan yonadi.",,H2,endotermik,o'rtacha,,"Havosiz kuchli qizdirilganda metan uglerod va vodorodga parchalanadi; shu usulda qurum (bo'yoq va rezina uchun to'ldiruvchi) va vodorod olinadi. Taxminan 1500 °C da qisqa vaqt qizdirilsa, metandan atsetilen hosil bo'ladi: 2CH₄ → C₂H₂ + 3H₂.",,
uglevod-0016,uglevodorodlar,Etilenning kaliy permanganat eritmasi bilan oksidlanishi (Vagner reaksiyasi),yuqori,10-sinf,record,CH2=CH2(g) + KMnO4(aq) 0.02M,Etilen sovuq suyultirilgan KMnO₄ eritmasi orqali o'tkaziladi (neytral muhit).,3CH2=CH2 + 2KMnO4 + 4H2O → 3HOCH2CH2OH + 2MnO2↓ + 2KOH,3CH2=CH2 + 2MnO4⁻ + 4H2O → 3HOCH2CH2OH + 2MnO2↓ + 2OH⁻,Binafsha rangli eritma rangsizlanadi va qo'ng'ir MnO₂ loyqasi hosil bo'ladi.,MnO2 #2a2420 kolloid,,sezilarsiz,tez,,Sovuq suyultirilgan permanganat eritmasi alkenlarni ikki atomli spirtlar (glikollar) gacha oksidlaydi — bu Vagner reaksiyasi. Binafsha rangning yo'qolishi va qo'ng'ir cho'kma hosil bo'lishi qo'shbog' borligining ikkinchi sifat belgisi hisoblanadi.,,
uglevod-0017,uglevodorodlar,Etilenning nikel katalizatorida gidrogenlanishi,yuqori,10-sinf,record,CH2=CH2(g) + H2(g),"qizdirish; ≥150°C; katalizator: Ni; Etilen va vodorod aralashmasi qizdirilgan nikel katalizatori ustidan o'tkaziladi.",CH2=CH2 + H2 → CH3–CH3,,Tashqi ko'rinishda o'zgarish kam: gaz hajmi kamayadi (2 hajm → 1 hajm). Hosil bo'lgan gaz bromli suvni rangsizlantirmaydi.,,,ekzotermik,tez,,"Alkenlar metall katalizatorlar (Ni, Pt, Pd) ishtirokida vodorod biriktirib alkanlarga aylanadi. Bunda π-bog' uziladi va to'yinmagan birikma to'yingan birikmaga o'tadi; reaksiya hajm kamayishi bilan boradi.",,
uglevod-0018,uglevodorodlar,"Etilenga xlorning birikishi (""golland moyi"")",yuqori,10-sinf,record,CH2=CH2(g) + Cl2(g),Etilen va xlor teng hajmlarda silindrda aralashtiriladi.,CH2=CH2 + Cl2 → CH2Cl–CH2Cl,,"Xlorning sarg'ish-yashil rangi yo'qoladi, silindr devorlarida moysimon rangsiz tomchilar (1,2-dixloretan) paydo bo'ladi.",,,ekzotermik,tez,,"Alkenlarga galogenlar oson birikadi; etilen va xlordan 1,2-dixloretan hosil bo'ladi, uni tarixan ""golland moyi"" deb atashgan — ""olefin"" (moy hosil qiluvchi) nomi shundan kelib chiqqan. Reaksiya elektrofil birikish mexanizmi bo'yicha, yorug'liksiz ham boradi.",,
uglevod-0019,uglevodorodlar,Etilenning gidratlanishi — etanol olishning sanoat usuli,yuqori,10-sinf,record,CH2=CH2(g) + H2O(g),"qizdirish; ≥280°C; katalizator: H3PO4; Sanoatda etilen va suv bug'i aralashmasi ~280–300 °C da, bosim ostida, tashuvchiga shimdirilgan fosfat kislota ustidan o'tkaziladi.",CH2=CH2 + H2O → CH3–CH2–OH,,Reaktordan chiqqan bug'lar sovutilganda etanolning suvli eritmasi kondensatlanadi.,,,ekzotermik,o'rtacha,,"Kislota katalizatori ishtirokida alkenlarga suv birikadi va spirtlar hosil bo'ladi. Etilenning gidratlanishi etanol olishning asosiy sanoat usullaridan biri; reaksiya ekzotermik va hajm kamayishi bilan borgani uchun bosim ostida o'tkaziladi.",,
uglevod-0020,uglevodorodlar,Propenning bromli suvni rangsizlantirishi,yuqori,10-sinf,record,CH2=CHCH3(g) + bromli-suv(aq),Propen bromli suv orqali o'tkaziladi.,CH2=CHCH3 + Br2 → CH2Br–CHBr–CH3,,"Sariq-qo'ng'ir bromli suv tezda rangsizlanadi; probirka tubida og'ir moysimon tomchilar to'planishi mumkin.",,,sezilarsiz,tez,,"Propen ham etilen kabi to'yinmagan uglevodorod: brom qo'shbog' bo'yicha birikib rangsiz 1,2-dibrompropan hosil qiladi. Bromli suvning rangsizlanishi barcha alkenlar uchun umumiy sifat reaksiyasi.",,
uglevod-0022,uglevodorodlar,Propenning kaliy permanganat bilan oksidlanishi (propilenglikol hosil bo'lishi),yuqori,litsey,record,CH2=CHCH3(g) + KMnO4(aq) 0.02M,Propen sovuq suyultirilgan KMnO₄ eritmasi orqali o'tkaziladi.,3CH2=CHCH3 + 2KMnO4 + 4H2O → 3CH3CH(OH)CH2OH + 2MnO2↓ + 2KOH,3CH2=CHCH3 + 2MnO4⁻ + 4H2O → 3CH3CH(OH)CH2OH + 2MnO2↓ + 2OH⁻,"Binafsha eritma rangsizlanadi, qo'ng'ir MnO₂ loyqasi hosil bo'ladi.",MnO2 #2a2420 kolloid,,sezilarsiz,tez,,"Barcha alkenlar sovuq neytral permanganat bilan glikollarga oksidlanadi. Propendan propandiol-1,2 (propilenglikol) hosil bo'ladi; reaksiya alkenlarni aniqlash uchun ishlatiladi.",,
uglevod-0025,uglevodorodlar,Siklogeksenning bromli suvni rangsizlantirishi,yuqori,litsey,record,C6H10(l) + bromli-suv(aq),,C6H10 + Br2 → C6H10Br2,,"Chayqatilganda bromli suv tezda rangsizlanadi; organik qatlam ham rangsiz bo'lib qoladi.",,,sezilarsiz,tez,,"Siklogeksen halqasida bitta qo'shbog' bor, shuning uchun u alkenlar kabi bromni biriktiradi. Geksan yoki siklogeksandan farqli o'laroq, bu yerda brom organik qatlamga o'tmaydi, balki kimyoviy bog'lanadi — ikkala qatlam ham rangsiz bo'ladi.",,
uglevod-0026,uglevodorodlar,Siklogeksanning bromli suv bilan reaksiyaga kirishmasligi,yuqori,litsey,record,C6H12(l) + bromli-suv(aq),,,,"Chayqatilgach suv qatlami rangsizlanadi, lekin yuqoridagi siklogeksan qatlami sariq-to'q sariq rangga kiradi — brom saqlanib qoladi.",,,sezilarsiz,bir-zumda,ha,"Siklogeksan C₆H₁₂ siklogeksenga izomer emas, balki uning gidrogenlangan hosilasi: unda qo'shbog' yo'q, shuning uchun brom birikmaydi. Kichik halqali sikloalkanlardan farqli ravishda (siklopropan) olti a'zoli halqa kuchlanishsiz va bromni biriktirmaydi.",,
uglevod-0027,uglevodorodlar,Atsetilenning bromli suvni rangsizlantirishi,yuqori,10-sinf,record,CH≡CH(g) + bromli-suv(aq),Atsetilen bromli suv orqali o'tkaziladi.,CH≡CH + 2Br2 → CHBr2–CHBr2,,"Bromli suv rangsizlanadi; etilenga qaraganda sekinroq.",,,sezilarsiz,o'rtacha,,"Alkinlar molekulasida ikkita π-bog' bo'lgani uchun brom bosqichma-bosqich, ikki molekula miqdorida birikadi. Bromli suvning rangsizlanishi alkinlar uchun ham to'yinmaganlik belgisi.",,
uglevod-0029,uglevodorodlar,Atsetilenning kumush oksidning ammiakli eritmasi bilan reaksiyasi (kumush atsetilenid),yuqori,11-sinf,record,CH≡CH(g) + Tollens(aq),Atsetilen yangi tayyorlangan kumush oksidning ammiakli eritmasi orqali o'tkaziladi.,CH≡CH + 2[Ag(NH3)2]OH → AgC≡CAg↓ + 4NH3 + 2H2O,CH≡CH + 2[Ag(NH3)2]⁺ + 2OH⁻ → AgC≡CAg↓ + 4NH3 + 2H2O,Rangsiz eritmada sarg'ish-oq (kulrang tusli) cho'kma — kumush atsetilenid hosil bo'ladi.,AgC≡CAg #e8e0d0 kukunsimon,,sezilarsiz,tez,,"Uchbog' chetida joylashgan vodorod atomlari kuchsiz kislotali xossaga ega va metall atomlariga almashinishi mumkin. Kumush va mis(I) atsetilenidlarining hosil bo'lishi terminal alkinlarni (≡C–H guruhi bor) aniqlashning sifat reaksiyasi; buten-2-in kabi ichki alkinlar bu reaksiyani bermaydi.",,
uglevod-0030,uglevodorodlar,Kumush atsetilenidning xlorid kislota bilan parchalanishi,yuqori,11-sinf,record,AgC≡CAg(s) + HCl(aq) 2M,Nam kumush atsetilenid cho'kmasi ustiga darhol suyultirilgan xlorid kislota quyiladi.,AgC≡CAg + 2HCl → CH≡CH↑ + 2AgCl↓,AgC≡CAg + 2H⁺ + 2Cl⁻ → CH≡CH↑ + 2AgCl↓,Sarg'ish cho'kma oq suzmasimon AgCl ga aylanadi va mayda gaz pufakchalari (atsetilen) ajraladi.,AgCl #f8f8f4 suzmasimon,CH≡CH,sezilarsiz,tez,,"Kuchli kislotalar kuchsiz kislota — atsetilenni uning tuzlaridan siqib chiqaradi. Bu reaksiya kumush atsetilenidni xavfsiz yo'q qilish usuli bo'lib, terminal alkinlarni ajratib olish va tozalashda ham qo'llaniladi.",,
uglevod-0033,uglevodorodlar,Atsetilenning nikel katalizatorida to'liq gidrogenlanishi,yuqori,10-sinf,record,CH≡CH(g) + H2(g),"qizdirish; ≥150°C; katalizator: Ni; Atsetilen va ortiqcha vodorod qizdirilgan nikel ustidan o'tkaziladi.",CH≡CH + 2H2 → CH3–CH3,,"Gaz hajmi kamayadi (3 hajm → 1 hajm); hosil bo'lgan gaz bromli suvni rangsizlantirmaydi.",,,ekzotermik,tez,,"Alkinlar ikki bosqichda vodorod biriktiradi: avval alkenga, so'ng alkanga. Nikel yoki platinada reaksiya oxirigacha — alkangacha boradi; alkenda to'xtatish uchun faolligi pasaytirilgan (Lindlar) palladiy katalizatori ishlatiladi.",,
uglevod-0035,uglevodorodlar,Benzolning bromli suvni rangsizlantirmasligi,yuqori,10-sinf,record,C6H6(l) + bromli-suv(aq),,,,"Chayqatilgach suv qatlami rangsizlanadi, ammo yuqoridagi benzol qatlami sariq-to'q sariq rangga bo'yaladi — brom reaksiyaga kirishmagan.",,,sezilarsiz,bir-zumda,ha,"Benzol formulasi bo'yicha to'yinmagan bo'lsa ham, alkenlardan farqli ravishda bromli suvni rangsizlantirmaydi: yagona aromatik π-tizim juda barqaror. Benzol uchun birikish emas, balki katalizator ishtirokidagi elektrofil o'rin olish reaksiyalari xos.",,
uglevod-0036,uglevodorodlar,Benzolning kaliy permanganat eritmasini rangsizlantirmasligi,yuqori,10-sinf,record,C6H6(l) + KMnO4(aq) 0.02M,,,,"Ikki qatlam hosil bo'ladi; qizdirilsa ham binafsha rang saqlanib qoladi.",,,sezilarsiz,bir-zumda,ha,"Benzol halqasi oksidlovchilarga juda chidamli; shuning uchun benzol KMnO₄ eritmasini rangsizlantirmaydi. Benzol gomologlarida (toluol) esa oksidlanishga yon zanjir uchraydi, halqa saqlanib qoladi.",,
uglevod-0037,uglevodorodlar,Benzolning temir(III) bromid ishtirokida bromlanishi,yuqori,10-sinf,record,C6H6(l) + Br2(l),"katalizator: FeBr3; Katalizator — temir qirindisi (u brom bilan FeBr₃ hosil qiladi) yoki tayyor FeBr₃.",C6H6 + Br2 → C6H5Br + HBr↑,,"Brom rangi asta-sekin yo'qoladi, aralashma isiydi va HBr gazi ajralib, nam havoda oq tuman hosil qiladi; naycha uchiga tutilgan nam ko'k lakmus qizaradi.",,HBr,ekzotermik,o'rtacha,,"Benzol katalizator (FeBr₃, AlCl₃) ishtirokida galogenlar bilan o'rin olish reaksiyasiga kirishadi va aromatik halqa saqlanib qoladi. Katalizator galogen molekulasini qutblab kuchli elektrofil hosil qiladi; ajralgan HBr reaksiya birikish emas, o'rin olish ekanini isbotlaydi.",,
uglevod-0038,uglevodorodlar,Benzolning nitrolanishi — nitrobenzol olish,yuqori,10-sinf,record,C6H6(l) + HNO3(l),"qizdirish; ≥50°C; katalizator: H2SO4; Nitrolovchi aralashma (kons. HNO₃ + kons. H₂SO₄) ga benzol oz-ozdan qo'shiladi; harorat 50–60 °C da ushlab turiladi (yuqorida dinitrobenzol hosil bo'ladi).",C6H6 + HNO3 → C6H5NO2 + H2O,C6H6 + H⁺ + NO3⁻ → C6H5NO2 + H2O,"Aralashma isiydi; sovuq suvga quyilganda tubiga sarg'ish, achchiq bodom hidli og'ir moysimon suyuqlik — nitrobenzol cho'kadi.",,,ekzotermik,o'rtacha,,"Benzol konsentrlangan nitrat va sulfat kislotalar aralashmasi bilan nitrolanadi; sulfat kislota suvni bog'lab, faol elektrofil NO₂⁺ hosil bo'lishini ta'minlaydi. Nitrobenzol anilin olishda boshlang'ich modda sifatida ishlatiladi.",,
uglevod-0040,uglevodorodlar,Benzolning katalizator ishtirokida xlorlanishi — xlorbenzol,yuqori,10-sinf,record,C6H6(l) + Cl2(g),"katalizator: FeCl3; Xlor qorong'ida, FeCl₃ (yoki AlCl₃) katalizatori ishtirokida benzol orqali o'tkaziladi.",C6H6 + Cl2 → C6H5Cl + HCl↑,,"Xlor yutiladi, chiqayotgan gaz nam havoda tutaydi (HCl) va nam ko'k lakmusni qizartiradi.",,HCl,ekzotermik,o'rtacha,,"Lyuis kislotalari (FeCl₃, AlCl₃) ishtirokida benzol xlor bilan o'rin olish reaksiyasiga kirishib xlorbenzol hosil qiladi. Bir xil reagentlar sharoitga qarab turli mahsulot beradi: katalizator bilan — o'rin olish (S_EAr), yorug'likda katalizatorsiz — birikish (Ad_R).",,
uglevod-0042,uglevodorodlar,Benzolning yonishi,yuqori,10-sinf,record,C6H6(l) + O2(g),"yondirish; Chinni kosachadagi bir necha tomchi benzol mo'rili shkafda yondiriladi.",2C6H6 + 15O2 → 12CO2↑ + 6H2O,,"Benzol sarg'ish, juda ko'p qora tutun chiqaradigan alanga bilan yonadi; kosacha ustida tutilgan sovuq jism qurum bilan qoplanadi.",,CO2,kuchli-ekzotermik,bir-zumda,,Arenlarda uglerodning massa ulushi katta bo'lgani uchun ular havoda to'liq yonmaydi va qurum ajratadi. Tutaydigan alanga aromatik va ko'p to'yinmagan birikmalarni alkanlardan farqlash belgisi bo'la oladi.,,
uglevod-0046,uglevodorodlar,Toluolning kaliy permanganat bilan qizdirilganda oksidlanishi,yuqori,10-sinf,record,C6H5CH3(l) + KMnO4(aq) 0.05M,"qizdirish; ≥90°C; Aralashma qaynoq suv hammomida (yoki qaytar sovutgich bilan) qizdiriladi; muhit neytral.",C6H5CH3 + 2KMnO4 → C6H5COOK + 2MnO2↓ + KOH + H2O,C6H5CH3 + 2MnO4⁻ → C6H5COO⁻ + 2MnO2↓ + OH⁻ + H2O,"Qizdirilganda binafsha rang asta-sekin yo'qoladi va qo'ng'ir MnO₂ cho'kmasi hosil bo'ladi. Filtratga xlorid kislota qo'shilsa, oq benzoy kislota kristallari cho'kadi.",MnO2 #2a2420 kolloid,,ekzotermik,sekin,,"Benzol halqasi oksidlanmaydi, lekin uning gomologlarida halqaga bog'langan alkil guruhi oksidlanib karboksil guruhga aylanadi. Shu sababli toluol permanganat eritmasini rangsizlantiradi, benzol esa yo'q — bu ularni farqlash usuli.",,
uglevod-0048,uglevodorodlar,Toluolning yorug'likda yon zanjir bo'yicha xlorlanishi,yuqori,litsey,record,C6H5CH3(l) + Cl2(g),"yorug'lik; Xlor qaynab turgan toluol orqali UB nuri ostida, katalizatorsiz o'tkaziladi.",C6H5CH3 + Cl2 → C6H5CH2Cl + HCl↑,,"Xlor rangi yo'qoladi, HCl ajralib nam havoda tutaydi; ko'zni achishtiradigan benzilxlorid hosil bo'ladi.",,HCl,ekzotermik,o'rtacha,,"Sharoit reaksiya yo'nalishini belgilaydi: yorug'likda va qizdirilganda toluol yon zanjir bo'yicha radikal xlorlanadi, katalizator (FeCl₃) ishtirokida va qorong'ida esa halqaga o'rin olish ketadi. Benzil radikalining barqarorligi yon zanjirdagi vodorodlarning faolligini tushuntiradi.",,
uglevod-0049,uglevodorodlar,Toluolning temir(III) bromid ishtirokida bromlanishi (orto- va para-yo'nalish),yuqori,litsey,record,C6H5CH3(l) + Br2(l),"katalizator: FeBr3; Reaksiya qorong'ida temir qirindisi (FeBr₃) ishtirokida o'tkaziladi.",C6H5CH3 + Br2 → C6H4BrCH3 + HBr↑,,"Brom rangi benzolga qaraganda tezroq yo'qoladi, HBr ajralib nam havoda tutaydi.",,HBr,ekzotermik,tez,,"Benzol halqasidagi o'rinbosarlar keyingi o'rin olishning tezligi va yo'nalishiga ta'sir qiladi. Metil guruh birinchi tur (orto-, para-) yo'naltiruvchi va halqani faollashtiruvchi; shuning uchun toluol benzolga nisbatan osonroq bromlanadi va asosan o- hamda p-bromtoluol hosil bo'ladi.",,
uglevod-0050,uglevodorodlar,Stirolning bromli suvni rangsizlantirishi,yuqori,10-sinf,record,C6H5CH=CH2(l) + bromli-suv(aq),,C6H5CH=CH2 + Br2 → C6H5CHBrCH2Br,,Chayqatilganda bromli suv tez rangsizlanadi (benzoldan farqli o'laroq).,,,sezilarsiz,tez,,"Stirol molekulasida aromatik halqa va yon zanjirda alken tipidagi qo'shbog' bor. Brom halqaga emas, qo'shbog'ga birikadi, shuning uchun stirol alkenlar kabi bromli suvni rangsizlantiradi; bu qo'shbog' stirolning polimerlanishida ham ishtirok etadi.",,
yonish-0001,yonish-birikish,Oltingugurtning havoda va kislorodda yonishi,yuqori,8-sinf,record,S(s) + O2(g),"yondirish; Oltingugurt yondirish qoshiqchasida spirt lampasida yondiriladi va kislorodli silindrga tushiriladi. Kislorod to'ldirilgan silindr tubiga oldindan ozroq qum yoki suv solinadi.",S + O2 = SO2↑,,"Oltingugurt suyuqlanib, havoda xira ko'k alanga bilan yonadi; kislorodda alanga yorqin ko'k-binafsha rangga kiradi; o'tkir bo'g'uvchi hidli gaz hosil bo'ladi.",,SO2,ekzotermik,tez,,"Moddalar kislorodda havodagiga qaraganda shiddatliroq yonadi, chunki havoda kislorod atigi beshdan bir qismni tashkil etadi. Hosil bo'lgan SO₂ kislotali oksid: suvda eriganda sulfit kislota hosil qiladi va lakmusni qizartiradi.",,
yonish-0002,yonish-birikish,Qizil fosforning kislorodda yonishi,yuqori,8-sinf,record,P(s) + O2(g),"yondirish; Fosfor yondirish qoshiqchasida yondirilib kislorodli silindrga tushiriladi. Kislorod to'ldirilgan silindr tubiga oldindan ozroq qum yoki suv solinadi.",4P + 5O2 = 2P2O5,,"Fosfor ko'zni qamashtiruvchi yorqin alanga bilan yonadi, silindr quyuq oq tutunga (P₂O₅) to'ladi, tutun asta-sekin devorlarga o'tiradi.",,,kuchli-ekzotermik,tez,,"Fosfor kislorodda eng yorqin yonadigan oddiy moddalardan biri. Hosil bo'lgan P₂O₅ kislotali oksid bo'lib, suv bilan fosfat kislota hosil qiladi; u havodan namlikni kuchli yutgani uchun quritgich sifatida ishlatiladi.",,
yonish-0003,yonish-birikish,Magniyning havoda yonishi,yuqori,8-sinf,record,Mg(s) lenta + O2(g),"yondirish; Magniy lentasi tigel qisqichida ushlab spirt lampasi alangasida yondiriladi.",2Mg + O2 = 2MgO,,"Magniy ko'zni qamashtiruvchi oq nur sochib yonadi, oq tutun chiqadi va oq kukun (MgO) qoladi.",,,kuchli-ekzotermik,tez,,"Magniy kislorodga moyilligi juda yuqori faol metall bo'lib, yonganda katta miqdorda issiqlik va yorug'lik ajratadi. Shu xossasi uchun u mushaklar, signal raketalari va eski fotochaqmoqlarda ishlatilgan.",,
yonish-0004,yonish-birikish,Kalsiyning havoda yonishi,yuqori,9-sinf,record,Ca(s) qirindi + O2(g),"yondirish; Kalsiy qirindisi yondirish qoshiqchasida gorelka alangasida qizdiriladi.",2Ca + O2 = 2CaO,,"Kalsiy yorqin g'isht-qizil alanga bilan yonadi, oq kukun (CaO) qoladi.",,,kuchli-ekzotermik,tez,,"Kalsiy faol metall bo'lib, qizdirilganda havoda yonib, kalsiy oksid hosil qiladi. Alanganing g'isht-qizil rangi kalsiy ionlariga xos belgi va undan sifat tahlilida foydalaniladi.",,
yonish-0005,yonish-birikish,Alyuminiy kukunining alangada yonishi,yuqori,9-sinf,record,Al(s) kukun + O2(g),"yondirish; Juda mayda alyuminiy kukuni qog'oz varag'idan gorelka alangasi ustiga sepiladi.",4Al + 3O2 = 2Al2O3,,Alangaga sepilgan alyuminiy kukuni ko'plab yorqin oq uchqunlar sochib yonadi.,,,kuchli-ekzotermik,tez,,"Yaxlit alyuminiy havoda yupqa oksid pardasi bilan himoyalangani uchun yonmaydi, juda mayda kukun esa katta sirt tufayli alangada oson yonadi. Bu tajriba moddaning maydalanish darajasi reaksiya tezligiga ta'sirini ham ko'rsatadi.",,
yonish-0006,yonish-birikish,Rux kukunining yonishi,yuqori,9-sinf,record,Zn(s) kukun + O2(g),"yondirish; Rux kukuni yondirish qoshiqchasida gorelka alangasida kuchli qizdiriladi.",2Zn + O2 = 2ZnO,,"Rux ko'kimtir-yashil alanga bilan yonadi, havoda oq momiq parchalar (ZnO) uchib yuradi; ular issiq holatda sarg'ish bo'ladi.",,,ekzotermik,tez,,"Rux nisbatan past haroratda qaynaydi, shuning uchun kuchli qizdirilganda uning bug'i kislorodda yonib, mayda oq ZnO zarrachalarini hosil qiladi. Qadimgi kimyogarlar bu momiq mahsulotni ""faylasuf paxtasi"" deb atashgan.",,
yonish-0007,yonish-birikish,Misning havoda qizdirilganda oksidlanishi,yuqori,8-sinf,record,Cu(s) plastinka + O2(g),"qizdirish; ≥300°C; Mis plastinka tigel qisqichida spirt lampasi alangasida qizdiriladi.",2Cu + O2 = 2CuO,,"Qizg'ish yaltiroq mis plastinka qizdirilganda xiralashadi va qora qatlam (CuO) bilan qoplanadi; alanga hosil bo'lmaydi.",,,sezilarsiz,o'rtacha,,"Mis kam faol metall, u havoda yonmaydi, lekin qizdirilganda sirti oksidlanib qora CuO qatlami bilan qoplanadi. Bu qatlamni vodorod yoki suyultirilgan kislota bilan yo'qotish mumkin.",,
yonish-0008,yonish-birikish,Natriyning havoda yonishi (natriy peroksid hosil bo'lishi),yuqori,9-sinf,record,Na(s) bo'lak + O2(g),"qizdirish; ≥100°C; yondirish; Kerosindan olingan va filtr qog'ozda quritilgan no'xatdek natriy yondirish qoshiqchasida qizdiriladi.",2Na + O2 = Na2O2,,"Natriy suyuqlanib yorqin sariq alanga bilan yonadi, oq tutun chiqadi va och sariq qoldiq (Na₂O₂) qoladi.",,,kuchli-ekzotermik,tez,,"Ishqoriy metallar yonganda turli kislorodli birikmalar hosil qiladi: litiy — oksid, natriy — peroksid, kaliy — superoksid. Natriy peroksid suv bilan reaksiyaga kirishib kislorod ajratadi va suv osti kemalarida havoni tiklashda ishlatilgan.",,
yonish-0013,yonish-birikish,Natriyning xlorda yonishi,yuqori,9-sinf,record,Na(s) bo'lak + Cl2(g),"yondirish; Yondirish qoshiqchasida suyuqlangan natriy xlorli silindrga tushiriladi. Xlor to'ldirilgan silindr mo'rili shkafda turadi, tubida ozroq qum bo'ladi.",2Na + Cl2 = 2NaCl,,"Natriy xlorda yorqin sariq alanga bilan yonadi, silindr oq tutunga (NaCl kristallari) to'ladi; sarg'ish-yashil xlor rangi yo'qoladi.",,,kuchli-ekzotermik,tez,,"Ikki xavfli oddiy modda — faol metall natriy va zaharli gaz xlor — birikib, xavfsiz osh tuzini hosil qiladi. Bu ion bog'lanishli birikma hosil bo'lishining yorqin namunasi.",,
yonish-0014,yonish-birikish,Temirning xlorda yonishi,yuqori,9-sinf,record,Fe(s) sim + Cl2(g),"yondirish; Qizdirilgan temir sim yoki temir ""momig'i"" xlorli silindrga tushiriladi. Xlor to'ldirilgan silindr mo'rili shkafda turadi, tubida ozroq qum bo'ladi.",2Fe + 3Cl2 = 2FeCl3,,"Qizdirilgan temir xlorda cho'g'lanib, uchqun sochadi; silindr qizil-qo'ng'ir tutunga (FeCl₃) to'ladi. Silindrga suv quyilsa, sariq-qo'ng'ir eritma hosil bo'ladi.",,,kuchli-ekzotermik,tez,,Xlor temirni HCl dan farqli ravishda temir(III) xloridgacha oksidlaydi: kuchli oksidlovchi metallni yuqori oksidlanish darajasiga o'tkazadi. Temir + xlorid kislota reaksiyasida esa FeCl₂ hosil bo'ladi.,,
yonish-0016,yonish-birikish,Vodorodning xlorda yonishi,yuqori,9-sinf,record,H2(g) + Cl2(g),"yondirish; Toza (tekshirilgan) vodorod oqimi havoda yondirilib, xlorli silindrga kiritiladi. Vodorod va xlor aralashmasi yorug'likda portlaydi — aralashma oldindan tayyorlanmaydi.",H2 + Cl2 = 2HCl↑,,"Vodorod xlorda xira oq-yashilsimon alanga bilan tinch yonadi; silindr og'zida nam havoda oq tuman (xlorid kislota tomchilari) hosil bo'ladi, xlorning sarg'ish-yashil rangi yo'qoladi.",,HCl,ekzotermik,tez,,"Vodorod xlorda yonib vodorod xlorid hosil qiladi; sanoatda xlorid kislota shu usulda olinadi. Vodorod va xlor aralashmasi esa yorug'lik ta'sirida zanjirli reaksiya tufayli portlaydi, shuning uchun gazlar faqat yonish joyida uchrashadi.",,
yonish-0017,yonish-birikish,Alyuminiyning yod bilan reaksiyasi (suv — katalizator),yuqori,9-sinf,record,Al(s) kukun + I2(s),"katalizator: H2O; Alyuminiy kukuni va maydalangan yod aralashmasiga bir tomchi suv tomiziladi.",2Al + 3I2 = 2AlI3,,"Suv tomizilgach, biroz vaqt o'tib aralashmadan binafsha yod bug'lari ko'tariladi, so'ng aralashma alangalanib yonadi.",,,kuchli-ekzotermik,o'rtacha,,"Suv bu reaksiyada katalizator: u sarflanmaydi, lekin reaksiyani boshlab beradi. Reaksiya kuchli ekzotermik bo'lgani uchun ajralgan issiqlik ortiqcha yodni bug'latadi.",,
yonish-0018,yonish-birikish,Ruxning yod bilan reaksiyasi (suv — katalizator),yuqori,9-sinf,record,Zn(s) kukun + I2(s),"katalizator: H2O; Rux kukuni va maydalangan yod aralashmasiga bir necha tomchi suv tomiziladi.",Zn + I2 = ZnI2,,"Suv tomizilgach aralashma qiziydi, binafsha yod bug'lari ko'tariladi; qo'ng'ir-qora aralashma asta-sekin oqarib, rangsiz ZnI₂ eritmasi/kristallari qoladi.",,,ekzotermik,o'rtacha,,"Rux ham suv katalizatorligida yod bilan birikadi, lekin alyuminiyga qaraganda tinchroq. Bu tajriba katalizator reaksiyani boshlab berishini va tezlashtirishini ko'rsatadi.",,
yonish-0020,yonish-birikish,Temir va oltingugurt aralashmasini qizdirish (temir(II) sulfid hosil bo'lishi),yuqori,8-sinf,record,Fe(s) kukun + S(s),"qizdirish; ≥250°C; Temir kukuni va oltingugurt 7:4 massa nisbatida aralashtirilib, probirkada qizdiriladi.",Fe + S = FeS,,"Aralashma bir joyidan qizil cho'g'lana boshlaydi, cho'g'lanish alanga olib qo'yilgandan keyin ham butun massa bo'ylab tarqaladi; qora qattiq massa (FeS) qoladi, u magnitga tortilmaydi.",,,ekzotermik,tez,,"Aralashmada temir va oltingugurt o'z xossalarini saqlaydi (temir magnitga tortiladi), kimyoviy birikma FeS esa yangi xossalarga ega. Reaksiya ekzotermik bo'lgani uchun bir marta boshlansa, tashqi qizdirishsiz davom etadi.",,
yonish-0021,yonish-birikish,Rux va oltingugurt aralashmasining yonishi,yuqori,9-sinf,record,Zn(s) kukun + S(s),"yondirish; Faqat 1 g dan kam aralashma o'tga chidamli taglikda qizdirilgan shisha tayoqcha bilan yondiriladi.",Zn + S = ZnS,,"Aralashma chaqnab, ko'kimtir-yashil alanga va oq-sarg'ish tutun chiqarib yonadi; oq-sarg'ish qoldiq (ZnS) qoladi.",,,kuchli-ekzotermik,tez,,Rux va oltingugurtning birikishi temir bilan bo'lgan reaksiyadan ancha shiddatliroq — ko'p issiqlik juda qisqa vaqtda ajraladi. Hosil bo'lgan ZnS lyuminoforlar tayyorlashda ishlatiladi.,,
yonish-0022,yonish-birikish,Misning oltingugurt bug'ida yonishi,yuqori,9-sinf,record,Cu(s) sim + S(s),"qizdirish; ≥450°C; Probirkadagi oltingugurt qaynaguncha qizdiriladi, uning bug'iga qizdirilgan mis sim tushiriladi.",2Cu + S = Cu2S,,Oltingugurt bug'iga tushirilgan qizdirilgan mis sim cho'g'lanib ketadi va qora mo'rt modda (Cu₂S) bilan qoplanadi.,,,ekzotermik,tez,,"Oltingugurt oksidlovchi sifatida metallar bilan sulfidlar hosil qiladi; mis bilan yuqori haroratda mis(I) sulfid Cu₂S hosil bo'ladi. Simning cho'g'lanishi reaksiyaning ekzotermik ekanini ko'rsatadi.",,
yonish-0025,yonish-birikish,Uglerod(II) oksidning yonishi,yuqori,9-sinf,record,CO(g) + O2(g),"yondirish; CO oqimi gaz chiqish naychasi uchida havoda yondiriladi.",2CO + O2 = 2CO2,,"Rangsiz gaz chiroyli ko'k alanga bilan yonadi; yonish mahsuloti ohakli suvni loyqalatadi.",,,ekzotermik,tez,,Is gazi yonuvchan: kislorodda ko'k alanga bilan yonib CO₂ ga aylanadi. O'choq va pechlardagi cho'g' ustidagi ko'k alanga ham CO ning yonishidir.,,
yonish-0029,yonish-birikish,Kaliyning xlorda yonishi,yuqori,9-sinf,record,K(s) bo'lak + Cl2(g),"yondirish; Juda kichik, quritilgan kaliy bo'lagi yondirish qoshiqchasida ehtiyotkorlik bilan qizdirilib xlorli silindrga tushiriladi. Xlor to'ldirilgan silindr mo'rili shkafda turadi, tubida ozroq qum bo'ladi.",2K + Cl2 = 2KCl,,"Kaliy xlorda binafsha alanga bilan natriydan ham shiddatliroq yonadi, silindr oq tutunga (KCl) to'ladi.",,,kuchli-ekzotermik,tez,,"Kaliy natriydan faolroq, chunki uning tashqi elektroni yadrodan uzoqroq va osonroq ajraladi; shuning uchun xlor bilan yanada shiddatli reaksiyaga kirishadi. Mahsulot — ion bog'li kaliy xlorid.",,
yonish-0034,yonish-birikish,Magniyning xlorda yonishi,yuqori,9-sinf,record,Mg(s) lenta + Cl2(g),"yondirish; Havoda yondirilgan magniy lentasi xlorli silindrga tushiriladi. Xlor to'ldirilgan silindr mo'rili shkafda turadi, tubida ozroq qum bo'ladi.",Mg + Cl2 = MgCl2,,"Magniy xlorda yorqin oq alanga bilan yonishda davom etadi, silindr oq tutunga (MgCl₂) to'ladi, xlorning sarg'ish-yashil rangi yo'qoladi.",,,kuchli-ekzotermik,tez,,"Magniy nafaqat kislorodda, balki xlorda ham yonadi: yonish — bu faqat kislorod bilan emas, har qanday kuchli oksidlovchi bilan boradigan, issiqlik va yorug'lik chiqaradigan jarayon. Mahsulot ion bog'li magniy xlorid.",,
yonish-0041,yonish-birikish,Kumushning vodorod sulfid va havo ta'sirida qorayishi,yuqori,9-sinf,record,Ag(s) plastinka + H2S(g) + O2(g),Yaltiroq kumush plastinka vodorod sulfid saqlovchi havoli idishga qo'yiladi (xona haroratida).,4Ag + 2H2S + O2 = 2Ag2S + 2H2O,,"Yaltiroq kumush plastinka sirti asta-sekin sarg'ayib, so'ng qo'ng'ir-qora rangga kiradi.",,,sezilarsiz,sekin,,"Kumush kislorod va suyultirilgan kislotalar bilan reaksiyaga kirishmaydi, lekin havodagi vodorod sulfid va kislorod birgalikda uning sirtini qoraytiradi. Kumush taqinchoqlar va idishlarning qorayishi shu reaksiya bilan tushuntiriladi.",,
